ISO-10303-21;
HEADER;
/* Generated by software containing ST-Developer
 * from STEP Tools, Inc. (www.steptools.com) 
 */
/* OPTION: using custom renumber hook */

FILE_DESCRIPTION(
/* description */ ('STEP AP242 Edition 2',
'CAx-IF Rec.Pracs.---Representation and Presentation of Product Manufa
cturing Information (PMI)---4.0---2014-10-13',
'CAx-IF Rec.Pracs.---3D Tessellated Geometry---0.4---2014-09-14','2;1',
'CAx-IF Rec.Pracs.---User Defined Attributes---1.5---2016-08-15'),
/* implementation_level */ '2;1');

FILE_NAME(
/* name */ 'Base',
/* time_stamp */ '2026-09-01T05:44:28Z',
/* author */ (''),
/* organization */ (''),
/* preprocessor_version */ 'ST-DEVELOPER v20',
/* originating_system */ 'ONSHAPE BY PTC INC, 1.220',
/* authorisation */ '  ');

FILE_SCHEMA (('AP242_MANAGED_MODEL_BASED_3D_ENGINEERING_MIM_LF { 1 0 10303 442 3 1 4 }'));
ENDSEC;

DATA;
#10=SHAPE_REPRESENTATION_RELATIONSHIP('','',#1898,#11);
#11=ADVANCED_BREP_SHAPE_REPRESENTATION('',(#1896),#3068);
#12=CIRCLE('',#1902,0.00165);
#13=CIRCLE('',#1903,0.00165);
#14=CIRCLE('',#1905,0.00165);
#15=CIRCLE('',#1906,0.00165);
#16=CIRCLE('',#1908,0.00165);
#17=CIRCLE('',#1909,0.00165);
#18=CIRCLE('',#1911,0.00165);
#19=CIRCLE('',#1912,0.00165);
#20=CIRCLE('',#1914,0.002175);
#21=CIRCLE('',#1915,0.002175);
#22=CIRCLE('',#1917,0.002175);
#23=CIRCLE('',#1918,0.002175);
#24=CIRCLE('',#1920,0.002175);
#25=CIRCLE('',#1921,0.002175);
#26=CIRCLE('',#1923,0.002175);
#27=CIRCLE('',#1924,0.002175);
#28=CIRCLE('',#1926,0.002175);
#29=CIRCLE('',#1927,0.002175);
#30=CIRCLE('',#1929,0.002175);
#31=CIRCLE('',#1930,0.002175);
#32=CIRCLE('',#1932,0.002175);
#33=CIRCLE('',#1933,0.002175);
#34=CIRCLE('',#1935,0.002175);
#35=CIRCLE('',#1936,0.002175);
#36=CIRCLE('',#1939,0.00165);
#37=CIRCLE('',#1940,0.00165);
#38=CIRCLE('',#1941,0.00165);
#39=CIRCLE('',#1942,0.00165);
#40=CIRCLE('',#1943,0.00165);
#41=CIRCLE('',#1944,0.00165);
#42=CIRCLE('',#1946,0.003);
#43=CIRCLE('',#1947,0.003);
#44=CIRCLE('',#1948,0.003);
#45=CIRCLE('',#1949,0.003);
#46=CIRCLE('',#1950,0.00165);
#47=CIRCLE('',#1951,0.00165);
#48=CIRCLE('',#1952,0.00165);
#49=CIRCLE('',#1953,0.00165);
#50=CIRCLE('',#1954,0.00165);
#51=CIRCLE('',#1955,0.00165);
#52=CIRCLE('',#2031,0.003);
#53=CIRCLE('',#2034,0.003);
#54=CIRCLE('',#2037,0.003);
#55=CIRCLE('',#2040,0.003);
#56=CYLINDRICAL_SURFACE('',#1901,0.00165);
#57=CYLINDRICAL_SURFACE('',#1904,0.00165);
#58=CYLINDRICAL_SURFACE('',#1907,0.00165);
#59=CYLINDRICAL_SURFACE('',#1910,0.00165);
#60=CYLINDRICAL_SURFACE('',#1913,0.002175);
#61=CYLINDRICAL_SURFACE('',#1916,0.002175);
#62=CYLINDRICAL_SURFACE('',#1919,0.002175);
#63=CYLINDRICAL_SURFACE('',#1922,0.002175);
#64=CYLINDRICAL_SURFACE('',#1925,0.002175);
#65=CYLINDRICAL_SURFACE('',#1928,0.002175);
#66=CYLINDRICAL_SURFACE('',#1931,0.002175);
#67=CYLINDRICAL_SURFACE('',#1934,0.002175);
#68=CYLINDRICAL_SURFACE('',#2016,0.00165);
#69=CYLINDRICAL_SURFACE('',#2017,0.00165);
#70=CYLINDRICAL_SURFACE('',#2018,0.00165);
#71=CYLINDRICAL_SURFACE('',#2019,0.00165);
#72=CYLINDRICAL_SURFACE('',#2020,0.00165);
#73=CYLINDRICAL_SURFACE('',#2021,0.00165);
#74=CYLINDRICAL_SURFACE('',#2030,0.003);
#75=CYLINDRICAL_SURFACE('',#2033,0.003);
#76=CYLINDRICAL_SURFACE('',#2036,0.003);
#77=CYLINDRICAL_SURFACE('',#2039,0.003);
#78=ORIENTED_EDGE('',*,*,#556,.F.);
#79=ORIENTED_EDGE('',*,*,#557,.T.);
#80=ORIENTED_EDGE('',*,*,#558,.T.);
#81=ORIENTED_EDGE('',*,*,#559,.T.);
#82=ORIENTED_EDGE('',*,*,#560,.T.);
#83=ORIENTED_EDGE('',*,*,#561,.T.);
#84=ORIENTED_EDGE('',*,*,#562,.T.);
#85=ORIENTED_EDGE('',*,*,#563,.F.);
#86=ORIENTED_EDGE('',*,*,#564,.T.);
#87=ORIENTED_EDGE('',*,*,#565,.F.);
#88=ORIENTED_EDGE('',*,*,#566,.T.);
#89=ORIENTED_EDGE('',*,*,#567,.F.);
#90=ORIENTED_EDGE('',*,*,#568,.T.);
#91=ORIENTED_EDGE('',*,*,#569,.F.);
#92=ORIENTED_EDGE('',*,*,#570,.T.);
#93=ORIENTED_EDGE('',*,*,#571,.F.);
#94=ORIENTED_EDGE('',*,*,#572,.T.);
#95=ORIENTED_EDGE('',*,*,#573,.F.);
#96=ORIENTED_EDGE('',*,*,#574,.T.);
#97=ORIENTED_EDGE('',*,*,#575,.F.);
#98=ORIENTED_EDGE('',*,*,#576,.T.);
#99=ORIENTED_EDGE('',*,*,#577,.F.);
#100=ORIENTED_EDGE('',*,*,#578,.T.);
#101=ORIENTED_EDGE('',*,*,#579,.F.);
#102=ORIENTED_EDGE('',*,*,#580,.T.);
#103=ORIENTED_EDGE('',*,*,#581,.F.);
#104=ORIENTED_EDGE('',*,*,#582,.T.);
#105=ORIENTED_EDGE('',*,*,#583,.F.);
#106=ORIENTED_EDGE('',*,*,#584,.T.);
#107=ORIENTED_EDGE('',*,*,#585,.F.);
#108=ORIENTED_EDGE('',*,*,#586,.F.);
#109=ORIENTED_EDGE('',*,*,#587,.F.);
#110=ORIENTED_EDGE('',*,*,#588,.T.);
#111=ORIENTED_EDGE('',*,*,#589,.T.);
#112=ORIENTED_EDGE('',*,*,#590,.T.);
#113=ORIENTED_EDGE('',*,*,#591,.T.);
#114=ORIENTED_EDGE('',*,*,#592,.F.);
#115=ORIENTED_EDGE('',*,*,#593,.F.);
#116=ORIENTED_EDGE('',*,*,#594,.F.);
#117=ORIENTED_EDGE('',*,*,#595,.F.);
#118=ORIENTED_EDGE('',*,*,#596,.F.);
#119=ORIENTED_EDGE('',*,*,#597,.F.);
#120=ORIENTED_EDGE('',*,*,#598,.F.);
#121=ORIENTED_EDGE('',*,*,#599,.F.);
#122=ORIENTED_EDGE('',*,*,#576,.F.);
#123=ORIENTED_EDGE('',*,*,#574,.F.);
#124=ORIENTED_EDGE('',*,*,#570,.F.);
#125=ORIENTED_EDGE('',*,*,#572,.F.);
#126=ORIENTED_EDGE('',*,*,#582,.F.);
#127=ORIENTED_EDGE('',*,*,#584,.F.);
#128=ORIENTED_EDGE('',*,*,#578,.F.);
#129=ORIENTED_EDGE('',*,*,#580,.F.);
#130=ORIENTED_EDGE('',*,*,#600,.F.);
#131=ORIENTED_EDGE('',*,*,#601,.T.);
#132=ORIENTED_EDGE('',*,*,#602,.T.);
#133=ORIENTED_EDGE('',*,*,#603,.F.);
#134=ORIENTED_EDGE('',*,*,#604,.F.);
#135=ORIENTED_EDGE('',*,*,#605,.F.);
#136=ORIENTED_EDGE('',*,*,#606,.T.);
#137=ORIENTED_EDGE('',*,*,#607,.F.);
#138=ORIENTED_EDGE('',*,*,#568,.F.);
#139=ORIENTED_EDGE('',*,*,#566,.F.);
#140=ORIENTED_EDGE('',*,*,#564,.F.);
#141=ORIENTED_EDGE('',*,*,#562,.F.);
#142=ORIENTED_EDGE('',*,*,#608,.F.);
#143=ORIENTED_EDGE('',*,*,#609,.F.);
#144=ORIENTED_EDGE('',*,*,#610,.T.);
#145=ORIENTED_EDGE('',*,*,#611,.F.);
#146=ORIENTED_EDGE('',*,*,#612,.T.);
#147=ORIENTED_EDGE('',*,*,#613,.F.);
#148=ORIENTED_EDGE('',*,*,#614,.T.);
#149=ORIENTED_EDGE('',*,*,#615,.T.);
#150=ORIENTED_EDGE('',*,*,#616,.T.);
#151=ORIENTED_EDGE('',*,*,#617,.F.);
#152=ORIENTED_EDGE('',*,*,#618,.T.);
#153=ORIENTED_EDGE('',*,*,#619,.T.);
#154=ORIENTED_EDGE('',*,*,#620,.F.);
#155=ORIENTED_EDGE('',*,*,#621,.T.);
#156=ORIENTED_EDGE('',*,*,#622,.F.);
#157=ORIENTED_EDGE('',*,*,#623,.F.);
#158=ORIENTED_EDGE('',*,*,#624,.F.);
#159=ORIENTED_EDGE('',*,*,#625,.T.);
#160=ORIENTED_EDGE('',*,*,#589,.F.);
#161=ORIENTED_EDGE('',*,*,#626,.F.);
#162=ORIENTED_EDGE('',*,*,#627,.F.);
#163=ORIENTED_EDGE('',*,*,#628,.T.);
#164=ORIENTED_EDGE('',*,*,#629,.T.);
#165=ORIENTED_EDGE('',*,*,#630,.F.);
#166=ORIENTED_EDGE('',*,*,#631,.T.);
#167=ORIENTED_EDGE('',*,*,#632,.T.);
#168=ORIENTED_EDGE('',*,*,#633,.T.);
#169=ORIENTED_EDGE('',*,*,#634,.F.);
#170=ORIENTED_EDGE('',*,*,#635,.T.);
#171=ORIENTED_EDGE('',*,*,#636,.T.);
#172=ORIENTED_EDGE('',*,*,#637,.F.);
#173=ORIENTED_EDGE('',*,*,#638,.F.);
#174=ORIENTED_EDGE('',*,*,#639,.F.);
#175=ORIENTED_EDGE('',*,*,#640,.T.);
#176=ORIENTED_EDGE('',*,*,#641,.T.);
#177=ORIENTED_EDGE('',*,*,#642,.T.);
#178=ORIENTED_EDGE('',*,*,#643,.T.);
#179=ORIENTED_EDGE('',*,*,#644,.F.);
#180=ORIENTED_EDGE('',*,*,#645,.F.);
#181=ORIENTED_EDGE('',*,*,#646,.F.);
#182=ORIENTED_EDGE('',*,*,#647,.F.);
#183=ORIENTED_EDGE('',*,*,#648,.F.);
#184=ORIENTED_EDGE('',*,*,#649,.T.);
#185=ORIENTED_EDGE('',*,*,#650,.T.);
#186=ORIENTED_EDGE('',*,*,#651,.T.);
#187=ORIENTED_EDGE('',*,*,#652,.T.);
#188=ORIENTED_EDGE('',*,*,#653,.T.);
#189=ORIENTED_EDGE('',*,*,#654,.T.);
#190=ORIENTED_EDGE('',*,*,#655,.F.);
#191=ORIENTED_EDGE('',*,*,#656,.F.);
#192=ORIENTED_EDGE('',*,*,#657,.T.);
#193=ORIENTED_EDGE('',*,*,#658,.F.);
#194=ORIENTED_EDGE('',*,*,#659,.F.);
#195=ORIENTED_EDGE('',*,*,#660,.T.);
#196=ORIENTED_EDGE('',*,*,#661,.T.);
#197=ORIENTED_EDGE('',*,*,#662,.T.);
#198=ORIENTED_EDGE('',*,*,#663,.F.);
#199=ORIENTED_EDGE('',*,*,#664,.T.);
#200=ORIENTED_EDGE('',*,*,#665,.T.);
#201=ORIENTED_EDGE('',*,*,#666,.F.);
#202=ORIENTED_EDGE('',*,*,#667,.F.);
#203=ORIENTED_EDGE('',*,*,#668,.F.);
#204=ORIENTED_EDGE('',*,*,#669,.T.);
#205=ORIENTED_EDGE('',*,*,#670,.T.);
#206=ORIENTED_EDGE('',*,*,#671,.T.);
#207=ORIENTED_EDGE('',*,*,#672,.F.);
#208=ORIENTED_EDGE('',*,*,#673,.F.);
#209=ORIENTED_EDGE('',*,*,#674,.F.);
#210=ORIENTED_EDGE('',*,*,#675,.T.);
#211=ORIENTED_EDGE('',*,*,#676,.F.);
#212=ORIENTED_EDGE('',*,*,#677,.T.);
#213=ORIENTED_EDGE('',*,*,#678,.F.);
#214=ORIENTED_EDGE('',*,*,#679,.T.);
#215=ORIENTED_EDGE('',*,*,#680,.F.);
#216=ORIENTED_EDGE('',*,*,#681,.F.);
#217=ORIENTED_EDGE('',*,*,#682,.T.);
#218=ORIENTED_EDGE('',*,*,#683,.T.);
#219=ORIENTED_EDGE('',*,*,#587,.T.);
#220=ORIENTED_EDGE('',*,*,#628,.F.);
#221=ORIENTED_EDGE('',*,*,#684,.F.);
#222=ORIENTED_EDGE('',*,*,#681,.T.);
#223=ORIENTED_EDGE('',*,*,#685,.F.);
#224=ORIENTED_EDGE('',*,*,#676,.T.);
#225=ORIENTED_EDGE('',*,*,#686,.T.);
#226=ORIENTED_EDGE('',*,*,#633,.F.);
#227=ORIENTED_EDGE('',*,*,#687,.F.);
#228=ORIENTED_EDGE('',*,*,#679,.F.);
#229=ORIENTED_EDGE('',*,*,#688,.T.);
#230=ORIENTED_EDGE('',*,*,#630,.T.);
#231=ORIENTED_EDGE('',*,*,#689,.T.);
#232=ORIENTED_EDGE('',*,*,#690,.T.);
#233=ORIENTED_EDGE('',*,*,#617,.T.);
#234=ORIENTED_EDGE('',*,*,#691,.F.);
#235=ORIENTED_EDGE('',*,*,#692,.T.);
#236=ORIENTED_EDGE('',*,*,#693,.T.);
#237=ORIENTED_EDGE('',*,*,#604,.T.);
#238=ORIENTED_EDGE('',*,*,#694,.F.);
#239=ORIENTED_EDGE('',*,*,#695,.T.);
#240=ORIENTED_EDGE('',*,*,#696,.T.);
#241=ORIENTED_EDGE('',*,*,#697,.T.);
#242=ORIENTED_EDGE('',*,*,#698,.T.);
#243=ORIENTED_EDGE('',*,*,#699,.T.);
#244=ORIENTED_EDGE('',*,*,#700,.F.);
#245=ORIENTED_EDGE('',*,*,#701,.T.);
#246=ORIENTED_EDGE('',*,*,#702,.T.);
#247=ORIENTED_EDGE('',*,*,#703,.T.);
#248=ORIENTED_EDGE('',*,*,#701,.F.);
#249=ORIENTED_EDGE('',*,*,#704,.F.);
#250=ORIENTED_EDGE('',*,*,#609,.T.);
#251=ORIENTED_EDGE('',*,*,#705,.F.);
#252=ORIENTED_EDGE('',*,*,#558,.F.);
#253=ORIENTED_EDGE('',*,*,#706,.F.);
#254=ORIENTED_EDGE('',*,*,#707,.F.);
#255=ORIENTED_EDGE('',*,*,#708,.T.);
#256=ORIENTED_EDGE('',*,*,#612,.F.);
#257=ORIENTED_EDGE('',*,*,#709,.T.);
#258=ORIENTED_EDGE('',*,*,#710,.T.);
#259=ORIENTED_EDGE('',*,*,#711,.F.);
#260=ORIENTED_EDGE('',*,*,#561,.F.);
#261=ORIENTED_EDGE('',*,*,#712,.T.);
#262=ORIENTED_EDGE('',*,*,#713,.F.);
#263=ORIENTED_EDGE('',*,*,#714,.F.);
#264=ORIENTED_EDGE('',*,*,#613,.T.);
#265=ORIENTED_EDGE('',*,*,#708,.F.);
#266=ORIENTED_EDGE('',*,*,#715,.F.);
#267=ORIENTED_EDGE('',*,*,#716,.T.);
#268=ORIENTED_EDGE('',*,*,#717,.F.);
#269=ORIENTED_EDGE('',*,*,#718,.F.);
#270=ORIENTED_EDGE('',*,*,#694,.T.);
#271=ORIENTED_EDGE('',*,*,#607,.T.);
#272=ORIENTED_EDGE('',*,*,#614,.F.);
#273=ORIENTED_EDGE('',*,*,#714,.T.);
#274=ORIENTED_EDGE('',*,*,#719,.T.);
#275=ORIENTED_EDGE('',*,*,#720,.T.);
#276=ORIENTED_EDGE('',*,*,#721,.F.);
#277=ORIENTED_EDGE('',*,*,#710,.F.);
#278=ORIENTED_EDGE('',*,*,#722,.F.);
#279=ORIENTED_EDGE('',*,*,#719,.F.);
#280=ORIENTED_EDGE('',*,*,#713,.T.);
#281=ORIENTED_EDGE('',*,*,#723,.F.);
#282=ORIENTED_EDGE('',*,*,#610,.F.);
#283=ORIENTED_EDGE('',*,*,#704,.T.);
#284=ORIENTED_EDGE('',*,*,#700,.T.);
#285=ORIENTED_EDGE('',*,*,#724,.T.);
#286=ORIENTED_EDGE('',*,*,#725,.F.);
#287=ORIENTED_EDGE('',*,*,#726,.T.);
#288=ORIENTED_EDGE('',*,*,#695,.F.);
#289=ORIENTED_EDGE('',*,*,#718,.T.);
#290=ORIENTED_EDGE('',*,*,#727,.F.);
#291=ORIENTED_EDGE('',*,*,#728,.F.);
#292=ORIENTED_EDGE('',*,*,#668,.T.);
#293=ORIENTED_EDGE('',*,*,#729,.T.);
#294=ORIENTED_EDGE('',*,*,#641,.F.);
#295=ORIENTED_EDGE('',*,*,#730,.T.);
#296=ORIENTED_EDGE('',*,*,#639,.T.);
#297=ORIENTED_EDGE('',*,*,#731,.F.);
#298=ORIENTED_EDGE('',*,*,#670,.F.);
#299=ORIENTED_EDGE('',*,*,#732,.F.);
#300=ORIENTED_EDGE('',*,*,#733,.F.);
#301=ORIENTED_EDGE('',*,*,#618,.F.);
#302=ORIENTED_EDGE('',*,*,#690,.F.);
#303=ORIENTED_EDGE('',*,*,#734,.T.);
#304=ORIENTED_EDGE('',*,*,#699,.F.);
#305=ORIENTED_EDGE('',*,*,#735,.T.);
#306=ORIENTED_EDGE('',*,*,#611,.T.);
#307=ORIENTED_EDGE('',*,*,#724,.F.);
#308=ORIENTED_EDGE('',*,*,#709,.F.);
#309=ORIENTED_EDGE('',*,*,#615,.F.);
#310=ORIENTED_EDGE('',*,*,#720,.F.);
#311=ORIENTED_EDGE('',*,*,#722,.T.);
#312=ORIENTED_EDGE('',*,*,#736,.F.);
#313=ORIENTED_EDGE('',*,*,#737,.F.);
#314=ORIENTED_EDGE('',*,*,#734,.F.);
#315=ORIENTED_EDGE('',*,*,#692,.F.);
#316=ORIENTED_EDGE('',*,*,#738,.F.);
#317=ORIENTED_EDGE('',*,*,#739,.F.);
#318=ORIENTED_EDGE('',*,*,#740,.T.);
#319=ORIENTED_EDGE('',*,*,#741,.T.);
#320=ORIENTED_EDGE('',*,*,#738,.T.);
#321=ORIENTED_EDGE('',*,*,#691,.T.);
#322=ORIENTED_EDGE('',*,*,#616,.F.);
#323=ORIENTED_EDGE('',*,*,#742,.F.);
#324=ORIENTED_EDGE('',*,*,#743,.F.);
#325=ORIENTED_EDGE('',*,*,#744,.T.);
#326=ORIENTED_EDGE('',*,*,#605,.T.);
#327=ORIENTED_EDGE('',*,*,#693,.F.);
#328=ORIENTED_EDGE('',*,*,#726,.F.);
#329=ORIENTED_EDGE('',*,*,#745,.F.);
#330=ORIENTED_EDGE('',*,*,#746,.F.);
#331=ORIENTED_EDGE('',*,*,#747,.T.);
#332=ORIENTED_EDGE('',*,*,#742,.T.);
#333=ORIENTED_EDGE('',*,*,#619,.F.);
#334=ORIENTED_EDGE('',*,*,#733,.T.);
#335=ORIENTED_EDGE('',*,*,#737,.T.);
#336=ORIENTED_EDGE('',*,*,#748,.F.);
#337=ORIENTED_EDGE('',*,*,#749,.T.);
#338=ORIENTED_EDGE('',*,*,#727,.T.);
#339=ORIENTED_EDGE('',*,*,#717,.T.);
#340=ORIENTED_EDGE('',*,*,#606,.F.);
#341=ORIENTED_EDGE('',*,*,#744,.F.);
#342=ORIENTED_EDGE('',*,*,#750,.F.);
#343=ORIENTED_EDGE('',*,*,#705,.T.);
#344=ORIENTED_EDGE('',*,*,#608,.T.);
#345=ORIENTED_EDGE('',*,*,#735,.F.);
#346=ORIENTED_EDGE('',*,*,#698,.F.);
#347=ORIENTED_EDGE('',*,*,#751,.F.);
#348=ORIENTED_EDGE('',*,*,#721,.T.);
#349=ORIENTED_EDGE('',*,*,#752,.F.);
#350=ORIENTED_EDGE('',*,*,#559,.F.);
#351=ORIENTED_EDGE('',*,*,#711,.T.);
#352=ORIENTED_EDGE('',*,*,#723,.T.);
#353=ORIENTED_EDGE('',*,*,#712,.F.);
#354=ORIENTED_EDGE('',*,*,#560,.F.);
#355=ORIENTED_EDGE('',*,*,#752,.T.);
#356=ORIENTED_EDGE('',*,*,#736,.T.);
#357=ORIENTED_EDGE('',*,*,#753,.F.);
#358=ORIENTED_EDGE('',*,*,#754,.F.);
#359=ORIENTED_EDGE('',*,*,#746,.T.);
#360=ORIENTED_EDGE('',*,*,#739,.T.);
#361=ORIENTED_EDGE('',*,*,#741,.F.);
#362=ORIENTED_EDGE('',*,*,#755,.F.);
#363=ORIENTED_EDGE('',*,*,#753,.T.);
#364=ORIENTED_EDGE('',*,*,#740,.F.);
#365=ORIENTED_EDGE('',*,*,#747,.F.);
#366=ORIENTED_EDGE('',*,*,#754,.T.);
#367=ORIENTED_EDGE('',*,*,#755,.T.);
#368=ORIENTED_EDGE('',*,*,#725,.T.);
#369=ORIENTED_EDGE('',*,*,#756,.F.);
#370=ORIENTED_EDGE('',*,*,#757,.F.);
#371=ORIENTED_EDGE('',*,*,#745,.T.);
#372=ORIENTED_EDGE('',*,*,#728,.T.);
#373=ORIENTED_EDGE('',*,*,#749,.F.);
#374=ORIENTED_EDGE('',*,*,#758,.F.);
#375=ORIENTED_EDGE('',*,*,#756,.T.);
#376=ORIENTED_EDGE('',*,*,#748,.T.);
#377=ORIENTED_EDGE('',*,*,#743,.T.);
#378=ORIENTED_EDGE('',*,*,#757,.T.);
#379=ORIENTED_EDGE('',*,*,#758,.T.);
#380=ORIENTED_EDGE('',*,*,#697,.F.);
#381=ORIENTED_EDGE('',*,*,#759,.F.);
#382=ORIENTED_EDGE('',*,*,#760,.T.);
#383=ORIENTED_EDGE('',*,*,#751,.T.);
#384=ORIENTED_EDGE('',*,*,#696,.F.);
#385=ORIENTED_EDGE('',*,*,#703,.F.);
#386=ORIENTED_EDGE('',*,*,#761,.T.);
#387=ORIENTED_EDGE('',*,*,#759,.T.);
#388=ORIENTED_EDGE('',*,*,#702,.F.);
#389=ORIENTED_EDGE('',*,*,#750,.T.);
#390=ORIENTED_EDGE('',*,*,#760,.F.);
#391=ORIENTED_EDGE('',*,*,#761,.F.);
#392=ORIENTED_EDGE('',*,*,#658,.T.);
#393=ORIENTED_EDGE('',*,*,#762,.T.);
#394=ORIENTED_EDGE('',*,*,#602,.F.);
#395=ORIENTED_EDGE('',*,*,#763,.F.);
#396=ORIENTED_EDGE('',*,*,#655,.T.);
#397=ORIENTED_EDGE('',*,*,#763,.T.);
#398=ORIENTED_EDGE('',*,*,#601,.F.);
#399=ORIENTED_EDGE('',*,*,#764,.F.);
#400=ORIENTED_EDGE('',*,*,#765,.T.);
#401=ORIENTED_EDGE('',*,*,#603,.T.);
#402=ORIENTED_EDGE('',*,*,#762,.F.);
#403=ORIENTED_EDGE('',*,*,#657,.F.);
#404=ORIENTED_EDGE('',*,*,#659,.T.);
#405=ORIENTED_EDGE('',*,*,#766,.T.);
#406=ORIENTED_EDGE('',*,*,#621,.F.);
#407=ORIENTED_EDGE('',*,*,#767,.F.);
#408=ORIENTED_EDGE('',*,*,#767,.T.);
#409=ORIENTED_EDGE('',*,*,#620,.T.);
#410=ORIENTED_EDGE('',*,*,#768,.F.);
#411=ORIENTED_EDGE('',*,*,#660,.F.);
#412=ORIENTED_EDGE('',*,*,#768,.T.);
#413=ORIENTED_EDGE('',*,*,#623,.T.);
#414=ORIENTED_EDGE('',*,*,#769,.F.);
#415=ORIENTED_EDGE('',*,*,#661,.F.);
#416=ORIENTED_EDGE('',*,*,#769,.T.);
#417=ORIENTED_EDGE('',*,*,#622,.T.);
#418=ORIENTED_EDGE('',*,*,#766,.F.);
#419=ORIENTED_EDGE('',*,*,#662,.F.);
#420=ORIENTED_EDGE('',*,*,#656,.T.);
#421=ORIENTED_EDGE('',*,*,#764,.T.);
#422=ORIENTED_EDGE('',*,*,#600,.T.);
#423=ORIENTED_EDGE('',*,*,#765,.F.);
#424=ORIENTED_EDGE('',*,*,#640,.F.);
#425=ORIENTED_EDGE('',*,*,#732,.T.);
#426=ORIENTED_EDGE('',*,*,#669,.F.);
#427=ORIENTED_EDGE('',*,*,#730,.F.);
#428=ORIENTED_EDGE('',*,*,#680,.T.);
#429=ORIENTED_EDGE('',*,*,#689,.F.);
#430=ORIENTED_EDGE('',*,*,#629,.F.);
#431=ORIENTED_EDGE('',*,*,#685,.T.);
#432=ORIENTED_EDGE('',*,*,#770,.F.);
#433=ORIENTED_EDGE('',*,*,#673,.T.);
#434=ORIENTED_EDGE('',*,*,#771,.T.);
#435=ORIENTED_EDGE('',*,*,#636,.F.);
#436=ORIENTED_EDGE('',*,*,#772,.F.);
#437=ORIENTED_EDGE('',*,*,#677,.F.);
#438=ORIENTED_EDGE('',*,*,#687,.T.);
#439=ORIENTED_EDGE('',*,*,#632,.F.);
#440=ORIENTED_EDGE('',*,*,#672,.T.);
#441=ORIENTED_EDGE('',*,*,#773,.T.);
#442=ORIENTED_EDGE('',*,*,#637,.T.);
#443=ORIENTED_EDGE('',*,*,#771,.F.);
#444=ORIENTED_EDGE('',*,*,#674,.T.);
#445=ORIENTED_EDGE('',*,*,#770,.T.);
#446=ORIENTED_EDGE('',*,*,#635,.F.);
#447=ORIENTED_EDGE('',*,*,#774,.F.);
#448=ORIENTED_EDGE('',*,*,#774,.T.);
#449=ORIENTED_EDGE('',*,*,#634,.T.);
#450=ORIENTED_EDGE('',*,*,#686,.F.);
#451=ORIENTED_EDGE('',*,*,#675,.F.);
#452=ORIENTED_EDGE('',*,*,#731,.T.);
#453=ORIENTED_EDGE('',*,*,#638,.T.);
#454=ORIENTED_EDGE('',*,*,#773,.F.);
#455=ORIENTED_EDGE('',*,*,#671,.F.);
#456=ORIENTED_EDGE('',*,*,#678,.T.);
#457=ORIENTED_EDGE('',*,*,#772,.T.);
#458=ORIENTED_EDGE('',*,*,#631,.F.);
#459=ORIENTED_EDGE('',*,*,#688,.F.);
#460=ORIENTED_EDGE('',*,*,#683,.F.);
#461=ORIENTED_EDGE('',*,*,#775,.T.);
#462=ORIENTED_EDGE('',*,*,#626,.T.);
#463=ORIENTED_EDGE('',*,*,#588,.F.);
#464=ORIENTED_EDGE('',*,*,#776,.F.);
#465=ORIENTED_EDGE('',*,*,#666,.T.);
#466=ORIENTED_EDGE('',*,*,#777,.T.);
#467=ORIENTED_EDGE('',*,*,#643,.F.);
#468=ORIENTED_EDGE('',*,*,#665,.F.);
#469=ORIENTED_EDGE('',*,*,#778,.T.);
#470=ORIENTED_EDGE('',*,*,#644,.T.);
#471=ORIENTED_EDGE('',*,*,#777,.F.);
#472=ORIENTED_EDGE('',*,*,#667,.T.);
#473=ORIENTED_EDGE('',*,*,#776,.T.);
#474=ORIENTED_EDGE('',*,*,#642,.F.);
#475=ORIENTED_EDGE('',*,*,#729,.F.);
#476=ORIENTED_EDGE('',*,*,#684,.T.);
#477=ORIENTED_EDGE('',*,*,#627,.T.);
#478=ORIENTED_EDGE('',*,*,#775,.F.);
#479=ORIENTED_EDGE('',*,*,#682,.F.);
#480=ORIENTED_EDGE('',*,*,#663,.T.);
#481=ORIENTED_EDGE('',*,*,#586,.T.);
#482=ORIENTED_EDGE('',*,*,#625,.F.);
#483=ORIENTED_EDGE('',*,*,#779,.F.);
#484=ORIENTED_EDGE('',*,*,#779,.T.);
#485=ORIENTED_EDGE('',*,*,#624,.T.);
#486=ORIENTED_EDGE('',*,*,#778,.F.);
#487=ORIENTED_EDGE('',*,*,#664,.F.);
#488=ORIENTED_EDGE('',*,*,#599,.T.);
#489=ORIENTED_EDGE('',*,*,#654,.F.);
#490=ORIENTED_EDGE('',*,*,#598,.T.);
#491=ORIENTED_EDGE('',*,*,#653,.F.);
#492=ORIENTED_EDGE('',*,*,#597,.T.);
#493=ORIENTED_EDGE('',*,*,#652,.F.);
#494=ORIENTED_EDGE('',*,*,#596,.T.);
#495=ORIENTED_EDGE('',*,*,#651,.F.);
#496=ORIENTED_EDGE('',*,*,#595,.T.);
#497=ORIENTED_EDGE('',*,*,#650,.F.);
#498=ORIENTED_EDGE('',*,*,#594,.T.);
#499=ORIENTED_EDGE('',*,*,#649,.F.);
#500=ORIENTED_EDGE('',*,*,#585,.T.);
#501=ORIENTED_EDGE('',*,*,#583,.T.);
#502=ORIENTED_EDGE('',*,*,#581,.T.);
#503=ORIENTED_EDGE('',*,*,#579,.T.);
#504=ORIENTED_EDGE('',*,*,#577,.T.);
#505=ORIENTED_EDGE('',*,*,#575,.T.);
#506=ORIENTED_EDGE('',*,*,#573,.T.);
#507=ORIENTED_EDGE('',*,*,#571,.T.);
#508=ORIENTED_EDGE('',*,*,#780,.F.);
#509=ORIENTED_EDGE('',*,*,#648,.T.);
#510=ORIENTED_EDGE('',*,*,#780,.T.);
#511=ORIENTED_EDGE('',*,*,#569,.T.);
#512=ORIENTED_EDGE('',*,*,#781,.F.);
#513=ORIENTED_EDGE('',*,*,#647,.T.);
#514=ORIENTED_EDGE('',*,*,#567,.T.);
#515=ORIENTED_EDGE('',*,*,#781,.T.);
#516=ORIENTED_EDGE('',*,*,#782,.F.);
#517=ORIENTED_EDGE('',*,*,#646,.T.);
#518=ORIENTED_EDGE('',*,*,#565,.T.);
#519=ORIENTED_EDGE('',*,*,#782,.T.);
#520=ORIENTED_EDGE('',*,*,#783,.F.);
#521=ORIENTED_EDGE('',*,*,#645,.T.);
#522=ORIENTED_EDGE('',*,*,#783,.T.);
#523=ORIENTED_EDGE('',*,*,#563,.T.);
#524=ORIENTED_EDGE('',*,*,#590,.F.);
#525=ORIENTED_EDGE('',*,*,#784,.F.);
#526=ORIENTED_EDGE('',*,*,#785,.T.);
#527=ORIENTED_EDGE('',*,*,#786,.T.);
#528=ORIENTED_EDGE('',*,*,#593,.T.);
#529=ORIENTED_EDGE('',*,*,#787,.F.);
#530=ORIENTED_EDGE('',*,*,#788,.F.);
#531=ORIENTED_EDGE('',*,*,#784,.T.);
#532=ORIENTED_EDGE('',*,*,#592,.T.);
#533=ORIENTED_EDGE('',*,*,#789,.F.);
#534=ORIENTED_EDGE('',*,*,#790,.F.);
#535=ORIENTED_EDGE('',*,*,#787,.T.);
#536=ORIENTED_EDGE('',*,*,#591,.F.);
#537=ORIENTED_EDGE('',*,*,#786,.F.);
#538=ORIENTED_EDGE('',*,*,#791,.T.);
#539=ORIENTED_EDGE('',*,*,#789,.T.);
#540=ORIENTED_EDGE('',*,*,#785,.F.);
#541=ORIENTED_EDGE('',*,*,#788,.T.);
#542=ORIENTED_EDGE('',*,*,#790,.T.);
#543=ORIENTED_EDGE('',*,*,#791,.F.);
#544=ORIENTED_EDGE('',*,*,#557,.F.);
#545=ORIENTED_EDGE('',*,*,#792,.F.);
#546=ORIENTED_EDGE('',*,*,#793,.T.);
#547=ORIENTED_EDGE('',*,*,#706,.T.);
#548=ORIENTED_EDGE('',*,*,#556,.T.);
#549=ORIENTED_EDGE('',*,*,#716,.F.);
#550=ORIENTED_EDGE('',*,*,#794,.F.);
#551=ORIENTED_EDGE('',*,*,#792,.T.);
#552=ORIENTED_EDGE('',*,*,#793,.F.);
#553=ORIENTED_EDGE('',*,*,#794,.T.);
#554=ORIENTED_EDGE('',*,*,#715,.T.);
#555=ORIENTED_EDGE('',*,*,#707,.T.);
#556=EDGE_CURVE('',#795,#796,#969,.T.);
#557=EDGE_CURVE('',#795,#797,#970,.T.);
#558=EDGE_CURVE('',#797,#798,#971,.T.);
#559=EDGE_CURVE('',#798,#799,#972,.T.);
#560=EDGE_CURVE('',#799,#800,#973,.T.);
#561=EDGE_CURVE('',#800,#796,#974,.T.);
#562=EDGE_CURVE('',#801,#801,#12,.T.);
#563=EDGE_CURVE('',#802,#802,#13,.T.);
#564=EDGE_CURVE('',#803,#803,#14,.T.);
#565=EDGE_CURVE('',#804,#804,#15,.T.);
#566=EDGE_CURVE('',#805,#805,#16,.T.);
#567=EDGE_CURVE('',#806,#806,#17,.T.);
#568=EDGE_CURVE('',#807,#807,#18,.T.);
#569=EDGE_CURVE('',#808,#808,#19,.T.);
#570=EDGE_CURVE('',#809,#809,#20,.T.);
#571=EDGE_CURVE('',#810,#810,#21,.F.);
#572=EDGE_CURVE('',#811,#811,#22,.T.);
#573=EDGE_CURVE('',#812,#812,#23,.F.);
#574=EDGE_CURVE('',#813,#813,#24,.T.);
#575=EDGE_CURVE('',#814,#814,#25,.F.);
#576=EDGE_CURVE('',#815,#815,#26,.T.);
#577=EDGE_CURVE('',#816,#816,#27,.F.);
#578=EDGE_CURVE('',#817,#817,#28,.T.);
#579=EDGE_CURVE('',#818,#818,#29,.F.);
#580=EDGE_CURVE('',#819,#819,#30,.T.);
#581=EDGE_CURVE('',#820,#820,#31,.F.);
#582=EDGE_CURVE('',#821,#821,#32,.T.);
#583=EDGE_CURVE('',#822,#822,#33,.F.);
#584=EDGE_CURVE('',#823,#823,#34,.T.);
#585=EDGE_CURVE('',#824,#824,#35,.F.);
#586=EDGE_CURVE('',#825,#826,#975,.T.);
#587=EDGE_CURVE('',#827,#825,#976,.T.);
#588=EDGE_CURVE('',#827,#828,#977,.T.);
#589=EDGE_CURVE('',#828,#826,#978,.T.);
#590=EDGE_CURVE('',#829,#830,#979,.T.);
#591=EDGE_CURVE('',#830,#831,#980,.T.);
#592=EDGE_CURVE('',#832,#831,#981,.T.);
#593=EDGE_CURVE('',#829,#832,#982,.T.);
#594=EDGE_CURVE('',#833,#833,#36,.T.);
#595=EDGE_CURVE('',#834,#834,#37,.T.);
#596=EDGE_CURVE('',#835,#835,#38,.T.);
#597=EDGE_CURVE('',#836,#836,#39,.T.);
#598=EDGE_CURVE('',#837,#837,#40,.T.);
#599=EDGE_CURVE('',#838,#838,#41,.T.);
#600=EDGE_CURVE('',#839,#840,#983,.T.);
#601=EDGE_CURVE('',#839,#841,#984,.T.);
#602=EDGE_CURVE('',#841,#842,#985,.T.);
#603=EDGE_CURVE('',#840,#842,#986,.T.);
#604=EDGE_CURVE('',#843,#844,#987,.T.);
#605=EDGE_CURVE('',#845,#843,#988,.T.);
#606=EDGE_CURVE('',#845,#846,#989,.T.);
#607=EDGE_CURVE('',#844,#846,#990,.T.);
#608=EDGE_CURVE('',#847,#848,#991,.T.);
#609=EDGE_CURVE('',#849,#847,#992,.T.);
#610=EDGE_CURVE('',#849,#850,#993,.T.);
#611=EDGE_CURVE('',#848,#850,#994,.T.);
#612=EDGE_CURVE('',#851,#852,#995,.T.);
#613=EDGE_CURVE('',#853,#852,#996,.T.);
#614=EDGE_CURVE('',#853,#854,#997,.T.);
#615=EDGE_CURVE('',#854,#851,#998,.T.);
#616=EDGE_CURVE('',#855,#856,#999,.T.);
#617=EDGE_CURVE('',#857,#856,#1000,.T.);
#618=EDGE_CURVE('',#857,#858,#1001,.T.);
#619=EDGE_CURVE('',#858,#855,#1002,.T.);
#620=EDGE_CURVE('',#859,#860,#1003,.T.);
#621=EDGE_CURVE('',#859,#861,#1004,.T.);
#622=EDGE_CURVE('',#862,#861,#1005,.T.);
#623=EDGE_CURVE('',#860,#862,#1006,.T.);
#624=EDGE_CURVE('',#863,#864,#1007,.T.);
#625=EDGE_CURVE('',#863,#826,#1008,.T.);
#626=EDGE_CURVE('',#865,#828,#1009,.T.);
#627=EDGE_CURVE('',#866,#865,#1010,.T.);
#628=EDGE_CURVE('',#866,#867,#1011,.T.);
#629=EDGE_CURVE('',#867,#868,#1012,.T.);
#630=EDGE_CURVE('',#869,#868,#1013,.T.);
#631=EDGE_CURVE('',#869,#870,#1014,.T.);
#632=EDGE_CURVE('',#870,#871,#1015,.T.);
#633=EDGE_CURVE('',#871,#872,#1016,.T.);
#634=EDGE_CURVE('',#873,#872,#1017,.T.);
#635=EDGE_CURVE('',#873,#874,#1018,.T.);
#636=EDGE_CURVE('',#874,#875,#1019,.T.);
#637=EDGE_CURVE('',#876,#875,#1020,.T.);
#638=EDGE_CURVE('',#877,#876,#1021,.T.);
#639=EDGE_CURVE('',#878,#877,#1022,.T.);
#640=EDGE_CURVE('',#878,#879,#1023,.T.);
#641=EDGE_CURVE('',#879,#880,#1024,.T.);
#642=EDGE_CURVE('',#880,#881,#1025,.T.);
#643=EDGE_CURVE('',#881,#882,#1026,.T.);
#644=EDGE_CURVE('',#864,#882,#1027,.T.);
#645=EDGE_CURVE('',#883,#883,#42,.T.);
#646=EDGE_CURVE('',#884,#884,#43,.T.);
#647=EDGE_CURVE('',#885,#885,#44,.T.);
#648=EDGE_CURVE('',#886,#886,#45,.T.);
#649=EDGE_CURVE('',#887,#887,#46,.T.);
#650=EDGE_CURVE('',#888,#888,#47,.T.);
#651=EDGE_CURVE('',#889,#889,#48,.T.);
#652=EDGE_CURVE('',#890,#890,#49,.T.);
#653=EDGE_CURVE('',#891,#891,#50,.T.);
#654=EDGE_CURVE('',#892,#892,#51,.T.);
#655=EDGE_CURVE('',#893,#894,#1028,.T.);
#656=EDGE_CURVE('',#895,#893,#1029,.T.);
#657=EDGE_CURVE('',#895,#896,#1030,.T.);
#658=EDGE_CURVE('',#894,#896,#1031,.T.);
#659=EDGE_CURVE('',#897,#898,#1032,.T.);
#660=EDGE_CURVE('',#897,#899,#1033,.T.);
#661=EDGE_CURVE('',#899,#900,#1034,.T.);
#662=EDGE_CURVE('',#900,#898,#1035,.T.);
#663=EDGE_CURVE('',#901,#825,#1036,.T.);
#664=EDGE_CURVE('',#901,#902,#1037,.T.);
#665=EDGE_CURVE('',#902,#903,#1038,.T.);
#666=EDGE_CURVE('',#904,#903,#1039,.T.);
#667=EDGE_CURVE('',#905,#904,#1040,.T.);
#668=EDGE_CURVE('',#906,#905,#1041,.T.);
#669=EDGE_CURVE('',#906,#907,#1042,.T.);
#670=EDGE_CURVE('',#907,#908,#1043,.T.);
#671=EDGE_CURVE('',#908,#909,#1044,.T.);
#672=EDGE_CURVE('',#910,#909,#1045,.T.);
#673=EDGE_CURVE('',#911,#910,#1046,.T.);
#674=EDGE_CURVE('',#912,#911,#1047,.T.);
#675=EDGE_CURVE('',#912,#913,#1048,.T.);
#676=EDGE_CURVE('',#914,#913,#1049,.T.);
#677=EDGE_CURVE('',#914,#915,#1050,.T.);
#678=EDGE_CURVE('',#916,#915,#1051,.T.);
#679=EDGE_CURVE('',#916,#917,#1052,.T.);
#680=EDGE_CURVE('',#918,#917,#1053,.T.);
#681=EDGE_CURVE('',#919,#918,#1054,.T.);
#682=EDGE_CURVE('',#919,#920,#1055,.T.);
#683=EDGE_CURVE('',#920,#827,#1056,.T.);
#684=EDGE_CURVE('',#919,#866,#1057,.T.);
#685=EDGE_CURVE('',#867,#918,#1058,.T.);
#686=EDGE_CURVE('',#913,#872,#1059,.T.);
#687=EDGE_CURVE('',#914,#871,#1060,.T.);
#688=EDGE_CURVE('',#916,#869,#1061,.T.);
#689=EDGE_CURVE('',#868,#917,#1062,.T.);
#690=EDGE_CURVE('',#921,#857,#1063,.T.);
#691=EDGE_CURVE('',#922,#856,#1064,.T.);
#692=EDGE_CURVE('',#922,#921,#1065,.T.);
#693=EDGE_CURVE('',#923,#843,#1066,.T.);
#694=EDGE_CURVE('',#924,#844,#1067,.T.);
#695=EDGE_CURVE('',#924,#923,#1068,.T.);
#696=EDGE_CURVE('',#925,#926,#1069,.T.);
#697=EDGE_CURVE('',#926,#927,#1070,.T.);
#698=EDGE_CURVE('',#927,#928,#1071,.T.);
#699=EDGE_CURVE('',#928,#929,#1072,.T.);
#700=EDGE_CURVE('',#930,#929,#1073,.T.);
#701=EDGE_CURVE('',#930,#925,#1074,.T.);
#702=EDGE_CURVE('',#931,#932,#1075,.T.);
#703=EDGE_CURVE('',#932,#925,#1076,.T.);
#704=EDGE_CURVE('',#849,#930,#1077,.T.);
#705=EDGE_CURVE('',#931,#847,#1078,.T.);
#706=EDGE_CURVE('',#933,#797,#1079,.T.);
#707=EDGE_CURVE('',#934,#933,#1080,.T.);
#708=EDGE_CURVE('',#934,#852,#1081,.T.);
#709=EDGE_CURVE('',#851,#935,#1082,.T.);
#710=EDGE_CURVE('',#935,#936,#1083,.T.);
#711=EDGE_CURVE('',#798,#936,#1084,.T.);
#712=EDGE_CURVE('',#800,#937,#1085,.T.);
#713=EDGE_CURVE('',#938,#937,#1086,.T.);
#714=EDGE_CURVE('',#853,#938,#1087,.T.);
#715=EDGE_CURVE('',#939,#934,#1088,.T.);
#716=EDGE_CURVE('',#939,#796,#1089,.T.);
#717=EDGE_CURVE('',#940,#846,#1090,.T.);
#718=EDGE_CURVE('',#924,#940,#1091,.T.);
#719=EDGE_CURVE('',#938,#941,#1092,.T.);
#720=EDGE_CURVE('',#941,#854,#1093,.T.);
#721=EDGE_CURVE('',#936,#942,#1094,.T.);
#722=EDGE_CURVE('',#941,#935,#1095,.T.);
#723=EDGE_CURVE('',#942,#937,#1096,.T.);
#724=EDGE_CURVE('',#929,#850,#1097,.T.);
#725=EDGE_CURVE('',#943,#944,#1098,.T.);
#726=EDGE_CURVE('',#943,#923,#1099,.T.);
#727=EDGE_CURVE('',#945,#940,#1100,.T.);
#728=EDGE_CURVE('',#944,#945,#1101,.T.);
#729=EDGE_CURVE('',#905,#880,#1102,.T.);
#730=EDGE_CURVE('',#879,#906,#1103,.T.);
#731=EDGE_CURVE('',#908,#877,#1104,.T.);
#732=EDGE_CURVE('',#878,#907,#1105,.T.);
#733=EDGE_CURVE('',#858,#946,#1106,.T.);
#734=EDGE_CURVE('',#921,#946,#1107,.T.);
#735=EDGE_CURVE('',#928,#848,#1108,.T.);
#736=EDGE_CURVE('',#947,#948,#1109,.T.);
#737=EDGE_CURVE('',#946,#947,#1110,.T.);
#738=EDGE_CURVE('',#949,#922,#1111,.T.);
#739=EDGE_CURVE('',#948,#949,#1112,.T.);
#740=EDGE_CURVE('',#950,#951,#1113,.T.);
#741=EDGE_CURVE('',#951,#949,#1114,.T.);
#742=EDGE_CURVE('',#950,#855,#1115,.T.);
#743=EDGE_CURVE('',#952,#953,#1116,.T.);
#744=EDGE_CURVE('',#952,#845,#1117,.T.);
#745=EDGE_CURVE('',#953,#943,#1118,.T.);
#746=EDGE_CURVE('',#954,#947,#1119,.T.);
#747=EDGE_CURVE('',#954,#950,#1120,.T.);
#748=EDGE_CURVE('',#955,#952,#1121,.T.);
#749=EDGE_CURVE('',#955,#945,#1122,.T.);
#750=EDGE_CURVE('',#931,#956,#1123,.T.);
#751=EDGE_CURVE('',#956,#927,#1124,.T.);
#752=EDGE_CURVE('',#799,#942,#1125,.T.);
#753=EDGE_CURVE('',#957,#948,#1126,.T.);
#754=EDGE_CURVE('',#954,#957,#1127,.T.);
#755=EDGE_CURVE('',#957,#951,#1128,.T.);
#756=EDGE_CURVE('',#958,#944,#1129,.T.);
#757=EDGE_CURVE('',#953,#958,#1130,.T.);
#758=EDGE_CURVE('',#958,#955,#1131,.T.);
#759=EDGE_CURVE('',#959,#926,#1132,.T.);
#760=EDGE_CURVE('',#959,#956,#1133,.T.);
#761=EDGE_CURVE('',#932,#959,#1134,.T.);
#762=EDGE_CURVE('',#896,#842,#1135,.T.);
#763=EDGE_CURVE('',#894,#841,#1136,.T.);
#764=EDGE_CURVE('',#893,#839,#1137,.T.);
#765=EDGE_CURVE('',#895,#840,#1138,.T.);
#766=EDGE_CURVE('',#898,#861,#1139,.T.);
#767=EDGE_CURVE('',#897,#859,#1140,.T.);
#768=EDGE_CURVE('',#899,#860,#1141,.T.);
#769=EDGE_CURVE('',#900,#862,#1142,.T.);
#770=EDGE_CURVE('',#911,#874,#1143,.T.);
#771=EDGE_CURVE('',#910,#875,#1144,.T.);
#772=EDGE_CURVE('',#915,#870,#1145,.T.);
#773=EDGE_CURVE('',#909,#876,#1146,.T.);
#774=EDGE_CURVE('',#912,#873,#1147,.T.);
#775=EDGE_CURVE('',#920,#865,#1148,.T.);
#776=EDGE_CURVE('',#904,#881,#1149,.T.);
#777=EDGE_CURVE('',#903,#882,#1150,.T.);
#778=EDGE_CURVE('',#902,#864,#1151,.T.);
#779=EDGE_CURVE('',#901,#863,#1152,.T.);
#780=EDGE_CURVE('',#960,#960,#52,.T.);
#781=EDGE_CURVE('',#961,#961,#53,.T.);
#782=EDGE_CURVE('',#962,#962,#54,.T.);
#783=EDGE_CURVE('',#963,#963,#55,.T.);
#784=EDGE_CURVE('',#964,#829,#1153,.T.);
#785=EDGE_CURVE('',#964,#965,#1154,.T.);
#786=EDGE_CURVE('',#965,#830,#1155,.T.);
#787=EDGE_CURVE('',#966,#832,#1156,.T.);
#788=EDGE_CURVE('',#964,#966,#1157,.T.);
#789=EDGE_CURVE('',#967,#831,#1158,.T.);
#790=EDGE_CURVE('',#966,#967,#1159,.T.);
#791=EDGE_CURVE('',#965,#967,#1160,.T.);
#792=EDGE_CURVE('',#968,#795,#1161,.T.);
#793=EDGE_CURVE('',#968,#933,#1162,.T.);
#794=EDGE_CURVE('',#968,#939,#1163,.T.);
#795=VERTEX_POINT('',#2550);
#796=VERTEX_POINT('',#2551);
#797=VERTEX_POINT('',#2553);
#798=VERTEX_POINT('',#2555);
#799=VERTEX_POINT('',#2557);
#800=VERTEX_POINT('',#2559);
#801=VERTEX_POINT('',#2563);
#802=VERTEX_POINT('',#2565);
#803=VERTEX_POINT('',#2568);
#804=VERTEX_POINT('',#2570);
#805=VERTEX_POINT('',#2573);
#806=VERTEX_POINT('',#2575);
#807=VERTEX_POINT('',#2578);
#808=VERTEX_POINT('',#2580);
#809=VERTEX_POINT('',#2583);
#810=VERTEX_POINT('',#2585);
#811=VERTEX_POINT('',#2588);
#812=VERTEX_POINT('',#2590);
#813=VERTEX_POINT('',#2593);
#814=VERTEX_POINT('',#2595);
#815=VERTEX_POINT('',#2598);
#816=VERTEX_POINT('',#2600);
#817=VERTEX_POINT('',#2603);
#818=VERTEX_POINT('',#2605);
#819=VERTEX_POINT('',#2608);
#820=VERTEX_POINT('',#2610);
#821=VERTEX_POINT('',#2613);
#822=VERTEX_POINT('',#2615);
#823=VERTEX_POINT('',#2618);
#824=VERTEX_POINT('',#2620);
#825=VERTEX_POINT('',#2623);
#826=VERTEX_POINT('',#2624);
#827=VERTEX_POINT('',#2626);
#828=VERTEX_POINT('',#2628);
#829=VERTEX_POINT('',#2632);
#830=VERTEX_POINT('',#2633);
#831=VERTEX_POINT('',#2635);
#832=VERTEX_POINT('',#2637);
#833=VERTEX_POINT('',#2640);
#834=VERTEX_POINT('',#2642);
#835=VERTEX_POINT('',#2644);
#836=VERTEX_POINT('',#2646);
#837=VERTEX_POINT('',#2648);
#838=VERTEX_POINT('',#2650);
#839=VERTEX_POINT('',#2652);
#840=VERTEX_POINT('',#2653);
#841=VERTEX_POINT('',#2655);
#842=VERTEX_POINT('',#2657);
#843=VERTEX_POINT('',#2660);
#844=VERTEX_POINT('',#2661);
#845=VERTEX_POINT('',#2663);
#846=VERTEX_POINT('',#2665);
#847=VERTEX_POINT('',#2668);
#848=VERTEX_POINT('',#2669);
#849=VERTEX_POINT('',#2671);
#850=VERTEX_POINT('',#2673);
#851=VERTEX_POINT('',#2676);
#852=VERTEX_POINT('',#2677);
#853=VERTEX_POINT('',#2679);
#854=VERTEX_POINT('',#2681);
#855=VERTEX_POINT('',#2684);
#856=VERTEX_POINT('',#2685);
#857=VERTEX_POINT('',#2687);
#858=VERTEX_POINT('',#2689);
#859=VERTEX_POINT('',#2692);
#860=VERTEX_POINT('',#2693);
#861=VERTEX_POINT('',#2695);
#862=VERTEX_POINT('',#2697);
#863=VERTEX_POINT('',#2700);
#864=VERTEX_POINT('',#2701);
#865=VERTEX_POINT('',#2704);
#866=VERTEX_POINT('',#2706);
#867=VERTEX_POINT('',#2708);
#868=VERTEX_POINT('',#2710);
#869=VERTEX_POINT('',#2712);
#870=VERTEX_POINT('',#2714);
#871=VERTEX_POINT('',#2716);
#872=VERTEX_POINT('',#2718);
#873=VERTEX_POINT('',#2720);
#874=VERTEX_POINT('',#2722);
#875=VERTEX_POINT('',#2724);
#876=VERTEX_POINT('',#2726);
#877=VERTEX_POINT('',#2728);
#878=VERTEX_POINT('',#2730);
#879=VERTEX_POINT('',#2732);
#880=VERTEX_POINT('',#2734);
#881=VERTEX_POINT('',#2736);
#882=VERTEX_POINT('',#2738);
#883=VERTEX_POINT('',#2742);
#884=VERTEX_POINT('',#2744);
#885=VERTEX_POINT('',#2746);
#886=VERTEX_POINT('',#2748);
#887=VERTEX_POINT('',#2750);
#888=VERTEX_POINT('',#2752);
#889=VERTEX_POINT('',#2754);
#890=VERTEX_POINT('',#2756);
#891=VERTEX_POINT('',#2758);
#892=VERTEX_POINT('',#2760);
#893=VERTEX_POINT('',#2762);
#894=VERTEX_POINT('',#2763);
#895=VERTEX_POINT('',#2765);
#896=VERTEX_POINT('',#2767);
#897=VERTEX_POINT('',#2770);
#898=VERTEX_POINT('',#2771);
#899=VERTEX_POINT('',#2773);
#900=VERTEX_POINT('',#2775);
#901=VERTEX_POINT('',#2778);
#902=VERTEX_POINT('',#2780);
#903=VERTEX_POINT('',#2782);
#904=VERTEX_POINT('',#2784);
#905=VERTEX_POINT('',#2786);
#906=VERTEX_POINT('',#2788);
#907=VERTEX_POINT('',#2790);
#908=VERTEX_POINT('',#2792);
#909=VERTEX_POINT('',#2794);
#910=VERTEX_POINT('',#2796);
#911=VERTEX_POINT('',#2798);
#912=VERTEX_POINT('',#2800);
#913=VERTEX_POINT('',#2802);
#914=VERTEX_POINT('',#2804);
#915=VERTEX_POINT('',#2806);
#916=VERTEX_POINT('',#2808);
#917=VERTEX_POINT('',#2810);
#918=VERTEX_POINT('',#2812);
#919=VERTEX_POINT('',#2814);
#920=VERTEX_POINT('',#2816);
#921=VERTEX_POINT('',#2829);
#922=VERTEX_POINT('',#2831);
#923=VERTEX_POINT('',#2835);
#924=VERTEX_POINT('',#2837);
#925=VERTEX_POINT('',#2841);
#926=VERTEX_POINT('',#2842);
#927=VERTEX_POINT('',#2844);
#928=VERTEX_POINT('',#2846);
#929=VERTEX_POINT('',#2848);
#930=VERTEX_POINT('',#2850);
#931=VERTEX_POINT('',#2854);
#932=VERTEX_POINT('',#2855);
#933=VERTEX_POINT('',#2861);
#934=VERTEX_POINT('',#2863);
#935=VERTEX_POINT('',#2866);
#936=VERTEX_POINT('',#2868);
#937=VERTEX_POINT('',#2872);
#938=VERTEX_POINT('',#2874);
#939=VERTEX_POINT('',#2877);
#940=VERTEX_POINT('',#2881);
#941=VERTEX_POINT('',#2885);
#942=VERTEX_POINT('',#2889);
#943=VERTEX_POINT('',#2896);
#944=VERTEX_POINT('',#2897);
#945=VERTEX_POINT('',#2900);
#946=VERTEX_POINT('',#2910);
#947=VERTEX_POINT('',#2917);
#948=VERTEX_POINT('',#2918);
#949=VERTEX_POINT('',#2921);
#950=VERTEX_POINT('',#2925);
#951=VERTEX_POINT('',#2926);
#952=VERTEX_POINT('',#2931);
#953=VERTEX_POINT('',#2932);
#954=VERTEX_POINT('',#2937);
#955=VERTEX_POINT('',#2941);
#956=VERTEX_POINT('',#2945);
#957=VERTEX_POINT('',#2952);
#958=VERTEX_POINT('',#2959);
#959=VERTEX_POINT('',#2966);
#960=VERTEX_POINT('',#3029);
#961=VERTEX_POINT('',#3033);
#962=VERTEX_POINT('',#3037);
#963=VERTEX_POINT('',#3041);
#964=VERTEX_POINT('',#3045);
#965=VERTEX_POINT('',#3047);
#966=VERTEX_POINT('',#3051);
#967=VERTEX_POINT('',#3055);
#968=VERTEX_POINT('',#3062);
#969=LINE('',#2549,#1164);
#970=LINE('',#2552,#1165);
#971=LINE('',#2554,#1166);
#972=LINE('',#2556,#1167);
#973=LINE('',#2558,#1168);
#974=LINE('',#2560,#1169);
#975=LINE('',#2622,#1170);
#976=LINE('',#2625,#1171);
#977=LINE('',#2627,#1172);
#978=LINE('',#2629,#1173);
#979=LINE('',#2631,#1174);
#980=LINE('',#2634,#1175);
#981=LINE('',#2636,#1176);
#982=LINE('',#2638,#1177);
#983=LINE('',#2651,#1178);
#984=LINE('',#2654,#1179);
#985=LINE('',#2656,#1180);
#986=LINE('',#2658,#1181);
#987=LINE('',#2659,#1182);
#988=LINE('',#2662,#1183);
#989=LINE('',#2664,#1184);
#990=LINE('',#2666,#1185);
#991=LINE('',#2667,#1186);
#992=LINE('',#2670,#1187);
#993=LINE('',#2672,#1188);
#994=LINE('',#2674,#1189);
#995=LINE('',#2675,#1190);
#996=LINE('',#2678,#1191);
#997=LINE('',#2680,#1192);
#998=LINE('',#2682,#1193);
#999=LINE('',#2683,#1194);
#1000=LINE('',#2686,#1195);
#1001=LINE('',#2688,#1196);
#1002=LINE('',#2690,#1197);
#1003=LINE('',#2691,#1198);
#1004=LINE('',#2694,#1199);
#1005=LINE('',#2696,#1200);
#1006=LINE('',#2698,#1201);
#1007=LINE('',#2699,#1202);
#1008=LINE('',#2702,#1203);
#1009=LINE('',#2703,#1204);
#1010=LINE('',#2705,#1205);
#1011=LINE('',#2707,#1206);
#1012=LINE('',#2709,#1207);
#1013=LINE('',#2711,#1208);
#1014=LINE('',#2713,#1209);
#1015=LINE('',#2715,#1210);
#1016=LINE('',#2717,#1211);
#1017=LINE('',#2719,#1212);
#1018=LINE('',#2721,#1213);
#1019=LINE('',#2723,#1214);
#1020=LINE('',#2725,#1215);
#1021=LINE('',#2727,#1216);
#1022=LINE('',#2729,#1217);
#1023=LINE('',#2731,#1218);
#1024=LINE('',#2733,#1219);
#1025=LINE('',#2735,#1220);
#1026=LINE('',#2737,#1221);
#1027=LINE('',#2739,#1222);
#1028=LINE('',#2761,#1223);
#1029=LINE('',#2764,#1224);
#1030=LINE('',#2766,#1225);
#1031=LINE('',#2768,#1226);
#1032=LINE('',#2769,#1227);
#1033=LINE('',#2772,#1228);
#1034=LINE('',#2774,#1229);
#1035=LINE('',#2776,#1230);
#1036=LINE('',#2777,#1231);
#1037=LINE('',#2779,#1232);
#1038=LINE('',#2781,#1233);
#1039=LINE('',#2783,#1234);
#1040=LINE('',#2785,#1235);
#1041=LINE('',#2787,#1236);
#1042=LINE('',#2789,#1237);
#1043=LINE('',#2791,#1238);
#1044=LINE('',#2793,#1239);
#1045=LINE('',#2795,#1240);
#1046=LINE('',#2797,#1241);
#1047=LINE('',#2799,#1242);
#1048=LINE('',#2801,#1243);
#1049=LINE('',#2803,#1244);
#1050=LINE('',#2805,#1245);
#1051=LINE('',#2807,#1246);
#1052=LINE('',#2809,#1247);
#1053=LINE('',#2811,#1248);
#1054=LINE('',#2813,#1249);
#1055=LINE('',#2815,#1250);
#1056=LINE('',#2817,#1251);
#1057=LINE('',#2819,#1252);
#1058=LINE('',#2820,#1253);
#1059=LINE('',#2822,#1254);
#1060=LINE('',#2823,#1255);
#1061=LINE('',#2825,#1256);
#1062=LINE('',#2826,#1257);
#1063=LINE('',#2828,#1258);
#1064=LINE('',#2830,#1259);
#1065=LINE('',#2832,#1260);
#1066=LINE('',#2834,#1261);
#1067=LINE('',#2836,#1262);
#1068=LINE('',#2838,#1263);
#1069=LINE('',#2840,#1264);
#1070=LINE('',#2843,#1265);
#1071=LINE('',#2845,#1266);
#1072=LINE('',#2847,#1267);
#1073=LINE('',#2849,#1268);
#1074=LINE('',#2851,#1269);
#1075=LINE('',#2853,#1270);
#1076=LINE('',#2856,#1271);
#1077=LINE('',#2857,#1272);
#1078=LINE('',#2858,#1273);
#1079=LINE('',#2860,#1274);
#1080=LINE('',#2862,#1275);
#1081=LINE('',#2864,#1276);
#1082=LINE('',#2865,#1277);
#1083=LINE('',#2867,#1278);
#1084=LINE('',#2869,#1279);
#1085=LINE('',#2871,#1280);
#1086=LINE('',#2873,#1281);
#1087=LINE('',#2875,#1282);
#1088=LINE('',#2876,#1283);
#1089=LINE('',#2878,#1284);
#1090=LINE('',#2880,#1285);
#1091=LINE('',#2882,#1286);
#1092=LINE('',#2884,#1287);
#1093=LINE('',#2886,#1288);
#1094=LINE('',#2888,#1289);
#1095=LINE('',#2890,#1290);
#1096=LINE('',#2891,#1291);
#1097=LINE('',#2893,#1292);
#1098=LINE('',#2895,#1293);
#1099=LINE('',#2898,#1294);
#1100=LINE('',#2899,#1295);
#1101=LINE('',#2901,#1296);
#1102=LINE('',#2903,#1297);
#1103=LINE('',#2904,#1298);
#1104=LINE('',#2906,#1299);
#1105=LINE('',#2907,#1300);
#1106=LINE('',#2909,#1301);
#1107=LINE('',#2911,#1302);
#1108=LINE('',#2913,#1303);
#1109=LINE('',#2916,#1304);
#1110=LINE('',#2919,#1305);
#1111=LINE('',#2920,#1306);
#1112=LINE('',#2922,#1307);
#1113=LINE('',#2924,#1308);
#1114=LINE('',#2927,#1309);
#1115=LINE('',#2928,#1310);
#1116=LINE('',#2930,#1311);
#1117=LINE('',#2933,#1312);
#1118=LINE('',#2934,#1313);
#1119=LINE('',#2936,#1314);
#1120=LINE('',#2938,#1315);
#1121=LINE('',#2940,#1316);
#1122=LINE('',#2942,#1317);
#1123=LINE('',#2944,#1318);
#1124=LINE('',#2946,#1319);
#1125=LINE('',#2948,#1320);
#1126=LINE('',#2951,#1321);
#1127=LINE('',#2953,#1322);
#1128=LINE('',#2955,#1323);
#1129=LINE('',#2958,#1324);
#1130=LINE('',#2960,#1325);
#1131=LINE('',#2962,#1326);
#1132=LINE('',#2965,#1327);
#1133=LINE('',#2967,#1328);
#1134=LINE('',#2969,#1329);
#1135=LINE('',#2972,#1330);
#1136=LINE('',#2973,#1331);
#1137=LINE('',#2975,#1332);
#1138=LINE('',#2977,#1333);
#1139=LINE('',#2979,#1334);
#1140=LINE('',#2980,#1335);
#1141=LINE('',#2982,#1336);
#1142=LINE('',#2984,#1337);
#1143=LINE('',#2990,#1338);
#1144=LINE('',#2991,#1339);
#1145=LINE('',#2993,#1340);
#1146=LINE('',#2995,#1341);
#1147=LINE('',#2997,#1342);
#1148=LINE('',#3002,#1343);
#1149=LINE('',#3004,#1344);
#1150=LINE('',#3005,#1345);
#1151=LINE('',#3007,#1346);
#1152=LINE('',#3011,#1347);
#1153=LINE('',#3044,#1348);
#1154=LINE('',#3046,#1349);
#1155=LINE('',#3048,#1350);
#1156=LINE('',#3050,#1351);
#1157=LINE('',#3052,#1352);
#1158=LINE('',#3054,#1353);
#1159=LINE('',#3056,#1354);
#1160=LINE('',#3058,#1355);
#1161=LINE('',#3061,#1356);
#1162=LINE('',#3063,#1357);
#1163=LINE('',#3065,#1358);
#1164=VECTOR('',#2054,1.);
#1165=VECTOR('',#2055,1.);
#1166=VECTOR('',#2056,1.);
#1167=VECTOR('',#2057,1.);
#1168=VECTOR('',#2058,1.);
#1169=VECTOR('',#2059,1.);
#1170=VECTOR('',#2134,1.);
#1171=VECTOR('',#2135,1.);
#1172=VECTOR('',#2136,1.);
#1173=VECTOR('',#2137,1.);
#1174=VECTOR('',#2140,1.);
#1175=VECTOR('',#2141,1.);
#1176=VECTOR('',#2142,1.);
#1177=VECTOR('',#2143,1.);
#1178=VECTOR('',#2156,1.);
#1179=VECTOR('',#2157,1.);
#1180=VECTOR('',#2158,1.);
#1181=VECTOR('',#2159,1.);
#1182=VECTOR('',#2160,1.);
#1183=VECTOR('',#2161,1.);
#1184=VECTOR('',#2162,1.);
#1185=VECTOR('',#2163,1.);
#1186=VECTOR('',#2164,1.);
#1187=VECTOR('',#2165,1.);
#1188=VECTOR('',#2166,1.);
#1189=VECTOR('',#2167,1.);
#1190=VECTOR('',#2168,1.);
#1191=VECTOR('',#2169,1.);
#1192=VECTOR('',#2170,1.);
#1193=VECTOR('',#2171,1.);
#1194=VECTOR('',#2172,1.);
#1195=VECTOR('',#2173,1.);
#1196=VECTOR('',#2174,1.);
#1197=VECTOR('',#2175,1.);
#1198=VECTOR('',#2176,1.);
#1199=VECTOR('',#2177,1.);
#1200=VECTOR('',#2178,1.);
#1201=VECTOR('',#2179,1.);
#1202=VECTOR('',#2180,1.);
#1203=VECTOR('',#2181,1.);
#1204=VECTOR('',#2182,1.);
#1205=VECTOR('',#2183,1.);
#1206=VECTOR('',#2184,1.);
#1207=VECTOR('',#2185,1.);
#1208=VECTOR('',#2186,1.);
#1209=VECTOR('',#2187,1.);
#1210=VECTOR('',#2188,1.);
#1211=VECTOR('',#2189,1.);
#1212=VECTOR('',#2190,1.);
#1213=VECTOR('',#2191,1.);
#1214=VECTOR('',#2192,1.);
#1215=VECTOR('',#2193,1.);
#1216=VECTOR('',#2194,1.);
#1217=VECTOR('',#2195,1.);
#1218=VECTOR('',#2196,1.);
#1219=VECTOR('',#2197,1.);
#1220=VECTOR('',#2198,1.);
#1221=VECTOR('',#2199,1.);
#1222=VECTOR('',#2200,1.);
#1223=VECTOR('',#2223,1.);
#1224=VECTOR('',#2224,1.);
#1225=VECTOR('',#2225,1.);
#1226=VECTOR('',#2226,1.);
#1227=VECTOR('',#2227,1.);
#1228=VECTOR('',#2228,1.);
#1229=VECTOR('',#2229,1.);
#1230=VECTOR('',#2230,1.);
#1231=VECTOR('',#2231,1.);
#1232=VECTOR('',#2232,1.);
#1233=VECTOR('',#2233,1.);
#1234=VECTOR('',#2234,1.);
#1235=VECTOR('',#2235,1.);
#1236=VECTOR('',#2236,1.);
#1237=VECTOR('',#2237,1.);
#1238=VECTOR('',#2238,1.);
#1239=VECTOR('',#2239,1.);
#1240=VECTOR('',#2240,1.);
#1241=VECTOR('',#2241,1.);
#1242=VECTOR('',#2242,1.);
#1243=VECTOR('',#2243,1.);
#1244=VECTOR('',#2244,1.);
#1245=VECTOR('',#2245,1.);
#1246=VECTOR('',#2246,1.);
#1247=VECTOR('',#2247,1.);
#1248=VECTOR('',#2248,1.);
#1249=VECTOR('',#2249,1.);
#1250=VECTOR('',#2250,1.);
#1251=VECTOR('',#2251,1.);
#1252=VECTOR('',#2254,1.);
#1253=VECTOR('',#2255,1.);
#1254=VECTOR('',#2258,1.);
#1255=VECTOR('',#2259,1.);
#1256=VECTOR('',#2262,1.);
#1257=VECTOR('',#2263,1.);
#1258=VECTOR('',#2266,1.);
#1259=VECTOR('',#2267,1.);
#1260=VECTOR('',#2268,1.);
#1261=VECTOR('',#2271,1.);
#1262=VECTOR('',#2272,1.);
#1263=VECTOR('',#2273,1.);
#1264=VECTOR('',#2276,1.);
#1265=VECTOR('',#2277,1.);
#1266=VECTOR('',#2278,1.);
#1267=VECTOR('',#2279,1.);
#1268=VECTOR('',#2280,1.);
#1269=VECTOR('',#2281,1.);
#1270=VECTOR('',#2284,1.);
#1271=VECTOR('',#2285,1.);
#1272=VECTOR('',#2286,1.);
#1273=VECTOR('',#2287,1.);
#1274=VECTOR('',#2290,1.);
#1275=VECTOR('',#2291,1.);
#1276=VECTOR('',#2292,1.);
#1277=VECTOR('',#2293,1.);
#1278=VECTOR('',#2294,1.);
#1279=VECTOR('',#2295,1.);
#1280=VECTOR('',#2298,1.);
#1281=VECTOR('',#2299,1.);
#1282=VECTOR('',#2300,1.);
#1283=VECTOR('',#2301,1.);
#1284=VECTOR('',#2302,1.);
#1285=VECTOR('',#2305,1.);
#1286=VECTOR('',#2306,1.);
#1287=VECTOR('',#2309,1.);
#1288=VECTOR('',#2310,1.);
#1289=VECTOR('',#2313,1.);
#1290=VECTOR('',#2314,1.);
#1291=VECTOR('',#2315,1.);
#1292=VECTOR('',#2318,1.);
#1293=VECTOR('',#2321,1.);
#1294=VECTOR('',#2322,1.);
#1295=VECTOR('',#2323,1.);
#1296=VECTOR('',#2324,1.);
#1297=VECTOR('',#2327,1.);
#1298=VECTOR('',#2328,1.);
#1299=VECTOR('',#2331,1.);
#1300=VECTOR('',#2332,1.);
#1301=VECTOR('',#2335,1.);
#1302=VECTOR('',#2336,1.);
#1303=VECTOR('',#2339,1.);
#1304=VECTOR('',#2344,1.);
#1305=VECTOR('',#2345,1.);
#1306=VECTOR('',#2346,1.);
#1307=VECTOR('',#2347,1.);
#1308=VECTOR('',#2350,1.);
#1309=VECTOR('',#2351,1.);
#1310=VECTOR('',#2352,1.);
#1311=VECTOR('',#2355,1.);
#1312=VECTOR('',#2356,1.);
#1313=VECTOR('',#2357,1.);
#1314=VECTOR('',#2360,1.);
#1315=VECTOR('',#2361,1.);
#1316=VECTOR('',#2364,1.);
#1317=VECTOR('',#2365,1.);
#1318=VECTOR('',#2368,1.);
#1319=VECTOR('',#2369,1.);
#1320=VECTOR('',#2372,1.);
#1321=VECTOR('',#2377,1.);
#1322=VECTOR('',#2378,1.);
#1323=VECTOR('',#2381,1.);
#1324=VECTOR('',#2386,1.);
#1325=VECTOR('',#2387,1.);
#1326=VECTOR('',#2390,1.);
#1327=VECTOR('',#2395,1.);
#1328=VECTOR('',#2396,1.);
#1329=VECTOR('',#2399,1.);
#1330=VECTOR('',#2404,1.);
#1331=VECTOR('',#2405,1.);
#1332=VECTOR('',#2408,1.);
#1333=VECTOR('',#2411,1.);
#1334=VECTOR('',#2414,1.);
#1335=VECTOR('',#2415,1.);
#1336=VECTOR('',#2418,1.);
#1337=VECTOR('',#2421,1.);
#1338=VECTOR('',#2432,1.);
#1339=VECTOR('',#2433,1.);
#1340=VECTOR('',#2436,1.);
#1341=VECTOR('',#2439,1.);
#1342=VECTOR('',#2442,1.);
#1343=VECTOR('',#2451,1.);
#1344=VECTOR('',#2454,1.);
#1345=VECTOR('',#2455,1.);
#1346=VECTOR('',#2458,1.);
#1347=VECTOR('',#2465,1.);
#1348=VECTOR('',#2522,1.);
#1349=VECTOR('',#2523,1.);
#1350=VECTOR('',#2524,1.);
#1351=VECTOR('',#2527,1.);
#1352=VECTOR('',#2528,1.);
#1353=VECTOR('',#2531,1.);
#1354=VECTOR('',#2532,1.);
#1355=VECTOR('',#2535,1.);
#1356=VECTOR('',#2540,1.);
#1357=VECTOR('',#2541,1.);
#1358=VECTOR('',#2544,1.);
#1359=EDGE_LOOP('',(#78,#79,#80,#81,#82,#83));
#1360=EDGE_LOOP('',(#84));
#1361=EDGE_LOOP('',(#85));
#1362=EDGE_LOOP('',(#86));
#1363=EDGE_LOOP('',(#87));
#1364=EDGE_LOOP('',(#88));
#1365=EDGE_LOOP('',(#89));
#1366=EDGE_LOOP('',(#90));
#1367=EDGE_LOOP('',(#91));
#1368=EDGE_LOOP('',(#92));
#1369=EDGE_LOOP('',(#93));
#1370=EDGE_LOOP('',(#94));
#1371=EDGE_LOOP('',(#95));
#1372=EDGE_LOOP('',(#96));
#1373=EDGE_LOOP('',(#97));
#1374=EDGE_LOOP('',(#98));
#1375=EDGE_LOOP('',(#99));
#1376=EDGE_LOOP('',(#100));
#1377=EDGE_LOOP('',(#101));
#1378=EDGE_LOOP('',(#102));
#1379=EDGE_LOOP('',(#103));
#1380=EDGE_LOOP('',(#104));
#1381=EDGE_LOOP('',(#105));
#1382=EDGE_LOOP('',(#106));
#1383=EDGE_LOOP('',(#107));
#1384=EDGE_LOOP('',(#108,#109,#110,#111));
#1385=EDGE_LOOP('',(#112,#113,#114,#115));
#1386=EDGE_LOOP('',(#116));
#1387=EDGE_LOOP('',(#117));
#1388=EDGE_LOOP('',(#118));
#1389=EDGE_LOOP('',(#119));
#1390=EDGE_LOOP('',(#120));
#1391=EDGE_LOOP('',(#121));
#1392=EDGE_LOOP('',(#122));
#1393=EDGE_LOOP('',(#123));
#1394=EDGE_LOOP('',(#124));
#1395=EDGE_LOOP('',(#125));
#1396=EDGE_LOOP('',(#126));
#1397=EDGE_LOOP('',(#127));
#1398=EDGE_LOOP('',(#128));
#1399=EDGE_LOOP('',(#129));
#1400=EDGE_LOOP('',(#130,#131,#132,#133));
#1401=EDGE_LOOP('',(#134,#135,#136,#137));
#1402=EDGE_LOOP('',(#138));
#1403=EDGE_LOOP('',(#139));
#1404=EDGE_LOOP('',(#140));
#1405=EDGE_LOOP('',(#141));
#1406=EDGE_LOOP('',(#142,#143,#144,#145));
#1407=EDGE_LOOP('',(#146,#147,#148,#149));
#1408=EDGE_LOOP('',(#150,#151,#152,#153));
#1409=EDGE_LOOP('',(#154,#155,#156,#157));
#1410=EDGE_LOOP('',(#158,#159,#160,#161,#162,#163,#164,#165,#166,#167,#168,
#169,#170,#171,#172,#173,#174,#175,#176,#177,#178,#179));
#1411=EDGE_LOOP('',(#180));
#1412=EDGE_LOOP('',(#181));
#1413=EDGE_LOOP('',(#182));
#1414=EDGE_LOOP('',(#183));
#1415=EDGE_LOOP('',(#184));
#1416=EDGE_LOOP('',(#185));
#1417=EDGE_LOOP('',(#186));
#1418=EDGE_LOOP('',(#187));
#1419=EDGE_LOOP('',(#188));
#1420=EDGE_LOOP('',(#189));
#1421=EDGE_LOOP('',(#190,#191,#192,#193));
#1422=EDGE_LOOP('',(#194,#195,#196,#197));
#1423=EDGE_LOOP('',(#198,#199,#200,#201,#202,#203,#204,#205,#206,#207,#208,
#209,#210,#211,#212,#213,#214,#215,#216,#217,#218,#219));
#1424=EDGE_LOOP('',(#220,#221,#222,#223));
#1425=EDGE_LOOP('',(#224,#225,#226,#227));
#1426=EDGE_LOOP('',(#228,#229,#230,#231));
#1427=EDGE_LOOP('',(#232,#233,#234,#235));
#1428=EDGE_LOOP('',(#236,#237,#238,#239));
#1429=EDGE_LOOP('',(#240,#241,#242,#243,#244,#245));
#1430=EDGE_LOOP('',(#246,#247,#248,#249,#250,#251));
#1431=EDGE_LOOP('',(#252,#253,#254,#255,#256,#257,#258,#259));
#1432=EDGE_LOOP('',(#260,#261,#262,#263,#264,#265,#266,#267));
#1433=EDGE_LOOP('',(#268,#269,#270,#271));
#1434=EDGE_LOOP('',(#272,#273,#274,#275));
#1435=EDGE_LOOP('',(#276,#277,#278,#279,#280,#281));
#1436=EDGE_LOOP('',(#282,#283,#284,#285));
#1437=EDGE_LOOP('',(#286,#287,#288,#289,#290,#291));
#1438=EDGE_LOOP('',(#292,#293,#294,#295));
#1439=EDGE_LOOP('',(#296,#297,#298,#299));
#1440=EDGE_LOOP('',(#300,#301,#302,#303));
#1441=EDGE_LOOP('',(#304,#305,#306,#307));
#1442=EDGE_LOOP('',(#308,#309,#310,#311));
#1443=EDGE_LOOP('',(#312,#313,#314,#315,#316,#317));
#1444=EDGE_LOOP('',(#318,#319,#320,#321,#322,#323));
#1445=EDGE_LOOP('',(#324,#325,#326,#327,#328,#329));
#1446=EDGE_LOOP('',(#330,#331,#332,#333,#334,#335));
#1447=EDGE_LOOP('',(#336,#337,#338,#339,#340,#341));
#1448=EDGE_LOOP('',(#342,#343,#344,#345,#346,#347));
#1449=EDGE_LOOP('',(#348,#349,#350,#351));
#1450=EDGE_LOOP('',(#352,#353,#354,#355));
#1451=EDGE_LOOP('',(#356,#357,#358,#359));
#1452=EDGE_LOOP('',(#360,#361,#362,#363));
#1453=EDGE_LOOP('',(#364,#365,#366,#367));
#1454=EDGE_LOOP('',(#368,#369,#370,#371));
#1455=EDGE_LOOP('',(#372,#373,#374,#375));
#1456=EDGE_LOOP('',(#376,#377,#378,#379));
#1457=EDGE_LOOP('',(#380,#381,#382,#383));
#1458=EDGE_LOOP('',(#384,#385,#386,#387));
#1459=EDGE_LOOP('',(#388,#389,#390,#391));
#1460=EDGE_LOOP('',(#392,#393,#394,#395));
#1461=EDGE_LOOP('',(#396,#397,#398,#399));
#1462=EDGE_LOOP('',(#400,#401,#402,#403));
#1463=EDGE_LOOP('',(#404,#405,#406,#407));
#1464=EDGE_LOOP('',(#408,#409,#410,#411));
#1465=EDGE_LOOP('',(#412,#413,#414,#415));
#1466=EDGE_LOOP('',(#416,#417,#418,#419));
#1467=EDGE_LOOP('',(#420,#421,#422,#423));
#1468=EDGE_LOOP('',(#424,#425,#426,#427));
#1469=EDGE_LOOP('',(#428,#429,#430,#431));
#1470=EDGE_LOOP('',(#432,#433,#434,#435));
#1471=EDGE_LOOP('',(#436,#437,#438,#439));
#1472=EDGE_LOOP('',(#440,#441,#442,#443));
#1473=EDGE_LOOP('',(#444,#445,#446,#447));
#1474=EDGE_LOOP('',(#448,#449,#450,#451));
#1475=EDGE_LOOP('',(#452,#453,#454,#455));
#1476=EDGE_LOOP('',(#456,#457,#458,#459));
#1477=EDGE_LOOP('',(#460,#461,#462,#463));
#1478=EDGE_LOOP('',(#464,#465,#466,#467));
#1479=EDGE_LOOP('',(#468,#469,#470,#471));
#1480=EDGE_LOOP('',(#472,#473,#474,#475));
#1481=EDGE_LOOP('',(#476,#477,#478,#479));
#1482=EDGE_LOOP('',(#480,#481,#482,#483));
#1483=EDGE_LOOP('',(#484,#485,#486,#487));
#1484=EDGE_LOOP('',(#488));
#1485=EDGE_LOOP('',(#489));
#1486=EDGE_LOOP('',(#490));
#1487=EDGE_LOOP('',(#491));
#1488=EDGE_LOOP('',(#492));
#1489=EDGE_LOOP('',(#493));
#1490=EDGE_LOOP('',(#494));
#1491=EDGE_LOOP('',(#495));
#1492=EDGE_LOOP('',(#496));
#1493=EDGE_LOOP('',(#497));
#1494=EDGE_LOOP('',(#498));
#1495=EDGE_LOOP('',(#499));
#1496=EDGE_LOOP('',(#500));
#1497=EDGE_LOOP('',(#501));
#1498=EDGE_LOOP('',(#502));
#1499=EDGE_LOOP('',(#503));
#1500=EDGE_LOOP('',(#504));
#1501=EDGE_LOOP('',(#505));
#1502=EDGE_LOOP('',(#506));
#1503=EDGE_LOOP('',(#507));
#1504=EDGE_LOOP('',(#508));
#1505=EDGE_LOOP('',(#509));
#1506=EDGE_LOOP('',(#510));
#1507=EDGE_LOOP('',(#511));
#1508=EDGE_LOOP('',(#512));
#1509=EDGE_LOOP('',(#513));
#1510=EDGE_LOOP('',(#514));
#1511=EDGE_LOOP('',(#515));
#1512=EDGE_LOOP('',(#516));
#1513=EDGE_LOOP('',(#517));
#1514=EDGE_LOOP('',(#518));
#1515=EDGE_LOOP('',(#519));
#1516=EDGE_LOOP('',(#520));
#1517=EDGE_LOOP('',(#521));
#1518=EDGE_LOOP('',(#522));
#1519=EDGE_LOOP('',(#523));
#1520=EDGE_LOOP('',(#524,#525,#526,#527));
#1521=EDGE_LOOP('',(#528,#529,#530,#531));
#1522=EDGE_LOOP('',(#532,#533,#534,#535));
#1523=EDGE_LOOP('',(#536,#537,#538,#539));
#1524=EDGE_LOOP('',(#540,#541,#542,#543));
#1525=EDGE_LOOP('',(#544,#545,#546,#547));
#1526=EDGE_LOOP('',(#548,#549,#550,#551));
#1527=EDGE_LOOP('',(#552,#553,#554,#555));
#1528=FACE_BOUND('',#1359,.T.);
#1529=FACE_BOUND('',#1360,.T.);
#1530=FACE_BOUND('',#1361,.T.);
#1531=FACE_BOUND('',#1362,.T.);
#1532=FACE_BOUND('',#1363,.T.);
#1533=FACE_BOUND('',#1364,.T.);
#1534=FACE_BOUND('',#1365,.T.);
#1535=FACE_BOUND('',#1366,.T.);
#1536=FACE_BOUND('',#1367,.T.);
#1537=FACE_BOUND('',#1368,.T.);
#1538=FACE_BOUND('',#1369,.T.);
#1539=FACE_BOUND('',#1370,.T.);
#1540=FACE_BOUND('',#1371,.T.);
#1541=FACE_BOUND('',#1372,.T.);
#1542=FACE_BOUND('',#1373,.T.);
#1543=FACE_BOUND('',#1374,.T.);
#1544=FACE_BOUND('',#1375,.T.);
#1545=FACE_BOUND('',#1376,.T.);
#1546=FACE_BOUND('',#1377,.T.);
#1547=FACE_BOUND('',#1378,.T.);
#1548=FACE_BOUND('',#1379,.T.);
#1549=FACE_BOUND('',#1380,.T.);
#1550=FACE_BOUND('',#1381,.T.);
#1551=FACE_BOUND('',#1382,.T.);
#1552=FACE_BOUND('',#1383,.T.);
#1553=FACE_BOUND('',#1384,.T.);
#1554=FACE_BOUND('',#1385,.T.);
#1555=FACE_BOUND('',#1386,.T.);
#1556=FACE_BOUND('',#1387,.T.);
#1557=FACE_BOUND('',#1388,.T.);
#1558=FACE_BOUND('',#1389,.T.);
#1559=FACE_BOUND('',#1390,.T.);
#1560=FACE_BOUND('',#1391,.T.);
#1561=FACE_BOUND('',#1392,.T.);
#1562=FACE_BOUND('',#1393,.T.);
#1563=FACE_BOUND('',#1394,.T.);
#1564=FACE_BOUND('',#1395,.T.);
#1565=FACE_BOUND('',#1396,.T.);
#1566=FACE_BOUND('',#1397,.T.);
#1567=FACE_BOUND('',#1398,.T.);
#1568=FACE_BOUND('',#1399,.T.);
#1569=FACE_BOUND('',#1400,.T.);
#1570=FACE_BOUND('',#1401,.T.);
#1571=FACE_BOUND('',#1402,.T.);
#1572=FACE_BOUND('',#1403,.T.);
#1573=FACE_BOUND('',#1404,.T.);
#1574=FACE_BOUND('',#1405,.T.);
#1575=FACE_BOUND('',#1406,.T.);
#1576=FACE_BOUND('',#1407,.T.);
#1577=FACE_BOUND('',#1408,.T.);
#1578=FACE_BOUND('',#1409,.T.);
#1579=FACE_BOUND('',#1410,.T.);
#1580=FACE_BOUND('',#1411,.T.);
#1581=FACE_BOUND('',#1412,.T.);
#1582=FACE_BOUND('',#1413,.T.);
#1583=FACE_BOUND('',#1414,.T.);
#1584=FACE_BOUND('',#1415,.T.);
#1585=FACE_BOUND('',#1416,.T.);
#1586=FACE_BOUND('',#1417,.T.);
#1587=FACE_BOUND('',#1418,.T.);
#1588=FACE_BOUND('',#1419,.T.);
#1589=FACE_BOUND('',#1420,.T.);
#1590=FACE_BOUND('',#1421,.T.);
#1591=FACE_BOUND('',#1422,.T.);
#1592=FACE_BOUND('',#1423,.T.);
#1593=FACE_BOUND('',#1424,.T.);
#1594=FACE_BOUND('',#1425,.T.);
#1595=FACE_BOUND('',#1426,.T.);
#1596=FACE_BOUND('',#1427,.T.);
#1597=FACE_BOUND('',#1428,.T.);
#1598=FACE_BOUND('',#1429,.T.);
#1599=FACE_BOUND('',#1430,.T.);
#1600=FACE_BOUND('',#1431,.T.);
#1601=FACE_BOUND('',#1432,.T.);
#1602=FACE_BOUND('',#1433,.T.);
#1603=FACE_BOUND('',#1434,.T.);
#1604=FACE_BOUND('',#1435,.T.);
#1605=FACE_BOUND('',#1436,.T.);
#1606=FACE_BOUND('',#1437,.T.);
#1607=FACE_BOUND('',#1438,.T.);
#1608=FACE_BOUND('',#1439,.T.);
#1609=FACE_BOUND('',#1440,.T.);
#1610=FACE_BOUND('',#1441,.T.);
#1611=FACE_BOUND('',#1442,.T.);
#1612=FACE_BOUND('',#1443,.T.);
#1613=FACE_BOUND('',#1444,.T.);
#1614=FACE_BOUND('',#1445,.T.);
#1615=FACE_BOUND('',#1446,.T.);
#1616=FACE_BOUND('',#1447,.T.);
#1617=FACE_BOUND('',#1448,.T.);
#1618=FACE_BOUND('',#1449,.T.);
#1619=FACE_BOUND('',#1450,.T.);
#1620=FACE_BOUND('',#1451,.T.);
#1621=FACE_BOUND('',#1452,.T.);
#1622=FACE_BOUND('',#1453,.T.);
#1623=FACE_BOUND('',#1454,.T.);
#1624=FACE_BOUND('',#1455,.T.);
#1625=FACE_BOUND('',#1456,.T.);
#1626=FACE_BOUND('',#1457,.T.);
#1627=FACE_BOUND('',#1458,.T.);
#1628=FACE_BOUND('',#1459,.T.);
#1629=FACE_BOUND('',#1460,.T.);
#1630=FACE_BOUND('',#1461,.T.);
#1631=FACE_BOUND('',#1462,.T.);
#1632=FACE_BOUND('',#1463,.T.);
#1633=FACE_BOUND('',#1464,.T.);
#1634=FACE_BOUND('',#1465,.T.);
#1635=FACE_BOUND('',#1466,.T.);
#1636=FACE_BOUND('',#1467,.T.);
#1637=FACE_BOUND('',#1468,.T.);
#1638=FACE_BOUND('',#1469,.T.);
#1639=FACE_BOUND('',#1470,.T.);
#1640=FACE_BOUND('',#1471,.T.);
#1641=FACE_BOUND('',#1472,.T.);
#1642=FACE_BOUND('',#1473,.T.);
#1643=FACE_BOUND('',#1474,.T.);
#1644=FACE_BOUND('',#1475,.T.);
#1645=FACE_BOUND('',#1476,.T.);
#1646=FACE_BOUND('',#1477,.T.);
#1647=FACE_BOUND('',#1478,.T.);
#1648=FACE_BOUND('',#1479,.T.);
#1649=FACE_BOUND('',#1480,.T.);
#1650=FACE_BOUND('',#1481,.T.);
#1651=FACE_BOUND('',#1482,.T.);
#1652=FACE_BOUND('',#1483,.T.);
#1653=FACE_BOUND('',#1484,.T.);
#1654=FACE_BOUND('',#1485,.T.);
#1655=FACE_BOUND('',#1486,.T.);
#1656=FACE_BOUND('',#1487,.T.);
#1657=FACE_BOUND('',#1488,.T.);
#1658=FACE_BOUND('',#1489,.T.);
#1659=FACE_BOUND('',#1490,.T.);
#1660=FACE_BOUND('',#1491,.T.);
#1661=FACE_BOUND('',#1492,.T.);
#1662=FACE_BOUND('',#1493,.T.);
#1663=FACE_BOUND('',#1494,.T.);
#1664=FACE_BOUND('',#1495,.T.);
#1665=FACE_BOUND('',#1496,.T.);
#1666=FACE_BOUND('',#1497,.T.);
#1667=FACE_BOUND('',#1498,.T.);
#1668=FACE_BOUND('',#1499,.T.);
#1669=FACE_BOUND('',#1500,.T.);
#1670=FACE_BOUND('',#1501,.T.);
#1671=FACE_BOUND('',#1502,.T.);
#1672=FACE_BOUND('',#1503,.T.);
#1673=FACE_BOUND('',#1504,.T.);
#1674=FACE_BOUND('',#1505,.T.);
#1675=FACE_BOUND('',#1506,.T.);
#1676=FACE_BOUND('',#1507,.T.);
#1677=FACE_BOUND('',#1508,.T.);
#1678=FACE_BOUND('',#1509,.T.);
#1679=FACE_BOUND('',#1510,.T.);
#1680=FACE_BOUND('',#1511,.T.);
#1681=FACE_BOUND('',#1512,.T.);
#1682=FACE_BOUND('',#1513,.T.);
#1683=FACE_BOUND('',#1514,.T.);
#1684=FACE_BOUND('',#1515,.T.);
#1685=FACE_BOUND('',#1516,.T.);
#1686=FACE_BOUND('',#1517,.T.);
#1687=FACE_BOUND('',#1518,.T.);
#1688=FACE_BOUND('',#1519,.T.);
#1689=FACE_BOUND('',#1520,.T.);
#1690=FACE_BOUND('',#1521,.T.);
#1691=FACE_BOUND('',#1522,.T.);
#1692=FACE_BOUND('',#1523,.T.);
#1693=FACE_BOUND('',#1524,.T.);
#1694=FACE_BOUND('',#1525,.T.);
#1695=FACE_BOUND('',#1526,.T.);
#1696=FACE_BOUND('',#1527,.T.);
#1697=PLANE('',#1900);
#1698=PLANE('',#1937);
#1699=PLANE('',#1938);
#1700=PLANE('',#1945);
#1701=PLANE('',#1956);
#1702=PLANE('',#1957);
#1703=PLANE('',#1958);
#1704=PLANE('',#1959);
#1705=PLANE('',#1960);
#1706=PLANE('',#1961);
#1707=PLANE('',#1962);
#1708=PLANE('',#1963);
#1709=PLANE('',#1964);
#1710=PLANE('',#1965);
#1711=PLANE('',#1966);
#1712=PLANE('',#1967);
#1713=PLANE('',#1968);
#1714=PLANE('',#1969);
#1715=PLANE('',#1970);
#1716=PLANE('',#1971);
#1717=PLANE('',#1972);
#1718=PLANE('',#1973);
#1719=PLANE('',#1974);
#1720=PLANE('',#1975);
#1721=PLANE('',#1976);
#1722=PLANE('',#1977);
#1723=PLANE('',#1978);
#1724=PLANE('',#1979);
#1725=PLANE('',#1980);
#1726=PLANE('',#1981);
#1727=PLANE('',#1982);
#1728=PLANE('',#1983);
#1729=PLANE('',#1984);
#1730=PLANE('',#1985);
#1731=PLANE('',#1986);
#1732=PLANE('',#1987);
#1733=PLANE('',#1988);
#1734=PLANE('',#1989);
#1735=PLANE('',#1990);
#1736=PLANE('',#1991);
#1737=PLANE('',#1992);
#1738=PLANE('',#1993);
#1739=PLANE('',#1994);
#1740=PLANE('',#1995);
#1741=PLANE('',#1996);
#1742=PLANE('',#1997);
#1743=PLANE('',#1998);
#1744=PLANE('',#1999);
#1745=PLANE('',#2000);
#1746=PLANE('',#2001);
#1747=PLANE('',#2002);
#1748=PLANE('',#2003);
#1749=PLANE('',#2004);
#1750=PLANE('',#2005);
#1751=PLANE('',#2006);
#1752=PLANE('',#2007);
#1753=PLANE('',#2008);
#1754=PLANE('',#2009);
#1755=PLANE('',#2010);
#1756=PLANE('',#2011);
#1757=PLANE('',#2012);
#1758=PLANE('',#2013);
#1759=PLANE('',#2014);
#1760=PLANE('',#2015);
#1761=PLANE('',#2022);
#1762=PLANE('',#2023);
#1763=PLANE('',#2024);
#1764=PLANE('',#2025);
#1765=PLANE('',#2026);
#1766=PLANE('',#2027);
#1767=PLANE('',#2028);
#1768=PLANE('',#2029);
#1769=PLANE('',#2032);
#1770=PLANE('',#2035);
#1771=PLANE('',#2038);
#1772=PLANE('',#2041);
#1773=PLANE('',#2042);
#1774=PLANE('',#2043);
#1775=PLANE('',#2044);
#1776=PLANE('',#2045);
#1777=PLANE('',#2046);
#1778=PLANE('',#2047);
#1779=PLANE('',#2048);
#1780=PLANE('',#2049);
#1781=ADVANCED_FACE('',(#1528),#1697,.T.);
#1782=ADVANCED_FACE('',(#1529,#1530),#56,.F.);
#1783=ADVANCED_FACE('',(#1531,#1532),#57,.F.);
#1784=ADVANCED_FACE('',(#1533,#1534),#58,.F.);
#1785=ADVANCED_FACE('',(#1535,#1536),#59,.F.);
#1786=ADVANCED_FACE('',(#1537,#1538),#60,.F.);
#1787=ADVANCED_FACE('',(#1539,#1540),#61,.F.);
#1788=ADVANCED_FACE('',(#1541,#1542),#62,.F.);
#1789=ADVANCED_FACE('',(#1543,#1544),#63,.F.);
#1790=ADVANCED_FACE('',(#1545,#1546),#64,.F.);
#1791=ADVANCED_FACE('',(#1547,#1548),#65,.F.);
#1792=ADVANCED_FACE('',(#1549,#1550),#66,.F.);
#1793=ADVANCED_FACE('',(#1551,#1552),#67,.F.);
#1794=ADVANCED_FACE('',(#1553),#1698,.F.);
#1795=ADVANCED_FACE('',(#1554,#1555,#1556,#1557,#1558,#1559,#1560,#1561,
#1562,#1563,#1564,#1565,#1566,#1567,#1568,#1569,#1570,#1571,#1572,#1573,
#1574,#1575,#1576,#1577,#1578,#1579),#1699,.T.);
#1796=ADVANCED_FACE('',(#1580,#1581,#1582,#1583,#1584,#1585,#1586,#1587,
#1588,#1589,#1590,#1591,#1592),#1700,.F.);
#1797=ADVANCED_FACE('',(#1593),#1701,.F.);
#1798=ADVANCED_FACE('',(#1594),#1702,.T.);
#1799=ADVANCED_FACE('',(#1595),#1703,.T.);
#1800=ADVANCED_FACE('',(#1596),#1704,.T.);
#1801=ADVANCED_FACE('',(#1597),#1705,.T.);
#1802=ADVANCED_FACE('',(#1598),#1706,.T.);
#1803=ADVANCED_FACE('',(#1599),#1707,.T.);
#1804=ADVANCED_FACE('',(#1600),#1708,.F.);
#1805=ADVANCED_FACE('',(#1601),#1709,.T.);
#1806=ADVANCED_FACE('',(#1602),#1710,.F.);
#1807=ADVANCED_FACE('',(#1603),#1711,.T.);
#1808=ADVANCED_FACE('',(#1604),#1712,.T.);
#1809=ADVANCED_FACE('',(#1605),#1713,.T.);
#1810=ADVANCED_FACE('',(#1606),#1714,.T.);
#1811=ADVANCED_FACE('',(#1607),#1715,.F.);
#1812=ADVANCED_FACE('',(#1608),#1716,.T.);
#1813=ADVANCED_FACE('',(#1609),#1717,.T.);
#1814=ADVANCED_FACE('',(#1610),#1718,.F.);
#1815=ADVANCED_FACE('',(#1611),#1719,.T.);
#1816=ADVANCED_FACE('',(#1612),#1720,.T.);
#1817=ADVANCED_FACE('',(#1613),#1721,.F.);
#1818=ADVANCED_FACE('',(#1614),#1722,.T.);
#1819=ADVANCED_FACE('',(#1615),#1723,.F.);
#1820=ADVANCED_FACE('',(#1616),#1724,.F.);
#1821=ADVANCED_FACE('',(#1617),#1725,.T.);
#1822=ADVANCED_FACE('',(#1618),#1726,.F.);
#1823=ADVANCED_FACE('',(#1619),#1727,.F.);
#1824=ADVANCED_FACE('',(#1620),#1728,.F.);
#1825=ADVANCED_FACE('',(#1621),#1729,.F.);
#1826=ADVANCED_FACE('',(#1622),#1730,.T.);
#1827=ADVANCED_FACE('',(#1623),#1731,.F.);
#1828=ADVANCED_FACE('',(#1624),#1732,.F.);
#1829=ADVANCED_FACE('',(#1625),#1733,.T.);
#1830=ADVANCED_FACE('',(#1626),#1734,.T.);
#1831=ADVANCED_FACE('',(#1627),#1735,.T.);
#1832=ADVANCED_FACE('',(#1628),#1736,.T.);
#1833=ADVANCED_FACE('',(#1629),#1737,.T.);
#1834=ADVANCED_FACE('',(#1630),#1738,.T.);
#1835=ADVANCED_FACE('',(#1631),#1739,.F.);
#1836=ADVANCED_FACE('',(#1632),#1740,.T.);
#1837=ADVANCED_FACE('',(#1633),#1741,.F.);
#1838=ADVANCED_FACE('',(#1634),#1742,.F.);
#1839=ADVANCED_FACE('',(#1635),#1743,.F.);
#1840=ADVANCED_FACE('',(#1636),#1744,.F.);
#1841=ADVANCED_FACE('',(#1637),#1745,.T.);
#1842=ADVANCED_FACE('',(#1638),#1746,.F.);
#1843=ADVANCED_FACE('',(#1639),#1747,.T.);
#1844=ADVANCED_FACE('',(#1640),#1748,.T.);
#1845=ADVANCED_FACE('',(#1641),#1749,.F.);
#1846=ADVANCED_FACE('',(#1642),#1750,.T.);
#1847=ADVANCED_FACE('',(#1643),#1751,.F.);
#1848=ADVANCED_FACE('',(#1644),#1752,.F.);
#1849=ADVANCED_FACE('',(#1645),#1753,.T.);
#1850=ADVANCED_FACE('',(#1646),#1754,.F.);
#1851=ADVANCED_FACE('',(#1647),#1755,.T.);
#1852=ADVANCED_FACE('',(#1648),#1756,.F.);
#1853=ADVANCED_FACE('',(#1649),#1757,.T.);
#1854=ADVANCED_FACE('',(#1650),#1758,.F.);
#1855=ADVANCED_FACE('',(#1651),#1759,.T.);
#1856=ADVANCED_FACE('',(#1652),#1760,.F.);
#1857=ADVANCED_FACE('',(#1653,#1654),#68,.F.);
#1858=ADVANCED_FACE('',(#1655,#1656),#69,.F.);
#1859=ADVANCED_FACE('',(#1657,#1658),#70,.F.);
#1860=ADVANCED_FACE('',(#1659,#1660),#71,.F.);
#1861=ADVANCED_FACE('',(#1661,#1662),#72,.F.);
#1862=ADVANCED_FACE('',(#1663,#1664),#73,.F.);
#1863=ADVANCED_FACE('',(#1665),#1761,.F.);
#1864=ADVANCED_FACE('',(#1666),#1762,.F.);
#1865=ADVANCED_FACE('',(#1667),#1763,.F.);
#1866=ADVANCED_FACE('',(#1668),#1764,.F.);
#1867=ADVANCED_FACE('',(#1669),#1765,.F.);
#1868=ADVANCED_FACE('',(#1670),#1766,.F.);
#1869=ADVANCED_FACE('',(#1671),#1767,.F.);
#1870=ADVANCED_FACE('',(#1672),#1768,.F.);
#1871=ADVANCED_FACE('',(#1673,#1674),#74,.F.);
#1872=ADVANCED_FACE('',(#1675,#1676),#1769,.T.);
#1873=ADVANCED_FACE('',(#1677,#1678),#75,.F.);
#1874=ADVANCED_FACE('',(#1679,#1680),#1770,.T.);
#1875=ADVANCED_FACE('',(#1681,#1682),#76,.F.);
#1876=ADVANCED_FACE('',(#1683,#1684),#1771,.T.);
#1877=ADVANCED_FACE('',(#1685,#1686),#77,.F.);
#1878=ADVANCED_FACE('',(#1687,#1688),#1772,.T.);
#1879=ADVANCED_FACE('',(#1689),#1773,.T.);
#1880=ADVANCED_FACE('',(#1690),#1774,.F.);
#1881=ADVANCED_FACE('',(#1691),#1775,.F.);
#1882=ADVANCED_FACE('',(#1692),#1776,.T.);
#1883=ADVANCED_FACE('',(#1693),#1777,.T.);
#1884=ADVANCED_FACE('',(#1694),#1778,.T.);
#1885=ADVANCED_FACE('',(#1695),#1779,.F.);
#1886=ADVANCED_FACE('',(#1696),#1780,.T.);
#1887=CLOSED_SHELL('',(#1781,#1782,#1783,#1784,#1785,#1786,#1787,#1788,
#1789,#1790,#1791,#1792,#1793,#1794,#1795,#1796,#1797,#1798,#1799,#1800,
#1801,#1802,#1803,#1804,#1805,#1806,#1807,#1808,#1809,#1810,#1811,#1812,
#1813,#1814,#1815,#1816,#1817,#1818,#1819,#1820,#1821,#1822,#1823,#1824,
#1825,#1826,#1827,#1828,#1829,#1830,#1831,#1832,#1833,#1834,#1835,#1836,
#1837,#1838,#1839,#1840,#1841,#1842,#1843,#1844,#1845,#1846,#1847,#1848,
#1849,#1850,#1851,#1852,#1853,#1854,#1855,#1856,#1857,#1858,#1859,#1860,
#1861,#1862,#1863,#1864,#1865,#1866,#1867,#1868,#1869,#1870,#1871,#1872,
#1873,#1874,#1875,#1876,#1877,#1878,#1879,#1880,#1881,#1882,#1883,#1884,
#1885,#1886));
#1888=STYLED_ITEM('',(#1889),#1896);
#1889=PRESENTATION_STYLE_ASSIGNMENT((#1890));
#1890=SURFACE_STYLE_USAGE(.BOTH.,#1891);
#1891=SURFACE_SIDE_STYLE('',(#1892));
#1892=SURFACE_STYLE_FILL_AREA(#1893);
#1893=FILL_AREA_STYLE('',(#1894));
#1894=FILL_AREA_STYLE_COLOUR('',#1895);
#1895=COLOUR_RGB('',0.615686274509804,0.811764705882353,0.929411764705882);
#1896=MANIFOLD_SOLID_BREP('Part 1',#1887);
#1897=SHAPE_DEFINITION_REPRESENTATION(#3073,#1898);
#1898=SHAPE_REPRESENTATION('Part 1',(#1899),#3068);
#1899=AXIS2_PLACEMENT_3D('',#2547,#2050,#2051);
#1900=AXIS2_PLACEMENT_3D('',#2548,#2052,#2053);
#1901=AXIS2_PLACEMENT_3D('',#2561,#2060,#2061);
#1902=AXIS2_PLACEMENT_3D('',#2562,#2062,#2063);
#1903=AXIS2_PLACEMENT_3D('',#2564,#2064,#2065);
#1904=AXIS2_PLACEMENT_3D('',#2566,#2066,#2067);
#1905=AXIS2_PLACEMENT_3D('',#2567,#2068,#2069);
#1906=AXIS2_PLACEMENT_3D('',#2569,#2070,#2071);
#1907=AXIS2_PLACEMENT_3D('',#2571,#2072,#2073);
#1908=AXIS2_PLACEMENT_3D('',#2572,#2074,#2075);
#1909=AXIS2_PLACEMENT_3D('',#2574,#2076,#2077);
#1910=AXIS2_PLACEMENT_3D('',#2576,#2078,#2079);
#1911=AXIS2_PLACEMENT_3D('',#2577,#2080,#2081);
#1912=AXIS2_PLACEMENT_3D('',#2579,#2082,#2083);
#1913=AXIS2_PLACEMENT_3D('',#2581,#2084,#2085);
#1914=AXIS2_PLACEMENT_3D('',#2582,#2086,#2087);
#1915=AXIS2_PLACEMENT_3D('',#2584,#2088,#2089);
#1916=AXIS2_PLACEMENT_3D('',#2586,#2090,#2091);
#1917=AXIS2_PLACEMENT_3D('',#2587,#2092,#2093);
#1918=AXIS2_PLACEMENT_3D('',#2589,#2094,#2095);
#1919=AXIS2_PLACEMENT_3D('',#2591,#2096,#2097);
#1920=AXIS2_PLACEMENT_3D('',#2592,#2098,#2099);
#1921=AXIS2_PLACEMENT_3D('',#2594,#2100,#2101);
#1922=AXIS2_PLACEMENT_3D('',#2596,#2102,#2103);
#1923=AXIS2_PLACEMENT_3D('',#2597,#2104,#2105);
#1924=AXIS2_PLACEMENT_3D('',#2599,#2106,#2107);
#1925=AXIS2_PLACEMENT_3D('',#2601,#2108,#2109);
#1926=AXIS2_PLACEMENT_3D('',#2602,#2110,#2111);
#1927=AXIS2_PLACEMENT_3D('',#2604,#2112,#2113);
#1928=AXIS2_PLACEMENT_3D('',#2606,#2114,#2115);
#1929=AXIS2_PLACEMENT_3D('',#2607,#2116,#2117);
#1930=AXIS2_PLACEMENT_3D('',#2609,#2118,#2119);
#1931=AXIS2_PLACEMENT_3D('',#2611,#2120,#2121);
#1932=AXIS2_PLACEMENT_3D('',#2612,#2122,#2123);
#1933=AXIS2_PLACEMENT_3D('',#2614,#2124,#2125);
#1934=AXIS2_PLACEMENT_3D('',#2616,#2126,#2127);
#1935=AXIS2_PLACEMENT_3D('',#2617,#2128,#2129);
#1936=AXIS2_PLACEMENT_3D('',#2619,#2130,#2131);
#1937=AXIS2_PLACEMENT_3D('',#2621,#2132,#2133);
#1938=AXIS2_PLACEMENT_3D('',#2630,#2138,#2139);
#1939=AXIS2_PLACEMENT_3D('',#2639,#2144,#2145);
#1940=AXIS2_PLACEMENT_3D('',#2641,#2146,#2147);
#1941=AXIS2_PLACEMENT_3D('',#2643,#2148,#2149);
#1942=AXIS2_PLACEMENT_3D('',#2645,#2150,#2151);
#1943=AXIS2_PLACEMENT_3D('',#2647,#2152,#2153);
#1944=AXIS2_PLACEMENT_3D('',#2649,#2154,#2155);
#1945=AXIS2_PLACEMENT_3D('',#2740,#2201,#2202);
#1946=AXIS2_PLACEMENT_3D('',#2741,#2203,#2204);
#1947=AXIS2_PLACEMENT_3D('',#2743,#2205,#2206);
#1948=AXIS2_PLACEMENT_3D('',#2745,#2207,#2208);
#1949=AXIS2_PLACEMENT_3D('',#2747,#2209,#2210);
#1950=AXIS2_PLACEMENT_3D('',#2749,#2211,#2212);
#1951=AXIS2_PLACEMENT_3D('',#2751,#2213,#2214);
#1952=AXIS2_PLACEMENT_3D('',#2753,#2215,#2216);
#1953=AXIS2_PLACEMENT_3D('',#2755,#2217,#2218);
#1954=AXIS2_PLACEMENT_3D('',#2757,#2219,#2220);
#1955=AXIS2_PLACEMENT_3D('',#2759,#2221,#2222);
#1956=AXIS2_PLACEMENT_3D('',#2818,#2252,#2253);
#1957=AXIS2_PLACEMENT_3D('',#2821,#2256,#2257);
#1958=AXIS2_PLACEMENT_3D('',#2824,#2260,#2261);
#1959=AXIS2_PLACEMENT_3D('',#2827,#2264,#2265);
#1960=AXIS2_PLACEMENT_3D('',#2833,#2269,#2270);
#1961=AXIS2_PLACEMENT_3D('',#2839,#2274,#2275);
#1962=AXIS2_PLACEMENT_3D('',#2852,#2282,#2283);
#1963=AXIS2_PLACEMENT_3D('',#2859,#2288,#2289);
#1964=AXIS2_PLACEMENT_3D('',#2870,#2296,#2297);
#1965=AXIS2_PLACEMENT_3D('',#2879,#2303,#2304);
#1966=AXIS2_PLACEMENT_3D('',#2883,#2307,#2308);
#1967=AXIS2_PLACEMENT_3D('',#2887,#2311,#2312);
#1968=AXIS2_PLACEMENT_3D('',#2892,#2316,#2317);
#1969=AXIS2_PLACEMENT_3D('',#2894,#2319,#2320);
#1970=AXIS2_PLACEMENT_3D('',#2902,#2325,#2326);
#1971=AXIS2_PLACEMENT_3D('',#2905,#2329,#2330);
#1972=AXIS2_PLACEMENT_3D('',#2908,#2333,#2334);
#1973=AXIS2_PLACEMENT_3D('',#2912,#2337,#2338);
#1974=AXIS2_PLACEMENT_3D('',#2914,#2340,#2341);
#1975=AXIS2_PLACEMENT_3D('',#2915,#2342,#2343);
#1976=AXIS2_PLACEMENT_3D('',#2923,#2348,#2349);
#1977=AXIS2_PLACEMENT_3D('',#2929,#2353,#2354);
#1978=AXIS2_PLACEMENT_3D('',#2935,#2358,#2359);
#1979=AXIS2_PLACEMENT_3D('',#2939,#2362,#2363);
#1980=AXIS2_PLACEMENT_3D('',#2943,#2366,#2367);
#1981=AXIS2_PLACEMENT_3D('',#2947,#2370,#2371);
#1982=AXIS2_PLACEMENT_3D('',#2949,#2373,#2374);
#1983=AXIS2_PLACEMENT_3D('',#2950,#2375,#2376);
#1984=AXIS2_PLACEMENT_3D('',#2954,#2379,#2380);
#1985=AXIS2_PLACEMENT_3D('',#2956,#2382,#2383);
#1986=AXIS2_PLACEMENT_3D('',#2957,#2384,#2385);
#1987=AXIS2_PLACEMENT_3D('',#2961,#2388,#2389);
#1988=AXIS2_PLACEMENT_3D('',#2963,#2391,#2392);
#1989=AXIS2_PLACEMENT_3D('',#2964,#2393,#2394);
#1990=AXIS2_PLACEMENT_3D('',#2968,#2397,#2398);
#1991=AXIS2_PLACEMENT_3D('',#2970,#2400,#2401);
#1992=AXIS2_PLACEMENT_3D('',#2971,#2402,#2403);
#1993=AXIS2_PLACEMENT_3D('',#2974,#2406,#2407);
#1994=AXIS2_PLACEMENT_3D('',#2976,#2409,#2410);
#1995=AXIS2_PLACEMENT_3D('',#2978,#2412,#2413);
#1996=AXIS2_PLACEMENT_3D('',#2981,#2416,#2417);
#1997=AXIS2_PLACEMENT_3D('',#2983,#2419,#2420);
#1998=AXIS2_PLACEMENT_3D('',#2985,#2422,#2423);
#1999=AXIS2_PLACEMENT_3D('',#2986,#2424,#2425);
#2000=AXIS2_PLACEMENT_3D('',#2987,#2426,#2427);
#2001=AXIS2_PLACEMENT_3D('',#2988,#2428,#2429);
#2002=AXIS2_PLACEMENT_3D('',#2989,#2430,#2431);
#2003=AXIS2_PLACEMENT_3D('',#2992,#2434,#2435);
#2004=AXIS2_PLACEMENT_3D('',#2994,#2437,#2438);
#2005=AXIS2_PLACEMENT_3D('',#2996,#2440,#2441);
#2006=AXIS2_PLACEMENT_3D('',#2998,#2443,#2444);
#2007=AXIS2_PLACEMENT_3D('',#2999,#2445,#2446);
#2008=AXIS2_PLACEMENT_3D('',#3000,#2447,#2448);
#2009=AXIS2_PLACEMENT_3D('',#3001,#2449,#2450);
#2010=AXIS2_PLACEMENT_3D('',#3003,#2452,#2453);
#2011=AXIS2_PLACEMENT_3D('',#3006,#2456,#2457);
#2012=AXIS2_PLACEMENT_3D('',#3008,#2459,#2460);
#2013=AXIS2_PLACEMENT_3D('',#3009,#2461,#2462);
#2014=AXIS2_PLACEMENT_3D('',#3010,#2463,#2464);
#2015=AXIS2_PLACEMENT_3D('',#3012,#2466,#2467);
#2016=AXIS2_PLACEMENT_3D('',#3013,#2468,#2469);
#2017=AXIS2_PLACEMENT_3D('',#3014,#2470,#2471);
#2018=AXIS2_PLACEMENT_3D('',#3015,#2472,#2473);
#2019=AXIS2_PLACEMENT_3D('',#3016,#2474,#2475);
#2020=AXIS2_PLACEMENT_3D('',#3017,#2476,#2477);
#2021=AXIS2_PLACEMENT_3D('',#3018,#2478,#2479);
#2022=AXIS2_PLACEMENT_3D('',#3019,#2480,#2481);
#2023=AXIS2_PLACEMENT_3D('',#3020,#2482,#2483);
#2024=AXIS2_PLACEMENT_3D('',#3021,#2484,#2485);
#2025=AXIS2_PLACEMENT_3D('',#3022,#2486,#2487);
#2026=AXIS2_PLACEMENT_3D('',#3023,#2488,#2489);
#2027=AXIS2_PLACEMENT_3D('',#3024,#2490,#2491);
#2028=AXIS2_PLACEMENT_3D('',#3025,#2492,#2493);
#2029=AXIS2_PLACEMENT_3D('',#3026,#2494,#2495);
#2030=AXIS2_PLACEMENT_3D('',#3027,#2496,#2497);
#2031=AXIS2_PLACEMENT_3D('',#3028,#2498,#2499);
#2032=AXIS2_PLACEMENT_3D('',#3030,#2500,#2501);
#2033=AXIS2_PLACEMENT_3D('',#3031,#2502,#2503);
#2034=AXIS2_PLACEMENT_3D('',#3032,#2504,#2505);
#2035=AXIS2_PLACEMENT_3D('',#3034,#2506,#2507);
#2036=AXIS2_PLACEMENT_3D('',#3035,#2508,#2509);
#2037=AXIS2_PLACEMENT_3D('',#3036,#2510,#2511);
#2038=AXIS2_PLACEMENT_3D('',#3038,#2512,#2513);
#2039=AXIS2_PLACEMENT_3D('',#3039,#2514,#2515);
#2040=AXIS2_PLACEMENT_3D('',#3040,#2516,#2517);
#2041=AXIS2_PLACEMENT_3D('',#3042,#2518,#2519);
#2042=AXIS2_PLACEMENT_3D('',#3043,#2520,#2521);
#2043=AXIS2_PLACEMENT_3D('',#3049,#2525,#2526);
#2044=AXIS2_PLACEMENT_3D('',#3053,#2529,#2530);
#2045=AXIS2_PLACEMENT_3D('',#3057,#2533,#2534);
#2046=AXIS2_PLACEMENT_3D('',#3059,#2536,#2537);
#2047=AXIS2_PLACEMENT_3D('',#3060,#2538,#2539);
#2048=AXIS2_PLACEMENT_3D('',#3064,#2542,#2543);
#2049=AXIS2_PLACEMENT_3D('',#3066,#2545,#2546);
#2050=DIRECTION('',(0.,0.,1.));
#2051=DIRECTION('',(1.,0.,0.));
#2052=DIRECTION('',(0.,0.,1.));
#2053=DIRECTION('',(1.,0.,0.));
#2054=DIRECTION('',(-2.72113486427734E-16,-1.,0.));
#2055=DIRECTION('',(1.,0.,0.));
#2056=DIRECTION('',(0.,1.,0.));
#2057=DIRECTION('',(-1.,0.,0.));
#2058=DIRECTION('',(0.,-1.,0.));
#2059=DIRECTION('',(1.,0.,0.));
#2060=DIRECTION('',(0.,0.,1.));
#2061=DIRECTION('',(1.,0.,0.));
#2062=DIRECTION('',(0.,0.,1.));
#2063=DIRECTION('',(1.,0.,0.));
#2064=DIRECTION('',(0.,0.,1.));
#2065=DIRECTION('',(1.,0.,0.));
#2066=DIRECTION('',(0.,0.,1.));
#2067=DIRECTION('',(1.,0.,0.));
#2068=DIRECTION('',(0.,0.,1.));
#2069=DIRECTION('',(1.,0.,0.));
#2070=DIRECTION('',(0.,0.,1.));
#2071=DIRECTION('',(1.,0.,0.));
#2072=DIRECTION('',(0.,0.,1.));
#2073=DIRECTION('',(1.,0.,0.));
#2074=DIRECTION('',(0.,0.,1.));
#2075=DIRECTION('',(1.,0.,0.));
#2076=DIRECTION('',(0.,0.,1.));
#2077=DIRECTION('',(1.,0.,0.));
#2078=DIRECTION('',(0.,0.,1.));
#2079=DIRECTION('',(1.,0.,0.));
#2080=DIRECTION('',(0.,0.,1.));
#2081=DIRECTION('',(1.,0.,0.));
#2082=DIRECTION('',(0.,0.,1.));
#2083=DIRECTION('',(1.,0.,0.));
#2084=DIRECTION('',(0.,0.,1.));
#2085=DIRECTION('',(1.,0.,0.));
#2086=DIRECTION('',(0.,0.,1.));
#2087=DIRECTION('',(1.,0.,0.));
#2088=DIRECTION('',(0.,0.,-1.));
#2089=DIRECTION('',(-1.,0.,0.));
#2090=DIRECTION('',(0.,0.,1.));
#2091=DIRECTION('',(1.,0.,0.));
#2092=DIRECTION('',(0.,0.,1.));
#2093=DIRECTION('',(1.,0.,0.));
#2094=DIRECTION('',(0.,0.,-1.));
#2095=DIRECTION('',(-1.,0.,0.));
#2096=DIRECTION('',(0.,0.,1.));
#2097=DIRECTION('',(1.,0.,0.));
#2098=DIRECTION('',(0.,0.,1.));
#2099=DIRECTION('',(1.,0.,0.));
#2100=DIRECTION('',(0.,0.,-1.));
#2101=DIRECTION('',(-1.,0.,0.));
#2102=DIRECTION('',(0.,0.,1.));
#2103=DIRECTION('',(1.,0.,0.));
#2104=DIRECTION('',(0.,0.,1.));
#2105=DIRECTION('',(1.,0.,0.));
#2106=DIRECTION('',(0.,0.,-1.));
#2107=DIRECTION('',(-1.,0.,0.));
#2108=DIRECTION('',(0.,0.,1.));
#2109=DIRECTION('',(1.,0.,0.));
#2110=DIRECTION('',(0.,0.,1.));
#2111=DIRECTION('',(1.,0.,0.));
#2112=DIRECTION('',(0.,0.,-1.));
#2113=DIRECTION('',(-1.,0.,0.));
#2114=DIRECTION('',(0.,0.,1.));
#2115=DIRECTION('',(1.,0.,0.));
#2116=DIRECTION('',(0.,0.,1.));
#2117=DIRECTION('',(1.,0.,0.));
#2118=DIRECTION('',(0.,0.,-1.));
#2119=DIRECTION('',(-1.,0.,0.));
#2120=DIRECTION('',(0.,0.,1.));
#2121=DIRECTION('',(1.,0.,0.));
#2122=DIRECTION('',(0.,0.,1.));
#2123=DIRECTION('',(1.,0.,0.));
#2124=DIRECTION('',(0.,0.,-1.));
#2125=DIRECTION('',(-1.,0.,0.));
#2126=DIRECTION('',(0.,0.,1.));
#2127=DIRECTION('',(1.,0.,0.));
#2128=DIRECTION('',(0.,0.,1.));
#2129=DIRECTION('',(1.,0.,0.));
#2130=DIRECTION('',(0.,0.,-1.));
#2131=DIRECTION('',(-1.,0.,0.));
#2132=DIRECTION('',(-1.,0.,0.));
#2133=DIRECTION('',(0.,0.,1.));
#2134=DIRECTION('',(0.,0.,1.));
#2135=DIRECTION('',(0.,-1.,0.));
#2136=DIRECTION('',(0.,0.,1.));
#2137=DIRECTION('',(0.,-1.,0.));
#2138=DIRECTION('',(0.,0.,1.));
#2139=DIRECTION('',(1.,0.,0.));
#2140=DIRECTION('',(1.,0.,0.));
#2141=DIRECTION('',(-1.85863229568943E-16,-1.,0.));
#2142=DIRECTION('',(1.,0.,0.));
#2143=DIRECTION('',(-1.85863229568943E-16,-1.,0.));
#2144=DIRECTION('',(0.,0.,1.));
#2145=DIRECTION('',(1.,0.,0.));
#2146=DIRECTION('',(0.,0.,1.));
#2147=DIRECTION('',(1.,0.,0.));
#2148=DIRECTION('',(0.,0.,1.));
#2149=DIRECTION('',(1.,0.,0.));
#2150=DIRECTION('',(0.,0.,1.));
#2151=DIRECTION('',(1.,0.,0.));
#2152=DIRECTION('',(0.,0.,1.));
#2153=DIRECTION('',(1.,0.,0.));
#2154=DIRECTION('',(0.,0.,1.));
#2155=DIRECTION('',(1.,0.,0.));
#2156=DIRECTION('',(1.,1.06752213906265E-16,0.));
#2157=DIRECTION('',(0.,1.,0.));
#2158=DIRECTION('',(1.,0.,0.));
#2159=DIRECTION('',(-2.16840434497101E-16,1.,0.));
#2160=DIRECTION('',(1.,1.06752213906265E-16,0.));
#2161=DIRECTION('',(1.06752213906265E-16,-1.,0.));
#2162=DIRECTION('',(1.,1.19636101791504E-16,0.));
#2163=DIRECTION('',(-1.19636101791504E-16,1.,0.));
#2164=DIRECTION('',(1.,1.19636101791504E-16,0.));
#2165=DIRECTION('',(1.06752213906265E-16,-1.,0.));
#2166=DIRECTION('',(1.,0.,0.));
#2167=DIRECTION('',(-1.19636101791504E-16,1.,0.));
#2168=DIRECTION('',(1.06752213906265E-16,-1.,0.));
#2169=DIRECTION('',(1.,1.19636101791504E-16,0.));
#2170=DIRECTION('',(0.,1.,0.));
#2171=DIRECTION('',(1.,0.,0.));
#2172=DIRECTION('',(1.06752213906265E-16,-1.,0.));
#2173=DIRECTION('',(1.,1.06752213906265E-16,0.));
#2174=DIRECTION('',(0.,1.,0.));
#2175=DIRECTION('',(1.,1.19636101791504E-16,0.));
#2176=DIRECTION('',(-1.,0.,0.));
#2177=DIRECTION('',(0.,-1.,0.));
#2178=DIRECTION('',(1.,0.,0.));
#2179=DIRECTION('',(0.,-1.,0.));
#2180=DIRECTION('',(0.707106781186548,-0.707106781186547,0.));
#2181=DIRECTION('',(0.707106781186548,0.707106781186548,0.));
#2182=DIRECTION('',(1.,0.,0.));
#2183=DIRECTION('',(0.707106781186547,0.707106781186548,0.));
#2184=DIRECTION('',(0.,1.,0.));
#2185=DIRECTION('',(-1.,0.,0.));
#2186=DIRECTION('',(0.,1.,0.));
#2187=DIRECTION('',(-0.707106781186548,0.707106781186548,0.));
#2188=DIRECTION('',(-1.,0.,0.));
#2189=DIRECTION('',(0.,-1.,0.));
#2190=DIRECTION('',(-0.707106781186548,0.707106781186547,0.));
#2191=DIRECTION('',(-0.707106781186547,-0.707106781186548,0.));
#2192=DIRECTION('',(0.,-1.,0.));
#2193=DIRECTION('',(-1.,-1.7347234759768E-16,0.));
#2194=DIRECTION('',(-0.707106781186547,-0.707106781186548,0.));
#2195=DIRECTION('',(0.,1.,0.));
#2196=DIRECTION('',(1.,1.06752213906265E-16,0.));
#2197=DIRECTION('',(0.,1.,0.));
#2198=DIRECTION('',(0.707106781186548,-0.707106781186547,0.));
#2199=DIRECTION('',(1.,0.,0.));
#2200=DIRECTION('',(0.,-1.,0.));
#2201=DIRECTION('',(0.,0.,1.));
#2202=DIRECTION('',(1.,0.,0.));
#2203=DIRECTION('',(0.,0.,-1.));
#2204=DIRECTION('',(-1.,0.,0.));
#2205=DIRECTION('',(0.,0.,-1.));
#2206=DIRECTION('',(-1.,0.,0.));
#2207=DIRECTION('',(0.,0.,-1.));
#2208=DIRECTION('',(-1.,0.,0.));
#2209=DIRECTION('',(0.,0.,-1.));
#2210=DIRECTION('',(-1.,0.,0.));
#2211=DIRECTION('',(0.,0.,1.));
#2212=DIRECTION('',(1.,0.,0.));
#2213=DIRECTION('',(0.,0.,1.));
#2214=DIRECTION('',(1.,0.,0.));
#2215=DIRECTION('',(0.,0.,1.));
#2216=DIRECTION('',(1.,0.,0.));
#2217=DIRECTION('',(0.,0.,1.));
#2218=DIRECTION('',(1.,0.,0.));
#2219=DIRECTION('',(0.,0.,1.));
#2220=DIRECTION('',(1.,0.,0.));
#2221=DIRECTION('',(0.,0.,1.));
#2222=DIRECTION('',(1.,0.,0.));
#2223=DIRECTION('',(0.,1.,0.));
#2224=DIRECTION('',(-1.,-1.06752213906265E-16,0.));
#2225=DIRECTION('',(-2.16840434497101E-16,1.,0.));
#2226=DIRECTION('',(1.,0.,0.));
#2227=DIRECTION('',(0.,-1.,0.));
#2228=DIRECTION('',(-1.,0.,0.));
#2229=DIRECTION('',(0.,-1.,0.));
#2230=DIRECTION('',(1.,0.,0.));
#2231=DIRECTION('',(0.707106781186548,0.707106781186548,0.));
#2232=DIRECTION('',(0.707106781186548,-0.707106781186547,0.));
#2233=DIRECTION('',(0.,-1.,0.));
#2234=DIRECTION('',(1.,0.,0.));
#2235=DIRECTION('',(0.707106781186548,-0.707106781186547,0.));
#2236=DIRECTION('',(0.,1.,0.));
#2237=DIRECTION('',(-1.,-1.06752213906265E-16,0.));
#2238=DIRECTION('',(0.,1.,0.));
#2239=DIRECTION('',(-0.707106781186547,-0.707106781186548,0.));
#2240=DIRECTION('',(1.,1.7347234759768E-16,0.));
#2241=DIRECTION('',(0.,-1.,0.));
#2242=DIRECTION('',(-0.707106781186547,-0.707106781186548,0.));
#2243=DIRECTION('',(-0.707106781186548,0.707106781186547,0.));
#2244=DIRECTION('',(0.,-1.,0.));
#2245=DIRECTION('',(1.,0.,0.));
#2246=DIRECTION('',(-0.707106781186548,0.707106781186548,0.));
#2247=DIRECTION('',(0.,1.,0.));
#2248=DIRECTION('',(-1.,0.,0.));
#2249=DIRECTION('',(0.,1.,0.));
#2250=DIRECTION('',(0.707106781186547,0.707106781186548,0.));
#2251=DIRECTION('',(1.,0.,0.));
#2252=DIRECTION('',(-1.,0.,0.));
#2253=DIRECTION('',(0.,0.,1.));
#2254=DIRECTION('',(0.,0.,1.));
#2255=DIRECTION('',(0.,0.,-1.));
#2256=DIRECTION('',(-1.,0.,0.));
#2257=DIRECTION('',(0.,0.,1.));
#2258=DIRECTION('',(0.,0.,1.));
#2259=DIRECTION('',(0.,0.,1.));
#2260=DIRECTION('',(-1.,0.,0.));
#2261=DIRECTION('',(0.,0.,1.));
#2262=DIRECTION('',(0.,0.,1.));
#2263=DIRECTION('',(0.,0.,-1.));
#2264=DIRECTION('',(1.06752213906265E-16,-1.,0.));
#2265=DIRECTION('',(1.,1.06752213906265E-16,0.));
#2266=DIRECTION('',(0.,0.,-1.));
#2267=DIRECTION('',(0.,0.,-1.));
#2268=DIRECTION('',(-1.,-1.06752213906265E-16,0.));
#2269=DIRECTION('',(1.06752213906265E-16,-1.,0.));
#2270=DIRECTION('',(1.,1.06752213906265E-16,0.));
#2271=DIRECTION('',(0.,0.,-1.));
#2272=DIRECTION('',(0.,0.,-1.));
#2273=DIRECTION('',(-1.,-1.06752213906265E-16,0.));
#2274=DIRECTION('',(0.,0.,1.));
#2275=DIRECTION('',(1.,0.,0.));
#2276=DIRECTION('',(1.,0.,0.));
#2277=DIRECTION('',(0.,-1.,0.));
#2278=DIRECTION('',(1.,1.19636101791504E-16,0.));
#2279=DIRECTION('',(-1.19636101791504E-16,1.,0.));
#2280=DIRECTION('',(1.,0.,0.));
#2281=DIRECTION('',(1.06752213906265E-16,-1.,0.));
#2282=DIRECTION('',(-1.,-1.06752213906265E-16,0.));
#2283=DIRECTION('',(1.06752213906265E-16,-1.,0.));
#2284=DIRECTION('',(0.,1.,0.));
#2285=DIRECTION('',(0.,0.,1.));
#2286=DIRECTION('',(0.,0.,1.));
#2287=DIRECTION('',(0.,0.,-1.));
#2288=DIRECTION('',(-1.,-1.06752213906265E-16,0.));
#2289=DIRECTION('',(1.06752213906265E-16,-1.,0.));
#2290=DIRECTION('',(0.,0.,-1.));
#2291=DIRECTION('',(0.,1.,0.));
#2292=DIRECTION('',(0.,0.,-1.));
#2293=DIRECTION('',(0.,0.,1.));
#2294=DIRECTION('',(1.06752213906265E-16,-1.,0.));
#2295=DIRECTION('',(0.,0.,1.));
#2296=DIRECTION('',(1.19636101791504E-16,-1.,0.));
#2297=DIRECTION('',(1.,1.19636101791504E-16,0.));
#2298=DIRECTION('',(0.,0.,1.));
#2299=DIRECTION('',(1.,1.19636101791504E-16,0.));
#2300=DIRECTION('',(0.,0.,1.));
#2301=DIRECTION('',(1.,0.,0.));
#2302=DIRECTION('',(0.,0.,-1.));
#2303=DIRECTION('',(-1.,-1.19636101791504E-16,0.));
#2304=DIRECTION('',(1.19636101791504E-16,-1.,0.));
#2305=DIRECTION('',(0.,0.,-1.));
#2306=DIRECTION('',(-1.19636101791504E-16,1.,0.));
#2307=DIRECTION('',(-1.,0.,0.));
#2308=DIRECTION('',(0.,0.,1.));
#2309=DIRECTION('',(0.,1.,0.));
#2310=DIRECTION('',(0.,0.,-1.));
#2311=DIRECTION('',(0.,0.,1.));
#2312=DIRECTION('',(1.,0.,0.));
#2313=DIRECTION('',(-1.,0.,0.));
#2314=DIRECTION('',(1.,0.,0.));
#2315=DIRECTION('',(0.,-1.,0.));
#2316=DIRECTION('',(0.,1.,0.));
#2317=DIRECTION('',(0.,0.,1.));
#2318=DIRECTION('',(0.,0.,-1.));
#2319=DIRECTION('',(0.,0.,1.));
#2320=DIRECTION('',(1.,0.,0.));
#2321=DIRECTION('',(1.,0.,0.));
#2322=DIRECTION('',(1.06752213906265E-16,-1.,0.));
#2323=DIRECTION('',(1.,1.19636101791504E-16,0.));
#2324=DIRECTION('',(0.,1.,0.));
#2325=DIRECTION('',(-1.,0.,0.));
#2326=DIRECTION('',(0.,0.,1.));
#2327=DIRECTION('',(0.,0.,1.));
#2328=DIRECTION('',(0.,0.,-1.));
#2329=DIRECTION('',(-1.,0.,0.));
#2330=DIRECTION('',(0.,0.,1.));
#2331=DIRECTION('',(0.,0.,1.));
#2332=DIRECTION('',(0.,0.,-1.));
#2333=DIRECTION('',(-1.,0.,0.));
#2334=DIRECTION('',(0.,0.,1.));
#2335=DIRECTION('',(0.,0.,1.));
#2336=DIRECTION('',(0.,1.,0.));
#2337=DIRECTION('',(-1.,-1.19636101791504E-16,0.));
#2338=DIRECTION('',(1.19636101791504E-16,-1.,0.));
#2339=DIRECTION('',(0.,0.,-1.));
#2340=DIRECTION('',(0.,1.,0.));
#2341=DIRECTION('',(0.,0.,1.));
#2342=DIRECTION('',(0.,0.,1.));
#2343=DIRECTION('',(1.,0.,0.));
#2344=DIRECTION('',(0.,-1.,0.));
#2345=DIRECTION('',(1.,1.19636101791504E-16,0.));
#2346=DIRECTION('',(1.06752213906265E-16,-1.,0.));
#2347=DIRECTION('',(1.,0.,0.));
#2348=DIRECTION('',(-1.,-1.06752213906265E-16,0.));
#2349=DIRECTION('',(1.06752213906265E-16,-1.,0.));
#2350=DIRECTION('',(1.06752213906265E-16,-1.,0.));
#2351=DIRECTION('',(0.,0.,1.));
#2352=DIRECTION('',(0.,0.,-1.));
#2353=DIRECTION('',(-1.,-1.06752213906265E-16,0.));
#2354=DIRECTION('',(1.06752213906265E-16,-1.,0.));
#2355=DIRECTION('',(0.,-1.,0.));
#2356=DIRECTION('',(0.,0.,-1.));
#2357=DIRECTION('',(0.,0.,1.));
#2358=DIRECTION('',(1.19636101791504E-16,-1.,0.));
#2359=DIRECTION('',(1.,1.19636101791504E-16,0.));
#2360=DIRECTION('',(0.,0.,1.));
#2361=DIRECTION('',(1.,1.19636101791504E-16,0.));
#2362=DIRECTION('',(1.19636101791504E-16,-1.,0.));
#2363=DIRECTION('',(1.,1.19636101791504E-16,0.));
#2364=DIRECTION('',(-1.,0.,0.));
#2365=DIRECTION('',(0.,0.,1.));
#2366=DIRECTION('',(1.19636101791504E-16,-1.,0.));
#2367=DIRECTION('',(1.,1.19636101791504E-16,0.));
#2368=DIRECTION('',(1.,0.,0.));
#2369=DIRECTION('',(0.,0.,1.));
#2370=DIRECTION('',(0.,1.,0.));
#2371=DIRECTION('',(0.,0.,1.));
#2372=DIRECTION('',(0.,0.,1.));
#2373=DIRECTION('',(-1.,0.,0.));
#2374=DIRECTION('',(0.,0.,1.));
#2375=DIRECTION('',(-1.,0.,0.));
#2376=DIRECTION('',(0.,0.,1.));
#2377=DIRECTION('',(0.,0.,1.));
#2378=DIRECTION('',(0.,-1.,0.));
#2379=DIRECTION('',(0.,-1.,0.));
#2380=DIRECTION('',(0.,0.,-1.));
#2381=DIRECTION('',(1.,0.,0.));
#2382=DIRECTION('',(0.,0.,1.));
#2383=DIRECTION('',(1.,0.,0.));
#2384=DIRECTION('',(0.,-1.,0.));
#2385=DIRECTION('',(0.,0.,-1.));
#2386=DIRECTION('',(0.,0.,1.));
#2387=DIRECTION('',(1.,0.,0.));
#2388=DIRECTION('',(1.,0.,0.));
#2389=DIRECTION('',(0.,0.,-1.));
#2390=DIRECTION('',(0.,1.,0.));
#2391=DIRECTION('',(0.,0.,1.));
#2392=DIRECTION('',(1.,0.,0.));
#2393=DIRECTION('',(-1.,0.,0.));
#2394=DIRECTION('',(0.,0.,1.));
#2395=DIRECTION('',(0.,0.,1.));
#2396=DIRECTION('',(0.,-1.,0.));
#2397=DIRECTION('',(0.,-1.,0.));
#2398=DIRECTION('',(0.,0.,-1.));
#2399=DIRECTION('',(1.,0.,0.));
#2400=DIRECTION('',(0.,0.,1.));
#2401=DIRECTION('',(1.,0.,0.));
#2402=DIRECTION('',(0.,-1.,0.));
#2403=DIRECTION('',(0.,0.,-1.));
#2404=DIRECTION('',(0.,0.,1.));
#2405=DIRECTION('',(0.,0.,1.));
#2406=DIRECTION('',(1.,0.,0.));
#2407=DIRECTION('',(0.,0.,-1.));
#2408=DIRECTION('',(0.,0.,1.));
#2409=DIRECTION('',(1.,2.16840434497101E-16,0.));
#2410=DIRECTION('',(-2.16840434497101E-16,1.,0.));
#2411=DIRECTION('',(0.,0.,1.));
#2412=DIRECTION('',(-1.,0.,0.));
#2413=DIRECTION('',(0.,0.,1.));
#2414=DIRECTION('',(0.,0.,1.));
#2415=DIRECTION('',(0.,0.,1.));
#2416=DIRECTION('',(0.,1.,0.));
#2417=DIRECTION('',(0.,0.,1.));
#2418=DIRECTION('',(0.,0.,1.));
#2419=DIRECTION('',(-1.,0.,0.));
#2420=DIRECTION('',(0.,0.,1.));
#2421=DIRECTION('',(0.,0.,1.));
#2422=DIRECTION('',(0.,-1.,0.));
#2423=DIRECTION('',(0.,0.,-1.));
#2424=DIRECTION('',(1.06752213906265E-16,-1.,0.));
#2425=DIRECTION('',(1.,1.06752213906265E-16,0.));
#2426=DIRECTION('',(1.06752213906265E-16,-1.,0.));
#2427=DIRECTION('',(1.,1.06752213906265E-16,0.));
#2428=DIRECTION('',(0.,-1.,0.));
#2429=DIRECTION('',(0.,0.,-1.));
#2430=DIRECTION('',(-1.,0.,0.));
#2431=DIRECTION('',(0.,0.,1.));
#2432=DIRECTION('',(0.,0.,1.));
#2433=DIRECTION('',(0.,0.,1.));
#2434=DIRECTION('',(0.,1.,0.));
#2435=DIRECTION('',(0.,0.,1.));
#2436=DIRECTION('',(0.,0.,1.));
#2437=DIRECTION('',(-1.7347234759768E-16,1.,0.));
#2438=DIRECTION('',(-1.,-1.7347234759768E-16,0.));
#2439=DIRECTION('',(0.,0.,1.));
#2440=DIRECTION('',(-0.707106781186548,0.707106781186547,0.));
#2441=DIRECTION('',(-0.707106781186547,-0.707106781186548,0.));
#2442=DIRECTION('',(0.,0.,1.));
#2443=DIRECTION('',(0.707106781186547,0.707106781186548,0.));
#2444=DIRECTION('',(-0.707106781186548,0.707106781186547,0.));
#2445=DIRECTION('',(-0.707106781186548,0.707106781186547,0.));
#2446=DIRECTION('',(-0.707106781186547,-0.707106781186548,0.));
#2447=DIRECTION('',(0.707106781186548,0.707106781186548,0.));
#2448=DIRECTION('',(-0.707106781186548,0.707106781186548,0.));
#2449=DIRECTION('',(0.,-1.,0.));
#2450=DIRECTION('',(0.,0.,-1.));
#2451=DIRECTION('',(0.,0.,1.));
#2452=DIRECTION('',(0.,-1.,0.));
#2453=DIRECTION('',(0.,0.,-1.));
#2454=DIRECTION('',(0.,0.,1.));
#2455=DIRECTION('',(0.,0.,1.));
#2456=DIRECTION('',(-1.,0.,0.));
#2457=DIRECTION('',(0.,0.,1.));
#2458=DIRECTION('',(0.,0.,1.));
#2459=DIRECTION('',(-0.707106781186547,-0.707106781186548,0.));
#2460=DIRECTION('',(0.707106781186548,-0.707106781186547,0.));
#2461=DIRECTION('',(0.707106781186548,-0.707106781186547,0.));
#2462=DIRECTION('',(0.707106781186547,0.707106781186548,0.));
#2463=DIRECTION('',(0.707106781186548,-0.707106781186548,0.));
#2464=DIRECTION('',(0.707106781186548,0.707106781186548,0.));
#2465=DIRECTION('',(0.,0.,1.));
#2466=DIRECTION('',(-0.707106781186547,-0.707106781186548,0.));
#2467=DIRECTION('',(0.707106781186548,-0.707106781186547,0.));
#2468=DIRECTION('',(0.,0.,1.));
#2469=DIRECTION('',(1.,0.,0.));
#2470=DIRECTION('',(0.,0.,1.));
#2471=DIRECTION('',(1.,0.,0.));
#2472=DIRECTION('',(0.,0.,1.));
#2473=DIRECTION('',(1.,0.,0.));
#2474=DIRECTION('',(0.,0.,1.));
#2475=DIRECTION('',(1.,0.,0.));
#2476=DIRECTION('',(0.,0.,1.));
#2477=DIRECTION('',(1.,0.,0.));
#2478=DIRECTION('',(0.,0.,1.));
#2479=DIRECTION('',(1.,0.,0.));
#2480=DIRECTION('',(0.,0.,-1.));
#2481=DIRECTION('',(1.,0.,0.));
#2482=DIRECTION('',(0.,0.,-1.));
#2483=DIRECTION('',(1.,0.,0.));
#2484=DIRECTION('',(0.,0.,-1.));
#2485=DIRECTION('',(1.,0.,0.));
#2486=DIRECTION('',(0.,0.,-1.));
#2487=DIRECTION('',(1.,0.,0.));
#2488=DIRECTION('',(0.,0.,-1.));
#2489=DIRECTION('',(1.,0.,0.));
#2490=DIRECTION('',(0.,0.,-1.));
#2491=DIRECTION('',(1.,0.,0.));
#2492=DIRECTION('',(0.,0.,-1.));
#2493=DIRECTION('',(1.,0.,0.));
#2494=DIRECTION('',(0.,0.,-1.));
#2495=DIRECTION('',(1.,0.,0.));
#2496=DIRECTION('',(0.,0.,-1.));
#2497=DIRECTION('',(-1.,0.,0.));
#2498=DIRECTION('',(0.,0.,-1.));
#2499=DIRECTION('',(-1.,0.,0.));
#2500=DIRECTION('',(0.,0.,-1.));
#2501=DIRECTION('',(1.,0.,0.));
#2502=DIRECTION('',(0.,0.,-1.));
#2503=DIRECTION('',(-1.,0.,0.));
#2504=DIRECTION('',(0.,0.,-1.));
#2505=DIRECTION('',(-1.,0.,0.));
#2506=DIRECTION('',(0.,0.,-1.));
#2507=DIRECTION('',(1.,0.,0.));
#2508=DIRECTION('',(0.,0.,-1.));
#2509=DIRECTION('',(-1.,0.,0.));
#2510=DIRECTION('',(0.,0.,-1.));
#2511=DIRECTION('',(-1.,0.,0.));
#2512=DIRECTION('',(0.,0.,-1.));
#2513=DIRECTION('',(1.,0.,0.));
#2514=DIRECTION('',(0.,0.,-1.));
#2515=DIRECTION('',(-1.,0.,0.));
#2516=DIRECTION('',(0.,0.,-1.));
#2517=DIRECTION('',(-1.,0.,0.));
#2518=DIRECTION('',(0.,0.,-1.));
#2519=DIRECTION('',(1.,0.,0.));
#2520=DIRECTION('',(0.,1.,0.));
#2521=DIRECTION('',(0.,0.,1.));
#2522=DIRECTION('',(0.,0.,-1.));
#2523=DIRECTION('',(1.,0.,0.));
#2524=DIRECTION('',(0.,0.,-1.));
#2525=DIRECTION('',(1.,-1.85863229568943E-16,0.));
#2526=DIRECTION('',(1.85863229568943E-16,1.,0.));
#2527=DIRECTION('',(0.,0.,-1.));
#2528=DIRECTION('',(-1.85863229568943E-16,-1.,0.));
#2529=DIRECTION('',(0.,1.,0.));
#2530=DIRECTION('',(0.,0.,1.));
#2531=DIRECTION('',(0.,0.,-1.));
#2532=DIRECTION('',(1.,0.,0.));
#2533=DIRECTION('',(1.,-1.85863229568943E-16,0.));
#2534=DIRECTION('',(1.85863229568943E-16,1.,0.));
#2535=DIRECTION('',(-1.85863229568943E-16,-1.,0.));
#2536=DIRECTION('',(0.,0.,1.));
#2537=DIRECTION('',(1.,0.,0.));
#2538=DIRECTION('',(0.,1.,0.));
#2539=DIRECTION('',(0.,0.,1.));
#2540=DIRECTION('',(0.,0.,-1.));
#2541=DIRECTION('',(1.,0.,0.));
#2542=DIRECTION('',(1.,-2.72113486427734E-16,0.));
#2543=DIRECTION('',(2.72113486427734E-16,1.,0.));
#2544=DIRECTION('',(-2.72113486427734E-16,-1.,0.));
#2545=DIRECTION('',(0.,0.,1.));
#2546=DIRECTION('',(1.,0.,0.));
#2547=CARTESIAN_POINT('',(0.,0.,0.));
#2548=CARTESIAN_POINT('',(-0.0005,-0.041,0.014));
#2549=CARTESIAN_POINT('',(-0.0251,-0.034125,0.014));
#2550=CARTESIAN_POINT('',(-0.0251,-0.02775,0.014));
#2551=CARTESIAN_POINT('',(-0.0251,-0.03,0.014));
#2552=CARTESIAN_POINT('',(3.46944695195361E-18,-0.02775,0.014));
#2553=CARTESIAN_POINT('',(-0.023,-0.02775,0.014));
#2554=CARTESIAN_POINT('',(-0.023,-0.0275,0.014));
#2555=CARTESIAN_POINT('',(-0.023,-0.027,0.014));
#2556=CARTESIAN_POINT('',(-0.0245,-0.027,0.014));
#2557=CARTESIAN_POINT('',(-0.026,-0.027,0.014));
#2558=CARTESIAN_POINT('',(-0.026,-0.0285,0.014));
#2559=CARTESIAN_POINT('',(-0.026,-0.03,0.014));
#2560=CARTESIAN_POINT('',(-0.0255,-0.03,0.014));
#2561=CARTESIAN_POINT('',(-0.01525,0.01525,-0.021));
#2562=CARTESIAN_POINT('',(-0.01525,0.01525,0.004));
#2563=CARTESIAN_POINT('',(-0.0136,0.01525,0.004));
#2564=CARTESIAN_POINT('',(-0.01525,0.01525,0.003));
#2565=CARTESIAN_POINT('',(-0.0136,0.01525,0.003));
#2566=CARTESIAN_POINT('',(0.01525,0.01525,-0.021));
#2567=CARTESIAN_POINT('',(0.01525,0.01525,0.004));
#2568=CARTESIAN_POINT('',(0.0169,0.01525,0.004));
#2569=CARTESIAN_POINT('',(0.01525,0.01525,0.003));
#2570=CARTESIAN_POINT('',(0.0169,0.01525,0.003));
#2571=CARTESIAN_POINT('',(0.01525,-0.01525,-0.021));
#2572=CARTESIAN_POINT('',(0.01525,-0.01525,0.004));
#2573=CARTESIAN_POINT('',(0.0169,-0.01525,0.004));
#2574=CARTESIAN_POINT('',(0.01525,-0.01525,0.003));
#2575=CARTESIAN_POINT('',(0.0169,-0.01525,0.003));
#2576=CARTESIAN_POINT('',(-0.01525,-0.01525,-0.021));
#2577=CARTESIAN_POINT('',(-0.01525,-0.01525,0.004));
#2578=CARTESIAN_POINT('',(-0.0136,-0.01525,0.004));
#2579=CARTESIAN_POINT('',(-0.01525,-0.01525,0.003));
#2580=CARTESIAN_POINT('',(-0.0136,-0.01525,0.003));
#2581=CARTESIAN_POINT('',(0.0431066017177982,0.0176776717177983,-0.021));
#2582=CARTESIAN_POINT('',(0.0431066017177982,0.0176776717177983,0.004));
#2583=CARTESIAN_POINT('',(0.0452816017177982,0.0176776717177983,0.004));
#2584=CARTESIAN_POINT('',(0.0431066017177982,0.0176776717177983,0.001));
#2585=CARTESIAN_POINT('',(0.0409316017177982,0.0176776717177983,0.001));
#2586=CARTESIAN_POINT('',(0.0378033008588991,0.0123743708588991,-0.021));
#2587=CARTESIAN_POINT('',(0.0378033008588991,0.0123743708588991,0.004));
#2588=CARTESIAN_POINT('',(0.0399783008588991,0.0123743708588991,0.004));
#2589=CARTESIAN_POINT('',(0.0378033008588991,0.0123743708588991,0.001));
#2590=CARTESIAN_POINT('',(0.0356283008588991,0.0123743708588991,0.001));
#2591=CARTESIAN_POINT('',(0.0431066017177982,-0.0176776717177982,-0.021));
#2592=CARTESIAN_POINT('',(0.0431066017177982,-0.0176776717177982,0.004));
#2593=CARTESIAN_POINT('',(0.0452816017177982,-0.0176776717177982,0.004));
#2594=CARTESIAN_POINT('',(0.0431066017177982,-0.0176776717177982,0.001));
#2595=CARTESIAN_POINT('',(0.0409316017177982,-0.0176776717177982,0.001));
#2596=CARTESIAN_POINT('',(0.0378033008588991,-0.0123743708588991,-0.021));
#2597=CARTESIAN_POINT('',(0.0378033008588991,-0.0123743708588991,0.004));
#2598=CARTESIAN_POINT('',(0.0399783008588991,-0.0123743708588991,0.004));
#2599=CARTESIAN_POINT('',(0.0378033008588991,-0.0123743708588991,0.001));
#2600=CARTESIAN_POINT('',(0.0356283008588991,-0.0123743708588991,0.001));
#2601=CARTESIAN_POINT('',(-0.0378033008588991,0.0123743708588991,-0.021));
#2602=CARTESIAN_POINT('',(-0.0378033008588991,0.0123743708588991,0.004));
#2603=CARTESIAN_POINT('',(-0.0356283008588991,0.0123743708588991,0.004));
#2604=CARTESIAN_POINT('',(-0.0378033008588991,0.0123743708588991,0.001));
#2605=CARTESIAN_POINT('',(-0.0399783008588991,0.0123743708588991,0.001));
#2606=CARTESIAN_POINT('',(-0.0431066017177982,0.0176776717177982,-0.021));
#2607=CARTESIAN_POINT('',(-0.0431066017177982,0.0176776717177982,0.004));
#2608=CARTESIAN_POINT('',(-0.0409316017177982,0.0176776717177982,0.004));
#2609=CARTESIAN_POINT('',(-0.0431066017177982,0.0176776717177982,0.001));
#2610=CARTESIAN_POINT('',(-0.0452816017177982,0.0176776717177982,0.001));
#2611=CARTESIAN_POINT('',(-0.0378033008588991,-0.0123743708588991,-0.021));
#2612=CARTESIAN_POINT('',(-0.0378033008588991,-0.0123743708588991,0.004));
#2613=CARTESIAN_POINT('',(-0.0356283008588991,-0.0123743708588991,0.004));
#2614=CARTESIAN_POINT('',(-0.0378033008588991,-0.0123743708588991,0.001));
#2615=CARTESIAN_POINT('',(-0.0399783008588991,-0.0123743708588991,0.001));
#2616=CARTESIAN_POINT('',(-0.0431066017177982,-0.0176776717177982,-0.021));
#2617=CARTESIAN_POINT('',(-0.0431066017177982,-0.0176776717177982,0.004));
#2618=CARTESIAN_POINT('',(-0.0409316017177982,-0.0176776717177982,0.004));
#2619=CARTESIAN_POINT('',(-0.0431066017177982,-0.0176776717177982,0.001));
#2620=CARTESIAN_POINT('',(-0.0452816017177982,-0.0176776717177982,0.001));
#2621=CARTESIAN_POINT('',(0.0485,1.7347234759768E-17,0.));
#2622=CARTESIAN_POINT('',(0.0485,0.016,-0.021));
#2623=CARTESIAN_POINT('',(0.0485,0.016,0.));
#2624=CARTESIAN_POINT('',(0.0485,0.016,0.004));
#2625=CARTESIAN_POINT('',(0.0485,1.7347234759768E-17,0.));
#2626=CARTESIAN_POINT('',(0.0485,0.0225,0.));
#2627=CARTESIAN_POINT('',(0.0485,0.0225,0.));
#2628=CARTESIAN_POINT('',(0.0485,0.0225,0.004));
#2629=CARTESIAN_POINT('',(0.0485,1.7347234759768E-17,0.004));
#2630=CARTESIAN_POINT('',(0.,0.,0.004));
#2631=CARTESIAN_POINT('',(1.7347234759768E-18,0.0564,0.004));
#2632=CARTESIAN_POINT('',(-0.014,0.0564,0.004));
#2633=CARTESIAN_POINT('',(0.014,0.0564,0.004));
#2634=CARTESIAN_POINT('',(0.014,0.0424,0.004));
#2635=CARTESIAN_POINT('',(0.014,0.0284,0.004));
#2636=CARTESIAN_POINT('',(-5.20417042793042E-18,0.0284,0.004));
#2637=CARTESIAN_POINT('',(-0.014,0.0284,0.004));
#2638=CARTESIAN_POINT('',(-0.014,0.0424,0.004));
#2639=CARTESIAN_POINT('',(0.02975,0.031875,0.004));
#2640=CARTESIAN_POINT('',(0.0314,0.031875,0.004));
#2641=CARTESIAN_POINT('',(-0.02975,0.,0.004));
#2642=CARTESIAN_POINT('',(-0.0281,0.,0.004));
#2643=CARTESIAN_POINT('',(-0.02975,-0.031875,0.004));
#2644=CARTESIAN_POINT('',(-0.0281,-0.031875,0.004));
#2645=CARTESIAN_POINT('',(0.02975,-0.031875,0.004));
#2646=CARTESIAN_POINT('',(0.0314,-0.031875,0.004));
#2647=CARTESIAN_POINT('',(0.02975,2.94902990916057E-17,0.004));
#2648=CARTESIAN_POINT('',(0.0314,2.94902990916057E-17,0.004));
#2649=CARTESIAN_POINT('',(-0.02975,0.031875,0.004));
#2650=CARTESIAN_POINT('',(-0.0281,0.031875,0.004));
#2651=CARTESIAN_POINT('',(-1.21655198456631E-50,-0.055,0.004));
#2652=CARTESIAN_POINT('',(-0.003,-0.055,0.004));
#2653=CARTESIAN_POINT('',(0.003,-0.055,0.004));
#2654=CARTESIAN_POINT('',(-0.003,-0.054,0.004));
#2655=CARTESIAN_POINT('',(-0.003,-0.053,0.004));
#2656=CARTESIAN_POINT('',(0.0015,-0.053,0.004));
#2657=CARTESIAN_POINT('',(0.003,-0.053,0.004));
#2658=CARTESIAN_POINT('',(0.003,-0.054,0.004));
#2659=CARTESIAN_POINT('',(-1.21655198456631E-50,-0.055,0.004));
#2660=CARTESIAN_POINT('',(0.023,-0.055,0.004));
#2661=CARTESIAN_POINT('',(0.027,-0.055,0.004));
#2662=CARTESIAN_POINT('',(0.023,6.93889390390723E-18,0.004));
#2663=CARTESIAN_POINT('',(0.023,-0.051,0.004));
#2664=CARTESIAN_POINT('',(-0.0813,-0.051,0.004));
#2665=CARTESIAN_POINT('',(0.027,-0.051,0.004));
#2666=CARTESIAN_POINT('',(0.027,-0.0405,0.004));
#2667=CARTESIAN_POINT('',(-0.0813,-0.03,0.004));
#2668=CARTESIAN_POINT('',(0.023,-0.03,0.004));
#2669=CARTESIAN_POINT('',(0.027,-0.03,0.004));
#2670=CARTESIAN_POINT('',(0.023,6.93889390390723E-18,0.004));
#2671=CARTESIAN_POINT('',(0.023,-0.026,0.004));
#2672=CARTESIAN_POINT('',(-0.0135,-0.026,0.004));
#2673=CARTESIAN_POINT('',(0.027,-0.026,0.004));
#2674=CARTESIAN_POINT('',(0.027,-0.0405,0.004));
#2675=CARTESIAN_POINT('',(-0.023,6.93889390390723E-18,0.004));
#2676=CARTESIAN_POINT('',(-0.023,-0.026,0.004));
#2677=CARTESIAN_POINT('',(-0.023,-0.03,0.004));
#2678=CARTESIAN_POINT('',(-0.0813,-0.03,0.004));
#2679=CARTESIAN_POINT('',(-0.027,-0.03,0.004));
#2680=CARTESIAN_POINT('',(-0.027,-0.0405,0.004));
#2681=CARTESIAN_POINT('',(-0.027,-0.026,0.004));
#2682=CARTESIAN_POINT('',(-0.0135,-0.026,0.004));
#2683=CARTESIAN_POINT('',(-0.023,6.93889390390723E-18,0.004));
#2684=CARTESIAN_POINT('',(-0.023,-0.051,0.004));
#2685=CARTESIAN_POINT('',(-0.023,-0.055,0.004));
#2686=CARTESIAN_POINT('',(-1.21655198456631E-50,-0.055,0.004));
#2687=CARTESIAN_POINT('',(-0.027,-0.055,0.004));
#2688=CARTESIAN_POINT('',(-0.027,-0.0405,0.004));
#2689=CARTESIAN_POINT('',(-0.027,-0.051,0.004));
#2690=CARTESIAN_POINT('',(-0.0813,-0.051,0.004));
#2691=CARTESIAN_POINT('',(-0.0015,-0.026,0.004));
#2692=CARTESIAN_POINT('',(0.003,-0.026,0.004));
#2693=CARTESIAN_POINT('',(-0.003,-0.026,0.004));
#2694=CARTESIAN_POINT('',(0.003,-0.027,0.004));
#2695=CARTESIAN_POINT('',(0.003,-0.028,0.004));
#2696=CARTESIAN_POINT('',(-0.0015,-0.028,0.004));
#2697=CARTESIAN_POINT('',(-0.003,-0.028,0.004));
#2698=CARTESIAN_POINT('',(-0.003,-0.027,0.004));
#2699=CARTESIAN_POINT('',(0.0433856988972264,-0.0108856988972265,0.004));
#2700=CARTESIAN_POINT('',(0.0325,2.94902990916057E-17,0.004));
#2701=CARTESIAN_POINT('',(0.0485,-0.016,0.004));
#2702=CARTESIAN_POINT('',(0.042192321281674,0.00969232128167405,0.004));
#2703=CARTESIAN_POINT('',(0.0405,0.0225,0.004));
#2704=CARTESIAN_POINT('',(0.04085786,0.0225,0.004));
#2705=CARTESIAN_POINT('',(0.0407864575667497,0.0224285975667497,0.004));
#2706=CARTESIAN_POINT('',(0.0325,0.01414214,0.004));
#2707=CARTESIAN_POINT('',(0.0325,-6.93889390390723E-18,0.004));
#2708=CARTESIAN_POINT('',(0.0325,0.062,0.004));
#2709=CARTESIAN_POINT('',(0.,0.062,0.004));
#2710=CARTESIAN_POINT('',(-0.0325,0.062,0.004));
#2711=CARTESIAN_POINT('',(-0.0325,-6.93889390390723E-18,0.004));
#2712=CARTESIAN_POINT('',(-0.0325,0.01414214,0.004));
#2713=CARTESIAN_POINT('',(-0.0409329610624751,0.0225751010624751,0.004));
#2714=CARTESIAN_POINT('',(-0.04085786,0.0225,0.004));
#2715=CARTESIAN_POINT('',(-0.0425,0.0225,0.004));
#2716=CARTESIAN_POINT('',(-0.0485,0.0225,0.004));
#2717=CARTESIAN_POINT('',(-0.0485,0.01,0.004));
#2718=CARTESIAN_POINT('',(-0.0485,0.016,0.004));
#2719=CARTESIAN_POINT('',(-0.0406101748538777,0.00811017485387772,0.004));
#2720=CARTESIAN_POINT('',(-0.0325,0.,0.004));
#2721=CARTESIAN_POINT('',(-0.04375,-0.01125,0.004));
#2722=CARTESIAN_POINT('',(-0.0485,-0.016,0.004));
#2723=CARTESIAN_POINT('',(-0.0485,0.01,0.004));
#2724=CARTESIAN_POINT('',(-0.0485,-0.0225,0.004));
#2725=CARTESIAN_POINT('',(-0.0425,-0.0225,0.004));
#2726=CARTESIAN_POINT('',(-0.04085786,-0.0225,0.004));
#2727=CARTESIAN_POINT('',(-0.0410381519281912,-0.0226802919281912,0.004));
#2728=CARTESIAN_POINT('',(-0.0325,-0.01414214,0.004));
#2729=CARTESIAN_POINT('',(-0.0325,-6.93889390390723E-18,0.004));
#2730=CARTESIAN_POINT('',(-0.0325,-0.062,0.004));
#2731=CARTESIAN_POINT('',(7.47265497343856E-19,-0.062,0.004));
#2732=CARTESIAN_POINT('',(0.0325,-0.062,0.004));
#2733=CARTESIAN_POINT('',(0.0325,-6.93889390390723E-18,0.004));
#2734=CARTESIAN_POINT('',(0.0325,-0.01414214,0.004));
#2735=CARTESIAN_POINT('',(0.039366000717443,-0.0210081407174431,0.004));
#2736=CARTESIAN_POINT('',(0.04085786,-0.0225,0.004));
#2737=CARTESIAN_POINT('',(0.0405,-0.0225,0.004));
#2738=CARTESIAN_POINT('',(0.0485,-0.0225,0.004));
#2739=CARTESIAN_POINT('',(0.0485,1.7347234759768E-17,0.004));
#2740=CARTESIAN_POINT('',(0.,0.,0.));
#2741=CARTESIAN_POINT('',(-0.01525,0.01525,0.));
#2742=CARTESIAN_POINT('',(-0.01825,0.01525,0.));
#2743=CARTESIAN_POINT('',(0.01525,0.01525,0.));
#2744=CARTESIAN_POINT('',(0.01225,0.01525,0.));
#2745=CARTESIAN_POINT('',(0.01525,-0.01525,0.));
#2746=CARTESIAN_POINT('',(0.01225,-0.01525,0.));
#2747=CARTESIAN_POINT('',(-0.01525,-0.01525,0.));
#2748=CARTESIAN_POINT('',(-0.01825,-0.01525,0.));
#2749=CARTESIAN_POINT('',(0.02975,0.031875,0.));
#2750=CARTESIAN_POINT('',(0.0314,0.031875,0.));
#2751=CARTESIAN_POINT('',(-0.02975,0.,0.));
#2752=CARTESIAN_POINT('',(-0.0281,0.,0.));
#2753=CARTESIAN_POINT('',(-0.02975,-0.031875,0.));
#2754=CARTESIAN_POINT('',(-0.0281,-0.031875,0.));
#2755=CARTESIAN_POINT('',(0.02975,-0.031875,0.));
#2756=CARTESIAN_POINT('',(0.0314,-0.031875,0.));
#2757=CARTESIAN_POINT('',(0.02975,2.94902990916057E-17,0.));
#2758=CARTESIAN_POINT('',(0.0314,2.94902990916057E-17,0.));
#2759=CARTESIAN_POINT('',(-0.02975,0.031875,0.));
#2760=CARTESIAN_POINT('',(-0.0281,0.031875,0.));
#2761=CARTESIAN_POINT('',(-0.003,0.,0.));
#2762=CARTESIAN_POINT('',(-0.003,-0.055,0.));
#2763=CARTESIAN_POINT('',(-0.003,-0.053,0.));
#2764=CARTESIAN_POINT('',(0.,-0.055,0.));
#2765=CARTESIAN_POINT('',(0.003,-0.055,0.));
#2766=CARTESIAN_POINT('',(0.003,6.505213034913E-19,0.));
#2767=CARTESIAN_POINT('',(0.003,-0.053,0.));
#2768=CARTESIAN_POINT('',(0.,-0.053,0.));
#2769=CARTESIAN_POINT('',(0.003,0.,0.));
#2770=CARTESIAN_POINT('',(0.003,-0.026,0.));
#2771=CARTESIAN_POINT('',(0.003,-0.028,0.));
#2772=CARTESIAN_POINT('',(0.,-0.026,0.));
#2773=CARTESIAN_POINT('',(-0.003,-0.026,0.));
#2774=CARTESIAN_POINT('',(-0.003,0.,0.));
#2775=CARTESIAN_POINT('',(-0.003,-0.028,0.));
#2776=CARTESIAN_POINT('',(0.,-0.028,0.));
#2777=CARTESIAN_POINT('',(0.01625,-0.01625,0.));
#2778=CARTESIAN_POINT('',(0.0325,2.94902990916057E-17,0.));
#2779=CARTESIAN_POINT('',(0.01625,0.01625,0.));
#2780=CARTESIAN_POINT('',(0.0485,-0.016,0.));
#2781=CARTESIAN_POINT('',(0.0485,1.7347234759768E-17,0.));
#2782=CARTESIAN_POINT('',(0.0485,-0.0225,0.));
#2783=CARTESIAN_POINT('',(0.0405,-0.0225,0.));
#2784=CARTESIAN_POINT('',(0.04085786,-0.0225,0.));
#2785=CARTESIAN_POINT('',(0.00917893,0.00917893,0.));
#2786=CARTESIAN_POINT('',(0.0325,-0.01414214,0.));
#2787=CARTESIAN_POINT('',(0.0325,-6.93889390390723E-18,0.));
#2788=CARTESIAN_POINT('',(0.0325,-0.062,0.));
#2789=CARTESIAN_POINT('',(7.47265497343856E-19,-0.062,0.));
#2790=CARTESIAN_POINT('',(-0.0325,-0.062,0.));
#2791=CARTESIAN_POINT('',(-0.0325,-6.93889390390723E-18,0.));
#2792=CARTESIAN_POINT('',(-0.0325,-0.01414214,0.));
#2793=CARTESIAN_POINT('',(-0.00917893,0.00917893,0.));
#2794=CARTESIAN_POINT('',(-0.04085786,-0.0225,0.));
#2795=CARTESIAN_POINT('',(-0.0425,-0.0225,0.));
#2796=CARTESIAN_POINT('',(-0.0485,-0.0225,0.));
#2797=CARTESIAN_POINT('',(-0.0485,0.,0.));
#2798=CARTESIAN_POINT('',(-0.0485,-0.016,0.));
#2799=CARTESIAN_POINT('',(-0.01625,0.01625,0.));
#2800=CARTESIAN_POINT('',(-0.0325,0.,0.));
#2801=CARTESIAN_POINT('',(-0.01625,-0.01625,0.));
#2802=CARTESIAN_POINT('',(-0.0485,0.016,0.));
#2803=CARTESIAN_POINT('',(-0.0485,0.,0.));
#2804=CARTESIAN_POINT('',(-0.0485,0.0225,0.));
#2805=CARTESIAN_POINT('',(-0.0425,0.0225,0.));
#2806=CARTESIAN_POINT('',(-0.04085786,0.0225,0.));
#2807=CARTESIAN_POINT('',(-0.00917893,-0.00917893,0.));
#2808=CARTESIAN_POINT('',(-0.0325,0.01414214,0.));
#2809=CARTESIAN_POINT('',(-0.0325,-6.93889390390723E-18,0.));
#2810=CARTESIAN_POINT('',(-0.0325,0.062,0.));
#2811=CARTESIAN_POINT('',(0.,0.062,0.));
#2812=CARTESIAN_POINT('',(0.0325,0.062,0.));
#2813=CARTESIAN_POINT('',(0.0325,-6.93889390390723E-18,0.));
#2814=CARTESIAN_POINT('',(0.0325,0.01414214,0.));
#2815=CARTESIAN_POINT('',(0.00917893,-0.00917893,0.));
#2816=CARTESIAN_POINT('',(0.04085786,0.0225,0.));
#2817=CARTESIAN_POINT('',(0.0405,0.0225,0.));
#2818=CARTESIAN_POINT('',(0.0325,-6.93889390390723E-18,0.004));
#2819=CARTESIAN_POINT('',(0.0325,0.01414214,-0.021));
#2820=CARTESIAN_POINT('',(0.0325,0.062,0.004));
#2821=CARTESIAN_POINT('',(-0.0485,0.01,-0.021));
#2822=CARTESIAN_POINT('',(-0.0485,0.016,-0.021));
#2823=CARTESIAN_POINT('',(-0.0485,0.0225,-0.021));
#2824=CARTESIAN_POINT('',(-0.0325,-6.93889390390723E-18,0.004));
#2825=CARTESIAN_POINT('',(-0.0325,0.01414214,-0.021));
#2826=CARTESIAN_POINT('',(-0.0325,0.062,0.004));
#2827=CARTESIAN_POINT('',(0.,-0.055,0.004));
#2828=CARTESIAN_POINT('',(-0.027,-0.055,0.016));
#2829=CARTESIAN_POINT('',(-0.027,-0.055,0.016));
#2830=CARTESIAN_POINT('',(-0.023,-0.055,0.01));
#2831=CARTESIAN_POINT('',(-0.023,-0.055,0.016));
#2832=CARTESIAN_POINT('',(0.,-0.055,0.016));
#2833=CARTESIAN_POINT('',(0.,-0.055,0.004));
#2834=CARTESIAN_POINT('',(0.023,-0.055,0.01));
#2835=CARTESIAN_POINT('',(0.023,-0.055,0.016));
#2836=CARTESIAN_POINT('',(0.027,-0.055,0.016));
#2837=CARTESIAN_POINT('',(0.027,-0.055,0.016));
#2838=CARTESIAN_POINT('',(0.,-0.055,0.016));
#2839=CARTESIAN_POINT('',(0.,0.,0.016));
#2840=CARTESIAN_POINT('',(0.0245,-0.027,0.016));
#2841=CARTESIAN_POINT('',(0.023,-0.027,0.016));
#2842=CARTESIAN_POINT('',(0.026,-0.027,0.016));
#2843=CARTESIAN_POINT('',(0.026,-0.0285,0.016));
#2844=CARTESIAN_POINT('',(0.026,-0.03,0.016));
#2845=CARTESIAN_POINT('',(-0.0813,-0.03,0.016));
#2846=CARTESIAN_POINT('',(0.027,-0.03,0.016));
#2847=CARTESIAN_POINT('',(0.027,-0.0405,0.016));
#2848=CARTESIAN_POINT('',(0.027,-0.026,0.016));
#2849=CARTESIAN_POINT('',(-0.0135,-0.026,0.016));
#2850=CARTESIAN_POINT('',(0.023,-0.026,0.016));
#2851=CARTESIAN_POINT('',(0.023,6.93889390390723E-18,0.016));
#2852=CARTESIAN_POINT('',(0.023,6.93889390390723E-18,0.01));
#2853=CARTESIAN_POINT('',(0.023,-0.0275,0.014));
#2854=CARTESIAN_POINT('',(0.023,-0.03,0.014));
#2855=CARTESIAN_POINT('',(0.023,-0.027,0.014));
#2856=CARTESIAN_POINT('',(0.023,-0.027,0.014));
#2857=CARTESIAN_POINT('',(0.023,-0.026,0.016));
#2858=CARTESIAN_POINT('',(0.023,-0.03,0.014002));
#2859=CARTESIAN_POINT('',(-0.023,6.93889390390723E-18,0.01));
#2860=CARTESIAN_POINT('',(-0.023,-0.02775,0.0140001));
#2861=CARTESIAN_POINT('',(-0.023,-0.02775,0.0140001));
#2862=CARTESIAN_POINT('',(-0.023,-0.0275,0.0140001));
#2863=CARTESIAN_POINT('',(-0.023,-0.03,0.0140001));
#2864=CARTESIAN_POINT('',(-0.023,-0.03,0.014002));
#2865=CARTESIAN_POINT('',(-0.023,-0.026,0.016));
#2866=CARTESIAN_POINT('',(-0.023,-0.026,0.016));
#2867=CARTESIAN_POINT('',(-0.023,6.93889390390723E-18,0.016));
#2868=CARTESIAN_POINT('',(-0.023,-0.027,0.016));
#2869=CARTESIAN_POINT('',(-0.023,-0.027,0.014));
#2870=CARTESIAN_POINT('',(-0.0813,-0.03,0.01));
#2871=CARTESIAN_POINT('',(-0.026,-0.03,0.014));
#2872=CARTESIAN_POINT('',(-0.026,-0.03,0.016));
#2873=CARTESIAN_POINT('',(-0.0813,-0.03,0.016));
#2874=CARTESIAN_POINT('',(-0.027,-0.03,0.016));
#2875=CARTESIAN_POINT('',(-0.027,-0.03,0.016));
#2876=CARTESIAN_POINT('',(-0.0255,-0.03,0.0140001));
#2877=CARTESIAN_POINT('',(-0.0251,-0.03,0.0140001));
#2878=CARTESIAN_POINT('',(-0.0251,-0.03,0.0140001));
#2879=CARTESIAN_POINT('',(0.027,-0.0405,0.016));
#2880=CARTESIAN_POINT('',(0.027,-0.051,0.01));
#2881=CARTESIAN_POINT('',(0.027,-0.051,0.016));
#2882=CARTESIAN_POINT('',(0.027,-0.0405,0.016));
#2883=CARTESIAN_POINT('',(-0.027,-0.0405,0.016));
#2884=CARTESIAN_POINT('',(-0.027,-0.0405,0.016));
#2885=CARTESIAN_POINT('',(-0.027,-0.026,0.016));
#2886=CARTESIAN_POINT('',(-0.027,-0.026,0.016));
#2887=CARTESIAN_POINT('',(0.,0.,0.016));
#2888=CARTESIAN_POINT('',(-0.0245,-0.027,0.016));
#2889=CARTESIAN_POINT('',(-0.026,-0.027,0.016));
#2890=CARTESIAN_POINT('',(-0.0135,-0.026,0.016));
#2891=CARTESIAN_POINT('',(-0.026,-0.0285,0.016));
#2892=CARTESIAN_POINT('',(-0.0135,-0.026,0.016));
#2893=CARTESIAN_POINT('',(0.027,-0.026,0.016));
#2894=CARTESIAN_POINT('',(0.,0.,0.016));
#2895=CARTESIAN_POINT('',(0.0245,-0.054,0.016));
#2896=CARTESIAN_POINT('',(0.023,-0.054,0.016));
#2897=CARTESIAN_POINT('',(0.026,-0.054,0.016));
#2898=CARTESIAN_POINT('',(0.023,6.93889390390723E-18,0.016));
#2899=CARTESIAN_POINT('',(-0.0813,-0.051,0.016));
#2900=CARTESIAN_POINT('',(0.026,-0.051,0.016));
#2901=CARTESIAN_POINT('',(0.026,-0.0525,0.016));
#2902=CARTESIAN_POINT('',(0.0325,-6.93889390390723E-18,0.004));
#2903=CARTESIAN_POINT('',(0.0325,-0.01414214,-0.021));
#2904=CARTESIAN_POINT('',(0.0325,-0.062,0.002));
#2905=CARTESIAN_POINT('',(-0.0325,-6.93889390390723E-18,0.004));
#2906=CARTESIAN_POINT('',(-0.0325,-0.01414214,-0.021));
#2907=CARTESIAN_POINT('',(-0.0325,-0.062,0.004));
#2908=CARTESIAN_POINT('',(-0.027,-0.0405,0.016));
#2909=CARTESIAN_POINT('',(-0.027,-0.051,0.016));
#2910=CARTESIAN_POINT('',(-0.027,-0.051,0.016));
#2911=CARTESIAN_POINT('',(-0.027,-0.0405,0.016));
#2912=CARTESIAN_POINT('',(0.027,-0.0405,0.016));
#2913=CARTESIAN_POINT('',(0.027,-0.03,0.01));
#2914=CARTESIAN_POINT('',(-0.0135,-0.026,0.016));
#2915=CARTESIAN_POINT('',(0.,0.,0.016));
#2916=CARTESIAN_POINT('',(-0.026,-0.0525,0.016));
#2917=CARTESIAN_POINT('',(-0.026,-0.051,0.016));
#2918=CARTESIAN_POINT('',(-0.026,-0.054,0.016));
#2919=CARTESIAN_POINT('',(-0.0813,-0.051,0.016));
#2920=CARTESIAN_POINT('',(-0.023,6.93889390390723E-18,0.016));
#2921=CARTESIAN_POINT('',(-0.023,-0.054,0.016));
#2922=CARTESIAN_POINT('',(-0.0245,-0.054,0.016));
#2923=CARTESIAN_POINT('',(-0.023,6.93889390390723E-18,0.01));
#2924=CARTESIAN_POINT('',(-0.023,6.93889390390723E-18,0.014));
#2925=CARTESIAN_POINT('',(-0.023,-0.051,0.014));
#2926=CARTESIAN_POINT('',(-0.023,-0.054,0.014));
#2927=CARTESIAN_POINT('',(-0.023,-0.054,0.014));
#2928=CARTESIAN_POINT('',(-0.023,-0.051,0.014002));
#2929=CARTESIAN_POINT('',(0.023,6.93889390390723E-18,0.01));
#2930=CARTESIAN_POINT('',(0.023,-0.0535,0.014));
#2931=CARTESIAN_POINT('',(0.023,-0.051,0.014));
#2932=CARTESIAN_POINT('',(0.023,-0.054,0.014));
#2933=CARTESIAN_POINT('',(0.023,-0.051,0.014002));
#2934=CARTESIAN_POINT('',(0.023,-0.054,0.014));
#2935=CARTESIAN_POINT('',(-0.0813,-0.051,0.01));
#2936=CARTESIAN_POINT('',(-0.026,-0.051,0.014));
#2937=CARTESIAN_POINT('',(-0.026,-0.051,0.014));
#2938=CARTESIAN_POINT('',(-0.0813,-0.051,0.014));
#2939=CARTESIAN_POINT('',(-0.0813,-0.051,0.01));
#2940=CARTESIAN_POINT('',(0.0255,-0.051,0.014));
#2941=CARTESIAN_POINT('',(0.026,-0.051,0.014));
#2942=CARTESIAN_POINT('',(0.026,-0.051,0.014));
#2943=CARTESIAN_POINT('',(-0.0813,-0.03,0.01));
#2944=CARTESIAN_POINT('',(0.0255,-0.03,0.014));
#2945=CARTESIAN_POINT('',(0.026,-0.03,0.014));
#2946=CARTESIAN_POINT('',(0.026,-0.03,0.014));
#2947=CARTESIAN_POINT('',(-0.0245,-0.027,0.014));
#2948=CARTESIAN_POINT('',(-0.026,-0.027,0.014));
#2949=CARTESIAN_POINT('',(-0.026,-0.0285,0.014));
#2950=CARTESIAN_POINT('',(-0.026,-0.0525,0.014));
#2951=CARTESIAN_POINT('',(-0.026,-0.054,0.014));
#2952=CARTESIAN_POINT('',(-0.026,-0.054,0.014));
#2953=CARTESIAN_POINT('',(-0.026,-0.0525,0.014));
#2954=CARTESIAN_POINT('',(-0.0245,-0.054,0.014));
#2955=CARTESIAN_POINT('',(-0.0245,-0.054,0.014));
#2956=CARTESIAN_POINT('',(-0.0005,-0.041,0.014));
#2957=CARTESIAN_POINT('',(0.0245,-0.054,0.014));
#2958=CARTESIAN_POINT('',(0.026,-0.054,0.014));
#2959=CARTESIAN_POINT('',(0.026,-0.054,0.014));
#2960=CARTESIAN_POINT('',(0.0245,-0.054,0.014));
#2961=CARTESIAN_POINT('',(0.026,-0.0525,0.014));
#2962=CARTESIAN_POINT('',(0.026,-0.0525,0.014));
#2963=CARTESIAN_POINT('',(-0.0005,-0.041,0.014));
#2964=CARTESIAN_POINT('',(0.026,-0.0285,0.014));
#2965=CARTESIAN_POINT('',(0.026,-0.027,0.014));
#2966=CARTESIAN_POINT('',(0.026,-0.027,0.014));
#2967=CARTESIAN_POINT('',(0.026,-0.0285,0.014));
#2968=CARTESIAN_POINT('',(0.0245,-0.027,0.014));
#2969=CARTESIAN_POINT('',(0.0245,-0.027,0.014));
#2970=CARTESIAN_POINT('',(-0.0005,-0.041,0.014));
#2971=CARTESIAN_POINT('',(0.0015,-0.053,-0.021));
#2972=CARTESIAN_POINT('',(0.003,-0.053,-0.021));
#2973=CARTESIAN_POINT('',(-0.003,-0.053,-0.021));
#2974=CARTESIAN_POINT('',(-0.003,-0.054,-0.021));
#2975=CARTESIAN_POINT('',(-0.003,-0.055,-0.021));
#2976=CARTESIAN_POINT('',(0.003,-0.054,-0.021));
#2977=CARTESIAN_POINT('',(0.003,-0.055,-0.021));
#2978=CARTESIAN_POINT('',(0.003,-0.027,-0.021));
#2979=CARTESIAN_POINT('',(0.003,-0.028,-0.021));
#2980=CARTESIAN_POINT('',(0.003,-0.026,-0.021));
#2981=CARTESIAN_POINT('',(-0.0015,-0.026,-0.021));
#2982=CARTESIAN_POINT('',(-0.003,-0.026,-0.021));
#2983=CARTESIAN_POINT('',(-0.003,-0.027,-0.021));
#2984=CARTESIAN_POINT('',(-0.003,-0.028,-0.021));
#2985=CARTESIAN_POINT('',(-0.0015,-0.028,-0.021));
#2986=CARTESIAN_POINT('',(-1.06752213906265E-18,-0.055,0.008));
#2987=CARTESIAN_POINT('',(-3.20256641718793E-19,-0.062,0.008));
#2988=CARTESIAN_POINT('',(0.,0.062,0.004));
#2989=CARTESIAN_POINT('',(-0.0485,0.01,-0.021));
#2990=CARTESIAN_POINT('',(-0.0485,-0.016,-0.021));
#2991=CARTESIAN_POINT('',(-0.0485,-0.0225,-0.021));
#2992=CARTESIAN_POINT('',(-0.0425,0.0225,-2.00000000000027E-6));
#2993=CARTESIAN_POINT('',(-0.04085786,0.0225,-0.021));
#2994=CARTESIAN_POINT('',(-0.0425,-0.0225,-2.00000000000027E-6));
#2995=CARTESIAN_POINT('',(-0.04085786,-0.0225,-0.021));
#2996=CARTESIAN_POINT('',(-0.04375,-0.01125,-0.021));
#2997=CARTESIAN_POINT('',(-0.0325,0.,-0.021));
#2998=CARTESIAN_POINT('',(-0.0406101748538777,0.00811017485387772,-0.021));
#2999=CARTESIAN_POINT('',(-0.0410381519281912,-0.0226802919281912,-0.021));
#3000=CARTESIAN_POINT('',(-0.0409329610624751,0.0225751010624751,-0.021));
#3001=CARTESIAN_POINT('',(0.0405,0.0225,0.));
#3002=CARTESIAN_POINT('',(0.04085786,0.0225,-0.021));
#3003=CARTESIAN_POINT('',(0.0405,-0.0225,0.));
#3004=CARTESIAN_POINT('',(0.04085786,-0.0225,-0.021));
#3005=CARTESIAN_POINT('',(0.0485,-0.0225,0.));
#3006=CARTESIAN_POINT('',(0.0485,1.7347234759768E-17,0.));
#3007=CARTESIAN_POINT('',(0.0485,-0.016,-0.021));
#3008=CARTESIAN_POINT('',(0.039366000717443,-0.0210081407174431,-0.021));
#3009=CARTESIAN_POINT('',(0.0407864575667497,0.0224285975667497,-0.021));
#3010=CARTESIAN_POINT('',(0.042192321281674,0.00969232128167405,-0.021));
#3011=CARTESIAN_POINT('',(0.0325,2.94902990916057E-17,-0.021));
#3012=CARTESIAN_POINT('',(0.0433856988972264,-0.0108856988972265,-0.021));
#3013=CARTESIAN_POINT('',(-0.02975,0.031875,-0.021));
#3014=CARTESIAN_POINT('',(0.02975,2.94902990916057E-17,-0.021));
#3015=CARTESIAN_POINT('',(0.02975,-0.031875,-0.021));
#3016=CARTESIAN_POINT('',(-0.02975,-0.031875,-0.021));
#3017=CARTESIAN_POINT('',(-0.02975,0.,-0.021));
#3018=CARTESIAN_POINT('',(0.02975,0.031875,-0.021));
#3019=CARTESIAN_POINT('',(-6.93889390390723E-18,0.,0.001));
#3020=CARTESIAN_POINT('',(-6.93889390390723E-18,0.,0.001));
#3021=CARTESIAN_POINT('',(-6.93889390390723E-18,0.,0.001));
#3022=CARTESIAN_POINT('',(-6.93889390390723E-18,0.,0.001));
#3023=CARTESIAN_POINT('',(-6.93889390390723E-18,0.,0.001));
#3024=CARTESIAN_POINT('',(-6.93889390390723E-18,0.,0.001));
#3025=CARTESIAN_POINT('',(-6.93889390390723E-18,0.,0.001));
#3026=CARTESIAN_POINT('',(-6.93889390390723E-18,0.,0.001));
#3027=CARTESIAN_POINT('',(-0.01525,-0.01525,0.003));
#3028=CARTESIAN_POINT('',(-0.01525,-0.01525,0.003));
#3029=CARTESIAN_POINT('',(-0.01825,-0.01525,0.003));
#3030=CARTESIAN_POINT('',(-6.93889390390723E-18,0.,0.003));
#3031=CARTESIAN_POINT('',(0.01525,-0.01525,0.003));
#3032=CARTESIAN_POINT('',(0.01525,-0.01525,0.003));
#3033=CARTESIAN_POINT('',(0.01225,-0.01525,0.003));
#3034=CARTESIAN_POINT('',(-6.93889390390723E-18,0.,0.003));
#3035=CARTESIAN_POINT('',(0.01525,0.01525,0.003));
#3036=CARTESIAN_POINT('',(0.01525,0.01525,0.003));
#3037=CARTESIAN_POINT('',(0.01225,0.01525,0.003));
#3038=CARTESIAN_POINT('',(-6.93889390390723E-18,0.,0.003));
#3039=CARTESIAN_POINT('',(-0.01525,0.01525,0.003));
#3040=CARTESIAN_POINT('',(-0.01525,0.01525,0.003));
#3041=CARTESIAN_POINT('',(-0.01825,0.01525,0.003));
#3042=CARTESIAN_POINT('',(-6.93889390390723E-18,0.,0.003));
#3043=CARTESIAN_POINT('',(1.7347234759768E-18,0.0564,0.0040001));
#3044=CARTESIAN_POINT('',(-0.014,0.0564,0.0040001));
#3045=CARTESIAN_POINT('',(-0.014,0.0564,0.0040001));
#3046=CARTESIAN_POINT('',(1.7347234759768E-18,0.0564,0.0040001));
#3047=CARTESIAN_POINT('',(0.014,0.0564,0.0040001));
#3048=CARTESIAN_POINT('',(0.014,0.0564,0.0040001));
#3049=CARTESIAN_POINT('',(-0.014,0.0424,0.0040001));
#3050=CARTESIAN_POINT('',(-0.014,0.0284,0.0040001));
#3051=CARTESIAN_POINT('',(-0.014,0.0284,0.0040001));
#3052=CARTESIAN_POINT('',(-0.014,0.0424,0.0040001));
#3053=CARTESIAN_POINT('',(-5.20417042793042E-18,0.0284,0.0040001));
#3054=CARTESIAN_POINT('',(0.014,0.0284,0.0040001));
#3055=CARTESIAN_POINT('',(0.014,0.0284,0.0040001));
#3056=CARTESIAN_POINT('',(-5.20417042793042E-18,0.0284,0.0040001));
#3057=CARTESIAN_POINT('',(0.014,0.0424,0.0040001));
#3058=CARTESIAN_POINT('',(0.014,0.0424,0.0040001));
#3059=CARTESIAN_POINT('',(0.,0.,0.0040001));
#3060=CARTESIAN_POINT('',(3.46944695195361E-18,-0.02775,0.0140001));
#3061=CARTESIAN_POINT('',(-0.0251,-0.02775,0.0140001));
#3062=CARTESIAN_POINT('',(-0.0251,-0.02775,0.0140001));
#3063=CARTESIAN_POINT('',(3.46944695195361E-18,-0.02775,0.0140001));
#3064=CARTESIAN_POINT('',(-0.0251,-0.034125,0.0140001));
#3065=CARTESIAN_POINT('',(-0.0251,-0.034125,0.0140001));
#3066=CARTESIAN_POINT('',(-3.46944695195361E-18,-0.0405,0.0140001));
#3067=MECHANICAL_DESIGN_GEOMETRIC_PRESENTATION_REPRESENTATION('',(#1888),
#3068);
#3068=(
GEOMETRIC_REPRESENTATION_CONTEXT(3)
GLOBAL_UNCERTAINTY_ASSIGNED_CONTEXT((#3069))
GLOBAL_UNIT_ASSIGNED_CONTEXT((#3072,#3071,#3070))
REPRESENTATION_CONTEXT('Part 1','TOP_LEVEL_ASSEMBLY_PART')
);
#3069=UNCERTAINTY_MEASURE_WITH_UNIT(LENGTH_MEASURE(1.E-8),#3072,
'DISTANCE_ACCURACY_VALUE','Maximum Tolerance applied to model');
#3070=(
NAMED_UNIT(*)
SI_UNIT($,.STERADIAN.)
SOLID_ANGLE_UNIT()
);
#3071=(
NAMED_UNIT(*)
PLANE_ANGLE_UNIT()
SI_UNIT($,.RADIAN.)
);
#3072=(
LENGTH_UNIT()
NAMED_UNIT(*)
SI_UNIT($,.METRE.)
);
#3073=PRODUCT_DEFINITION_SHAPE('','',#3074);
#3074=PRODUCT_DEFINITION('','',#3076,#3075);
#3075=PRODUCT_DEFINITION_CONTEXT('',#3082,'design');
#3076=PRODUCT_DEFINITION_FORMATION_WITH_SPECIFIED_SOURCE('','',#3078,
 .NOT_KNOWN.);
#3077=PRODUCT_RELATED_PRODUCT_CATEGORY('','',(#3078));
#3078=PRODUCT('Part 1','Part 1','Part 1',(#3080));
#3079=PRODUCT_CATEGORY('','');
#3080=PRODUCT_CONTEXT('',#3082,'mechanical');
#3081=APPLICATION_PROTOCOL_DEFINITION('international standard',
'ap242_managed_model_based_3d_engineering',2020,#3082);
#3082=APPLICATION_CONTEXT('managed model based 3d engineering');
ENDSEC;
END-ISO-10303-21;
