ISO-10303-21;
HEADER;
/* Generated by software containing ST-Developer
 * from STEP Tools, Inc. (www.steptools.com) 
 */
/* OPTION: using custom renumber hook */

FILE_DESCRIPTION(
/* description */ ('STEP AP242 Edition 2',
'CAx-IF Rec.Pracs.---Representation and Presentation of Product Manufa
cturing Information (PMI)---4.0---2014-10-13',
'CAx-IF Rec.Pracs.---3D Tessellated Geometry---0.4---2014-09-14','2;1',
'CAx-IF Rec.Pracs.---User Defined Attributes---1.5---2016-08-15'),
/* implementation_level */ '2;1');

FILE_NAME(
/* name */ '6a8cfd2a747cdc00da9f054b',
/* time_stamp */ '2026-08-25T02:25:46Z',
/* author */ (''),
/* organization */ (''),
/* preprocessor_version */ 'ST-DEVELOPER v20',
/* originating_system */ 'ONSHAPE BY PTC INC, 1.219',
/* authorisation */ '  ');

FILE_SCHEMA (('AP242_MANAGED_MODEL_BASED_3D_ENGINEERING_MIM_LF { 1 0 10303 442 3 1 4 }'));
ENDSEC;

DATA;
#10=CONTEXT_DEPENDENT_SHAPE_REPRESENTATION(#14,#3713);
#11=CONTEXT_DEPENDENT_SHAPE_REPRESENTATION(#15,#3715);
#12=NEXT_ASSEMBLY_USAGE_OCCURRENCE('NAUO1','Part 1','Part 1',#3716,#3717,
'');
#13=NEXT_ASSEMBLY_USAGE_OCCURRENCE('NAUO2','Part 1','Part 1',#3716,#3718,
'');
#14=(
REPRESENTATION_RELATIONSHIP(' ',' ',#2331,#2330)
REPRESENTATION_RELATIONSHIP_WITH_TRANSFORMATION(#16)
SHAPE_REPRESENTATION_RELATIONSHIP()
);
#15=(
REPRESENTATION_RELATIONSHIP(' ',' ',#2332,#2330)
REPRESENTATION_RELATIONSHIP_WITH_TRANSFORMATION(#17)
SHAPE_REPRESENTATION_RELATIONSHIP()
);
#16=ITEM_DEFINED_TRANSFORMATION(' ',' ',#2333,#2420);
#17=ITEM_DEFINED_TRANSFORMATION(' ',' ',#2333,#2484);
#18=SHAPE_REPRESENTATION_RELATIONSHIP('','',#2331,#20);
#19=SHAPE_REPRESENTATION_RELATIONSHIP('','',#2332,#21);
#20=ADVANCED_BREP_SHAPE_REPRESENTATION('',(#2325),#3703);
#21=ADVANCED_BREP_SHAPE_REPRESENTATION('',(#2326),#3704);
#22=LINE('',#3087,#298);
#23=LINE('',#3090,#299);
#24=LINE('',#3092,#300);
#25=LINE('',#3094,#301);
#26=LINE('',#3096,#302);
#27=LINE('',#3098,#303);
#28=LINE('',#3100,#304);
#29=LINE('',#3103,#305);
#30=LINE('',#3105,#306);
#31=LINE('',#3106,#307);
#32=LINE('',#3108,#308);
#33=LINE('',#3110,#309);
#34=LINE('',#3113,#310);
#35=LINE('',#3115,#311);
#36=LINE('',#3117,#312);
#37=LINE('',#3118,#313);
#38=LINE('',#3121,#314);
#39=LINE('',#3123,#315);
#40=LINE('',#3125,#316);
#41=LINE('',#3126,#317);
#42=LINE('',#3129,#318);
#43=LINE('',#3131,#319);
#44=LINE('',#3133,#320);
#45=LINE('',#3134,#321);
#46=LINE('',#3137,#322);
#47=LINE('',#3139,#323);
#48=LINE('',#3141,#324);
#49=LINE('',#3142,#325);
#50=LINE('',#3145,#326);
#51=LINE('',#3147,#327);
#52=LINE('',#3149,#328);
#53=LINE('',#3150,#329);
#54=LINE('',#3152,#330);
#55=LINE('',#3154,#331);
#56=LINE('',#3155,#332);
#57=LINE('',#3158,#333);
#58=LINE('',#3160,#334);
#59=LINE('',#3162,#335);
#60=LINE('',#3163,#336);
#61=LINE('',#3166,#337);
#62=LINE('',#3168,#338);
#63=LINE('',#3170,#339);
#64=LINE('',#3171,#340);
#65=LINE('',#3174,#341);
#66=LINE('',#3176,#342);
#67=LINE('',#3178,#343);
#68=LINE('',#3180,#344);
#69=LINE('',#3183,#345);
#70=LINE('',#3184,#346);
#71=LINE('',#3186,#347);
#72=LINE('',#3188,#348);
#73=LINE('',#3190,#349);
#74=LINE('',#3192,#350);
#75=LINE('',#3194,#351);
#76=LINE('',#3205,#352);
#77=LINE('',#3206,#353);
#78=LINE('',#3208,#354);
#79=LINE('',#3210,#355);
#80=LINE('',#3213,#356);
#81=LINE('',#3215,#357);
#82=LINE('',#3217,#358);
#83=LINE('',#3219,#359);
#84=LINE('',#3222,#360);
#85=LINE('',#3224,#361);
#86=LINE('',#3225,#362);
#87=LINE('',#3227,#363);
#88=LINE('',#3229,#364);
#89=LINE('',#3231,#365);
#90=LINE('',#3233,#366);
#91=LINE('',#3235,#367);
#92=LINE('',#3237,#368);
#93=LINE('',#3239,#369);
#94=LINE('',#3241,#370);
#95=LINE('',#3243,#371);
#96=LINE('',#3245,#372);
#97=LINE('',#3247,#373);
#98=LINE('',#3250,#374);
#99=LINE('',#3252,#375);
#100=LINE('',#3253,#376);
#101=LINE('',#3255,#377);
#102=LINE('',#3257,#378);
#103=LINE('',#3259,#379);
#104=LINE('',#3261,#380);
#105=LINE('',#3263,#381);
#106=LINE('',#3265,#382);
#107=LINE('',#3267,#383);
#108=LINE('',#3269,#384);
#109=LINE('',#3272,#385);
#110=LINE('',#3273,#386);
#111=LINE('',#3275,#387);
#112=LINE('',#3277,#388);
#113=LINE('',#3279,#389);
#114=LINE('',#3281,#390);
#115=LINE('',#3283,#391);
#116=LINE('',#3285,#392);
#117=LINE('',#3287,#393);
#118=LINE('',#3289,#394);
#119=LINE('',#3291,#395);
#120=LINE('',#3293,#396);
#121=LINE('',#3295,#397);
#122=LINE('',#3297,#398);
#123=LINE('',#3299,#399);
#124=LINE('',#3301,#400);
#125=LINE('',#3304,#401);
#126=LINE('',#3306,#402);
#127=LINE('',#3308,#403);
#128=LINE('',#3311,#404);
#129=LINE('',#3313,#405);
#130=LINE('',#3315,#406);
#131=LINE('',#3318,#407);
#132=LINE('',#3320,#408);
#133=LINE('',#3322,#409);
#134=LINE('',#3341,#410);
#135=LINE('',#3343,#411);
#136=LINE('',#3345,#412);
#137=LINE('',#3347,#413);
#138=LINE('',#3349,#414);
#139=LINE('',#3351,#415);
#140=LINE('',#3353,#416);
#141=LINE('',#3355,#417);
#142=LINE('',#3358,#418);
#143=LINE('',#3360,#419);
#144=LINE('',#3362,#420);
#145=LINE('',#3364,#421);
#146=LINE('',#3366,#422);
#147=LINE('',#3368,#423);
#148=LINE('',#3370,#424);
#149=LINE('',#3372,#425);
#150=LINE('',#3375,#426);
#151=LINE('',#3377,#427);
#152=LINE('',#3379,#428);
#153=LINE('',#3381,#429);
#154=LINE('',#3383,#430);
#155=LINE('',#3385,#431);
#156=LINE('',#3387,#432);
#157=LINE('',#3389,#433);
#158=LINE('',#3392,#434);
#159=LINE('',#3394,#435);
#160=LINE('',#3396,#436);
#161=LINE('',#3398,#437);
#162=LINE('',#3400,#438);
#163=LINE('',#3402,#439);
#164=LINE('',#3404,#440);
#165=LINE('',#3406,#441);
#166=LINE('',#3410,#442);
#167=LINE('',#3413,#443);
#168=LINE('',#3415,#444);
#169=LINE('',#3417,#445);
#170=LINE('',#3419,#446);
#171=LINE('',#3421,#447);
#172=LINE('',#3423,#448);
#173=LINE('',#3425,#449);
#174=LINE('',#3427,#450);
#175=LINE('',#3429,#451);
#176=LINE('',#3431,#452);
#177=LINE('',#3433,#453);
#178=LINE('',#3434,#454);
#179=LINE('',#3437,#455);
#180=LINE('',#3439,#456);
#181=LINE('',#3441,#457);
#182=LINE('',#3442,#458);
#183=LINE('',#3445,#459);
#184=LINE('',#3447,#460);
#185=LINE('',#3449,#461);
#186=LINE('',#3450,#462);
#187=LINE('',#3453,#463);
#188=LINE('',#3455,#464);
#189=LINE('',#3457,#465);
#190=LINE('',#3458,#466);
#191=LINE('',#3461,#467);
#192=LINE('',#3463,#468);
#193=LINE('',#3465,#469);
#194=LINE('',#3466,#470);
#195=LINE('',#3469,#471);
#196=LINE('',#3471,#472);
#197=LINE('',#3473,#473);
#198=LINE('',#3475,#474);
#199=LINE('',#3478,#475);
#200=LINE('',#3480,#476);
#201=LINE('',#3482,#477);
#202=LINE('',#3483,#478);
#203=LINE('',#3486,#479);
#204=LINE('',#3488,#480);
#205=LINE('',#3490,#481);
#206=LINE('',#3491,#482);
#207=LINE('',#3494,#483);
#208=LINE('',#3496,#484);
#209=LINE('',#3498,#485);
#210=LINE('',#3499,#486);
#211=LINE('',#3502,#487);
#212=LINE('',#3504,#488);
#213=LINE('',#3506,#489);
#214=LINE('',#3507,#490);
#215=LINE('',#3510,#491);
#216=LINE('',#3512,#492);
#217=LINE('',#3514,#493);
#218=LINE('',#3515,#494);
#219=LINE('',#3518,#495);
#220=LINE('',#3520,#496);
#221=LINE('',#3522,#497);
#222=LINE('',#3524,#498);
#223=LINE('',#3526,#499);
#224=LINE('',#3528,#500);
#225=LINE('',#3529,#501);
#226=LINE('',#3532,#502);
#227=LINE('',#3534,#503);
#228=LINE('',#3536,#504);
#229=LINE('',#3538,#505);
#230=LINE('',#3541,#506);
#231=LINE('',#3542,#507);
#232=LINE('',#3543,#508);
#233=LINE('',#3546,#509);
#234=LINE('',#3548,#510);
#235=LINE('',#3550,#511);
#236=LINE('',#3552,#512);
#237=LINE('',#3554,#513);
#238=LINE('',#3556,#514);
#239=LINE('',#3557,#515);
#240=LINE('',#3560,#516);
#241=LINE('',#3562,#517);
#242=LINE('',#3564,#518);
#243=LINE('',#3566,#519);
#244=LINE('',#3568,#520);
#245=LINE('',#3570,#521);
#246=LINE('',#3571,#522);
#247=LINE('',#3574,#523);
#248=LINE('',#3576,#524);
#249=LINE('',#3578,#525);
#250=LINE('',#3580,#526);
#251=LINE('',#3582,#527);
#252=LINE('',#3584,#528);
#253=LINE('',#3586,#529);
#254=LINE('',#3588,#530);
#255=LINE('',#3590,#531);
#256=LINE('',#3593,#532);
#257=LINE('',#3594,#533);
#258=LINE('',#3596,#534);
#259=LINE('',#3598,#535);
#260=LINE('',#3600,#536);
#261=LINE('',#3601,#537);
#262=LINE('',#3603,#538);
#263=LINE('',#3604,#539);
#264=LINE('',#3605,#540);
#265=LINE('',#3607,#541);
#266=LINE('',#3609,#542);
#267=LINE('',#3635,#543);
#268=LINE('',#3636,#544);
#269=LINE('',#3640,#545);
#270=LINE('',#3645,#546);
#271=LINE('',#3646,#547);
#272=LINE('',#3648,#548);
#273=LINE('',#3650,#549);
#274=LINE('',#3653,#550);
#275=LINE('',#3654,#551);
#276=LINE('',#3656,#552);
#277=LINE('',#3658,#553);
#278=LINE('',#3661,#554);
#279=LINE('',#3662,#555);
#280=LINE('',#3664,#556);
#281=LINE('',#3666,#557);
#282=LINE('',#3669,#558);
#283=LINE('',#3670,#559);
#284=LINE('',#3672,#560);
#285=LINE('',#3674,#561);
#286=LINE('',#3677,#562);
#287=LINE('',#3678,#563);
#288=LINE('',#3680,#564);
#289=LINE('',#3682,#565);
#290=LINE('',#3685,#566);
#291=LINE('',#3686,#567);
#292=LINE('',#3688,#568);
#293=LINE('',#3690,#569);
#294=LINE('',#3693,#570);
#295=LINE('',#3694,#571);
#296=LINE('',#3696,#572);
#297=LINE('',#3698,#573);
#298=VECTOR('',#2513,1.);
#299=VECTOR('',#2514,1.);
#300=VECTOR('',#2515,1.);
#301=VECTOR('',#2516,1.);
#302=VECTOR('',#2517,1.);
#303=VECTOR('',#2518,1.);
#304=VECTOR('',#2521,1.);
#305=VECTOR('',#2522,1.);
#306=VECTOR('',#2523,1.);
#307=VECTOR('',#2524,1.);
#308=VECTOR('',#2525,1.);
#309=VECTOR('',#2528,1.);
#310=VECTOR('',#2529,1.);
#311=VECTOR('',#2530,1.);
#312=VECTOR('',#2531,1.);
#313=VECTOR('',#2532,1.);
#314=VECTOR('',#2533,1.);
#315=VECTOR('',#2534,1.);
#316=VECTOR('',#2535,1.);
#317=VECTOR('',#2536,1.);
#318=VECTOR('',#2537,1.);
#319=VECTOR('',#2538,1.);
#320=VECTOR('',#2539,1.);
#321=VECTOR('',#2540,1.);
#322=VECTOR('',#2541,1.);
#323=VECTOR('',#2542,1.);
#324=VECTOR('',#2543,1.);
#325=VECTOR('',#2544,1.);
#326=VECTOR('',#2545,1.);
#327=VECTOR('',#2546,1.);
#328=VECTOR('',#2547,1.);
#329=VECTOR('',#2548,1.);
#330=VECTOR('',#2549,1.);
#331=VECTOR('',#2550,1.);
#332=VECTOR('',#2551,1.);
#333=VECTOR('',#2552,1.);
#334=VECTOR('',#2553,1.);
#335=VECTOR('',#2554,1.);
#336=VECTOR('',#2555,1.);
#337=VECTOR('',#2556,1.);
#338=VECTOR('',#2557,1.);
#339=VECTOR('',#2558,1.);
#340=VECTOR('',#2559,1.);
#341=VECTOR('',#2560,1.);
#342=VECTOR('',#2561,1.);
#343=VECTOR('',#2562,1.);
#344=VECTOR('',#2565,1.);
#345=VECTOR('',#2566,1.);
#346=VECTOR('',#2567,1.);
#347=VECTOR('',#2570,1.);
#348=VECTOR('',#2571,1.);
#349=VECTOR('',#2574,1.);
#350=VECTOR('',#2575,1.);
#351=VECTOR('',#2578,1.);
#352=VECTOR('',#2591,1.);
#353=VECTOR('',#2592,1.);
#354=VECTOR('',#2595,1.);
#355=VECTOR('',#2596,1.);
#356=VECTOR('',#2601,1.);
#357=VECTOR('',#2602,1.);
#358=VECTOR('',#2603,1.);
#359=VECTOR('',#2606,1.);
#360=VECTOR('',#2607,1.);
#361=VECTOR('',#2608,1.);
#362=VECTOR('',#2609,1.);
#363=VECTOR('',#2612,1.);
#364=VECTOR('',#2613,1.);
#365=VECTOR('',#2614,1.);
#366=VECTOR('',#2615,1.);
#367=VECTOR('',#2618,1.);
#368=VECTOR('',#2621,1.);
#369=VECTOR('',#2622,1.);
#370=VECTOR('',#2625,1.);
#371=VECTOR('',#2626,1.);
#372=VECTOR('',#2627,1.);
#373=VECTOR('',#2630,1.);
#374=VECTOR('',#2631,1.);
#375=VECTOR('',#2632,1.);
#376=VECTOR('',#2633,1.);
#377=VECTOR('',#2636,1.);
#378=VECTOR('',#2637,1.);
#379=VECTOR('',#2638,1.);
#380=VECTOR('',#2639,1.);
#381=VECTOR('',#2642,1.);
#382=VECTOR('',#2645,1.);
#383=VECTOR('',#2646,1.);
#384=VECTOR('',#2649,1.);
#385=VECTOR('',#2650,1.);
#386=VECTOR('',#2651,1.);
#387=VECTOR('',#2652,1.);
#388=VECTOR('',#2653,1.);
#389=VECTOR('',#2656,1.);
#390=VECTOR('',#2657,1.);
#391=VECTOR('',#2660,1.);
#392=VECTOR('',#2661,1.);
#393=VECTOR('',#2664,1.);
#394=VECTOR('',#2665,1.);
#395=VECTOR('',#2666,1.);
#396=VECTOR('',#2669,1.);
#397=VECTOR('',#2670,1.);
#398=VECTOR('',#2673,1.);
#399=VECTOR('',#2674,1.);
#400=VECTOR('',#2677,1.);
#401=VECTOR('',#2682,1.);
#402=VECTOR('',#2683,1.);
#403=VECTOR('',#2686,1.);
#404=VECTOR('',#2691,1.);
#405=VECTOR('',#2692,1.);
#406=VECTOR('',#2695,1.);
#407=VECTOR('',#2700,1.);
#408=VECTOR('',#2701,1.);
#409=VECTOR('',#2704,1.);
#410=VECTOR('',#2733,1.);
#411=VECTOR('',#2734,1.);
#412=VECTOR('',#2735,1.);
#413=VECTOR('',#2738,1.);
#414=VECTOR('',#2739,1.);
#415=VECTOR('',#2742,1.);
#416=VECTOR('',#2743,1.);
#417=VECTOR('',#2746,1.);
#418=VECTOR('',#2751,1.);
#419=VECTOR('',#2752,1.);
#420=VECTOR('',#2753,1.);
#421=VECTOR('',#2756,1.);
#422=VECTOR('',#2757,1.);
#423=VECTOR('',#2760,1.);
#424=VECTOR('',#2761,1.);
#425=VECTOR('',#2764,1.);
#426=VECTOR('',#2769,1.);
#427=VECTOR('',#2770,1.);
#428=VECTOR('',#2771,1.);
#429=VECTOR('',#2774,1.);
#430=VECTOR('',#2775,1.);
#431=VECTOR('',#2778,1.);
#432=VECTOR('',#2779,1.);
#433=VECTOR('',#2782,1.);
#434=VECTOR('',#2787,1.);
#435=VECTOR('',#2788,1.);
#436=VECTOR('',#2789,1.);
#437=VECTOR('',#2792,1.);
#438=VECTOR('',#2793,1.);
#439=VECTOR('',#2796,1.);
#440=VECTOR('',#2797,1.);
#441=VECTOR('',#2800,1.);
#442=VECTOR('',#2807,1.);
#443=VECTOR('',#2808,1.);
#444=VECTOR('',#2809,1.);
#445=VECTOR('',#2810,1.);
#446=VECTOR('',#2811,1.);
#447=VECTOR('',#2812,1.);
#448=VECTOR('',#2813,1.);
#449=VECTOR('',#2814,1.);
#450=VECTOR('',#2815,1.);
#451=VECTOR('',#2816,1.);
#452=VECTOR('',#2817,1.);
#453=VECTOR('',#2818,1.);
#454=VECTOR('',#2819,1.);
#455=VECTOR('',#2820,1.);
#456=VECTOR('',#2821,1.);
#457=VECTOR('',#2822,1.);
#458=VECTOR('',#2823,1.);
#459=VECTOR('',#2824,1.);
#460=VECTOR('',#2825,1.);
#461=VECTOR('',#2826,1.);
#462=VECTOR('',#2827,1.);
#463=VECTOR('',#2828,1.);
#464=VECTOR('',#2829,1.);
#465=VECTOR('',#2830,1.);
#466=VECTOR('',#2831,1.);
#467=VECTOR('',#2832,1.);
#468=VECTOR('',#2833,1.);
#469=VECTOR('',#2834,1.);
#470=VECTOR('',#2835,1.);
#471=VECTOR('',#2836,1.);
#472=VECTOR('',#2837,1.);
#473=VECTOR('',#2838,1.);
#474=VECTOR('',#2841,1.);
#475=VECTOR('',#2842,1.);
#476=VECTOR('',#2843,1.);
#477=VECTOR('',#2844,1.);
#478=VECTOR('',#2845,1.);
#479=VECTOR('',#2846,1.);
#480=VECTOR('',#2847,1.);
#481=VECTOR('',#2848,1.);
#482=VECTOR('',#2849,1.);
#483=VECTOR('',#2850,1.);
#484=VECTOR('',#2851,1.);
#485=VECTOR('',#2852,1.);
#486=VECTOR('',#2853,1.);
#487=VECTOR('',#2854,1.);
#488=VECTOR('',#2855,1.);
#489=VECTOR('',#2856,1.);
#490=VECTOR('',#2857,1.);
#491=VECTOR('',#2858,1.);
#492=VECTOR('',#2859,1.);
#493=VECTOR('',#2860,1.);
#494=VECTOR('',#2861,1.);
#495=VECTOR('',#2862,1.);
#496=VECTOR('',#2863,1.);
#497=VECTOR('',#2864,1.);
#498=VECTOR('',#2867,1.);
#499=VECTOR('',#2868,1.);
#500=VECTOR('',#2869,1.);
#501=VECTOR('',#2870,1.);
#502=VECTOR('',#2871,1.);
#503=VECTOR('',#2872,1.);
#504=VECTOR('',#2873,1.);
#505=VECTOR('',#2876,1.);
#506=VECTOR('',#2877,1.);
#507=VECTOR('',#2878,1.);
#508=VECTOR('',#2879,1.);
#509=VECTOR('',#2880,1.);
#510=VECTOR('',#2881,1.);
#511=VECTOR('',#2882,1.);
#512=VECTOR('',#2885,1.);
#513=VECTOR('',#2886,1.);
#514=VECTOR('',#2887,1.);
#515=VECTOR('',#2888,1.);
#516=VECTOR('',#2889,1.);
#517=VECTOR('',#2890,1.);
#518=VECTOR('',#2891,1.);
#519=VECTOR('',#2894,1.);
#520=VECTOR('',#2895,1.);
#521=VECTOR('',#2896,1.);
#522=VECTOR('',#2897,1.);
#523=VECTOR('',#2898,1.);
#524=VECTOR('',#2899,1.);
#525=VECTOR('',#2900,1.);
#526=VECTOR('',#2903,1.);
#527=VECTOR('',#2904,1.);
#528=VECTOR('',#2907,1.);
#529=VECTOR('',#2908,1.);
#530=VECTOR('',#2909,1.);
#531=VECTOR('',#2912,1.);
#532=VECTOR('',#2913,1.);
#533=VECTOR('',#2914,1.);
#534=VECTOR('',#2917,1.);
#535=VECTOR('',#2920,1.);
#536=VECTOR('',#2923,1.);
#537=VECTOR('',#2924,1.);
#538=VECTOR('',#2925,1.);
#539=VECTOR('',#2926,1.);
#540=VECTOR('',#2927,1.);
#541=VECTOR('',#2928,1.);
#542=VECTOR('',#2929,1.);
#543=VECTOR('',#2964,1.);
#544=VECTOR('',#2965,1.);
#545=VECTOR('',#2972,1.);
#546=VECTOR('',#2981,1.);
#547=VECTOR('',#2982,1.);
#548=VECTOR('',#2985,1.);
#549=VECTOR('',#2988,1.);
#550=VECTOR('',#2993,1.);
#551=VECTOR('',#2994,1.);
#552=VECTOR('',#2997,1.);
#553=VECTOR('',#3000,1.);
#554=VECTOR('',#3005,1.);
#555=VECTOR('',#3006,1.);
#556=VECTOR('',#3009,1.);
#557=VECTOR('',#3012,1.);
#558=VECTOR('',#3017,1.);
#559=VECTOR('',#3018,1.);
#560=VECTOR('',#3021,1.);
#561=VECTOR('',#3024,1.);
#562=VECTOR('',#3029,1.);
#563=VECTOR('',#3030,1.);
#564=VECTOR('',#3033,1.);
#565=VECTOR('',#3036,1.);
#566=VECTOR('',#3041,1.);
#567=VECTOR('',#3042,1.);
#568=VECTOR('',#3045,1.);
#569=VECTOR('',#3048,1.);
#570=VECTOR('',#3053,1.);
#571=VECTOR('',#3054,1.);
#572=VECTOR('',#3057,1.);
#573=VECTOR('',#3060,1.);
#574=PLANE('',#2346);
#575=PLANE('',#2347);
#576=PLANE('',#2348);
#577=PLANE('',#2349);
#578=PLANE('',#2350);
#579=PLANE('',#2351);
#580=PLANE('',#2352);
#581=PLANE('',#2353);
#582=PLANE('',#2358);
#583=PLANE('',#2359);
#584=PLANE('',#2360);
#585=PLANE('',#2361);
#586=PLANE('',#2362);
#587=PLANE('',#2363);
#588=PLANE('',#2364);
#589=PLANE('',#2365);
#590=PLANE('',#2366);
#591=PLANE('',#2367);
#592=PLANE('',#2368);
#593=PLANE('',#2369);
#594=PLANE('',#2370);
#595=PLANE('',#2371);
#596=PLANE('',#2372);
#597=PLANE('',#2373);
#598=PLANE('',#2374);
#599=PLANE('',#2375);
#600=PLANE('',#2376);
#601=PLANE('',#2377);
#602=PLANE('',#2378);
#603=PLANE('',#2379);
#604=PLANE('',#2380);
#605=PLANE('',#2381);
#606=PLANE('',#2382);
#607=PLANE('',#2383);
#608=PLANE('',#2384);
#609=PLANE('',#2385);
#610=PLANE('',#2386);
#611=PLANE('',#2387);
#612=PLANE('',#2390);
#613=PLANE('',#2393);
#614=PLANE('',#2396);
#615=PLANE('',#2399);
#616=PLANE('',#2400);
#617=PLANE('',#2401);
#618=PLANE('',#2402);
#619=PLANE('',#2403);
#620=PLANE('',#2404);
#621=PLANE('',#2405);
#622=PLANE('',#2406);
#623=PLANE('',#2407);
#624=PLANE('',#2408);
#625=PLANE('',#2409);
#626=PLANE('',#2410);
#627=PLANE('',#2411);
#628=PLANE('',#2412);
#629=PLANE('',#2413);
#630=PLANE('',#2414);
#631=PLANE('',#2415);
#632=PLANE('',#2416);
#633=PLANE('',#2417);
#634=PLANE('',#2418);
#635=PLANE('',#2419);
#636=PLANE('',#2421);
#637=PLANE('',#2422);
#638=PLANE('',#2423);
#639=PLANE('',#2424);
#640=PLANE('',#2425);
#641=PLANE('',#2426);
#642=PLANE('',#2427);
#643=PLANE('',#2428);
#644=PLANE('',#2429);
#645=PLANE('',#2430);
#646=PLANE('',#2431);
#647=PLANE('',#2432);
#648=PLANE('',#2439);
#649=PLANE('',#2442);
#650=PLANE('',#2445);
#651=PLANE('',#2448);
#652=PLANE('',#2449);
#653=PLANE('',#2450);
#654=PLANE('',#2451);
#655=PLANE('',#2452);
#656=PLANE('',#2453);
#657=PLANE('',#2454);
#658=PLANE('',#2455);
#659=PLANE('',#2456);
#660=PLANE('',#2457);
#661=PLANE('',#2458);
#662=PLANE('',#2459);
#663=PLANE('',#2460);
#664=PLANE('',#2461);
#665=PLANE('',#2462);
#666=PLANE('',#2463);
#667=PLANE('',#2464);
#668=PLANE('',#2465);
#669=PLANE('',#2466);
#670=PLANE('',#2467);
#671=PLANE('',#2468);
#672=PLANE('',#2469);
#673=PLANE('',#2470);
#674=PLANE('',#2471);
#675=PLANE('',#2472);
#676=PLANE('',#2473);
#677=PLANE('',#2474);
#678=PLANE('',#2475);
#679=PLANE('',#2476);
#680=PLANE('',#2477);
#681=PLANE('',#2478);
#682=PLANE('',#2479);
#683=PLANE('',#2480);
#684=PLANE('',#2481);
#685=PLANE('',#2482);
#686=PLANE('',#2483);
#687=ORIENTED_EDGE('',*,*,#1287,.T.);
#688=ORIENTED_EDGE('',*,*,#1288,.T.);
#689=ORIENTED_EDGE('',*,*,#1289,.T.);
#690=ORIENTED_EDGE('',*,*,#1290,.T.);
#691=ORIENTED_EDGE('',*,*,#1291,.T.);
#692=ORIENTED_EDGE('',*,*,#1292,.T.);
#693=ORIENTED_EDGE('',*,*,#1293,.T.);
#694=ORIENTED_EDGE('',*,*,#1294,.T.);
#695=ORIENTED_EDGE('',*,*,#1295,.F.);
#696=ORIENTED_EDGE('',*,*,#1296,.T.);
#697=ORIENTED_EDGE('',*,*,#1297,.T.);
#698=ORIENTED_EDGE('',*,*,#1298,.F.);
#699=ORIENTED_EDGE('',*,*,#1299,.F.);
#700=ORIENTED_EDGE('',*,*,#1300,.T.);
#701=ORIENTED_EDGE('',*,*,#1301,.T.);
#702=ORIENTED_EDGE('',*,*,#1302,.T.);
#703=ORIENTED_EDGE('',*,*,#1303,.F.);
#704=ORIENTED_EDGE('',*,*,#1300,.F.);
#705=ORIENTED_EDGE('',*,*,#1304,.F.);
#706=ORIENTED_EDGE('',*,*,#1305,.F.);
#707=ORIENTED_EDGE('',*,*,#1306,.T.);
#708=ORIENTED_EDGE('',*,*,#1307,.F.);
#709=ORIENTED_EDGE('',*,*,#1308,.F.);
#710=ORIENTED_EDGE('',*,*,#1309,.T.);
#711=ORIENTED_EDGE('',*,*,#1310,.T.);
#712=ORIENTED_EDGE('',*,*,#1311,.F.);
#713=ORIENTED_EDGE('',*,*,#1312,.F.);
#714=ORIENTED_EDGE('',*,*,#1313,.T.);
#715=ORIENTED_EDGE('',*,*,#1314,.T.);
#716=ORIENTED_EDGE('',*,*,#1315,.T.);
#717=ORIENTED_EDGE('',*,*,#1316,.F.);
#718=ORIENTED_EDGE('',*,*,#1317,.F.);
#719=ORIENTED_EDGE('',*,*,#1318,.T.);
#720=ORIENTED_EDGE('',*,*,#1319,.T.);
#721=ORIENTED_EDGE('',*,*,#1320,.F.);
#722=ORIENTED_EDGE('',*,*,#1321,.F.);
#723=ORIENTED_EDGE('',*,*,#1293,.F.);
#724=ORIENTED_EDGE('',*,*,#1291,.F.);
#725=ORIENTED_EDGE('',*,*,#1289,.F.);
#726=ORIENTED_EDGE('',*,*,#1287,.F.);
#727=ORIENTED_EDGE('',*,*,#1322,.F.);
#728=ORIENTED_EDGE('',*,*,#1323,.T.);
#729=ORIENTED_EDGE('',*,*,#1324,.T.);
#730=ORIENTED_EDGE('',*,*,#1325,.F.);
#731=ORIENTED_EDGE('',*,*,#1326,.F.);
#732=ORIENTED_EDGE('',*,*,#1327,.T.);
#733=ORIENTED_EDGE('',*,*,#1328,.T.);
#734=ORIENTED_EDGE('',*,*,#1298,.T.);
#735=ORIENTED_EDGE('',*,*,#1329,.F.);
#736=ORIENTED_EDGE('',*,*,#1330,.T.);
#737=ORIENTED_EDGE('',*,*,#1331,.F.);
#738=ORIENTED_EDGE('',*,*,#1332,.T.);
#739=ORIENTED_EDGE('',*,*,#1333,.F.);
#740=ORIENTED_EDGE('',*,*,#1334,.T.);
#741=ORIENTED_EDGE('',*,*,#1335,.T.);
#742=ORIENTED_EDGE('',*,*,#1336,.T.);
#743=ORIENTED_EDGE('',*,*,#1337,.F.);
#744=ORIENTED_EDGE('',*,*,#1338,.T.);
#745=ORIENTED_EDGE('',*,*,#1339,.F.);
#746=ORIENTED_EDGE('',*,*,#1340,.F.);
#747=ORIENTED_EDGE('',*,*,#1341,.F.);
#748=ORIENTED_EDGE('',*,*,#1342,.F.);
#749=ORIENTED_EDGE('',*,*,#1322,.T.);
#750=ORIENTED_EDGE('',*,*,#1343,.T.);
#751=ORIENTED_EDGE('',*,*,#1344,.T.);
#752=ORIENTED_EDGE('',*,*,#1345,.F.);
#753=ORIENTED_EDGE('',*,*,#1323,.F.);
#754=ORIENTED_EDGE('',*,*,#1342,.T.);
#755=ORIENTED_EDGE('',*,*,#1346,.T.);
#756=ORIENTED_EDGE('',*,*,#1347,.F.);
#757=ORIENTED_EDGE('',*,*,#1324,.F.);
#758=ORIENTED_EDGE('',*,*,#1345,.T.);
#759=ORIENTED_EDGE('',*,*,#1348,.F.);
#760=ORIENTED_EDGE('',*,*,#1343,.F.);
#761=ORIENTED_EDGE('',*,*,#1325,.T.);
#762=ORIENTED_EDGE('',*,*,#1347,.T.);
#763=ORIENTED_EDGE('',*,*,#1349,.F.);
#764=ORIENTED_EDGE('',*,*,#1350,.F.);
#765=ORIENTED_EDGE('',*,*,#1351,.F.);
#766=ORIENTED_EDGE('',*,*,#1352,.F.);
#767=ORIENTED_EDGE('',*,*,#1341,.T.);
#768=ORIENTED_EDGE('',*,*,#1348,.T.);
#769=ORIENTED_EDGE('',*,*,#1346,.F.);
#770=ORIENTED_EDGE('',*,*,#1344,.F.);
#771=ORIENTED_EDGE('',*,*,#1327,.F.);
#772=ORIENTED_EDGE('',*,*,#1353,.F.);
#773=ORIENTED_EDGE('',*,*,#1305,.T.);
#774=ORIENTED_EDGE('',*,*,#1354,.T.);
#775=ORIENTED_EDGE('',*,*,#1355,.F.);
#776=ORIENTED_EDGE('',*,*,#1356,.T.);
#777=ORIENTED_EDGE('',*,*,#1301,.F.);
#778=ORIENTED_EDGE('',*,*,#1353,.T.);
#779=ORIENTED_EDGE('',*,*,#1326,.T.);
#780=ORIENTED_EDGE('',*,*,#1297,.F.);
#781=ORIENTED_EDGE('',*,*,#1328,.F.);
#782=ORIENTED_EDGE('',*,*,#1354,.F.);
#783=ORIENTED_EDGE('',*,*,#1304,.T.);
#784=ORIENTED_EDGE('',*,*,#1299,.T.);
#785=ORIENTED_EDGE('',*,*,#1330,.F.);
#786=ORIENTED_EDGE('',*,*,#1357,.F.);
#787=ORIENTED_EDGE('',*,*,#1358,.T.);
#788=ORIENTED_EDGE('',*,*,#1359,.T.);
#789=ORIENTED_EDGE('',*,*,#1360,.T.);
#790=ORIENTED_EDGE('',*,*,#1361,.T.);
#791=ORIENTED_EDGE('',*,*,#1362,.F.);
#792=ORIENTED_EDGE('',*,*,#1357,.T.);
#793=ORIENTED_EDGE('',*,*,#1329,.T.);
#794=ORIENTED_EDGE('',*,*,#1363,.F.);
#795=ORIENTED_EDGE('',*,*,#1364,.F.);
#796=ORIENTED_EDGE('',*,*,#1363,.T.);
#797=ORIENTED_EDGE('',*,*,#1332,.F.);
#798=ORIENTED_EDGE('',*,*,#1365,.F.);
#799=ORIENTED_EDGE('',*,*,#1366,.T.);
#800=ORIENTED_EDGE('',*,*,#1367,.F.);
#801=ORIENTED_EDGE('',*,*,#1331,.T.);
#802=ORIENTED_EDGE('',*,*,#1359,.F.);
#803=ORIENTED_EDGE('',*,*,#1368,.F.);
#804=ORIENTED_EDGE('',*,*,#1365,.T.);
#805=ORIENTED_EDGE('',*,*,#1369,.F.);
#806=ORIENTED_EDGE('',*,*,#1366,.F.);
#807=ORIENTED_EDGE('',*,*,#1368,.T.);
#808=ORIENTED_EDGE('',*,*,#1358,.F.);
#809=ORIENTED_EDGE('',*,*,#1362,.T.);
#810=ORIENTED_EDGE('',*,*,#1370,.T.);
#811=ORIENTED_EDGE('',*,*,#1334,.F.);
#812=ORIENTED_EDGE('',*,*,#1371,.F.);
#813=ORIENTED_EDGE('',*,*,#1372,.T.);
#814=ORIENTED_EDGE('',*,*,#1373,.T.);
#815=ORIENTED_EDGE('',*,*,#1374,.T.);
#816=ORIENTED_EDGE('',*,*,#1375,.T.);
#817=ORIENTED_EDGE('',*,*,#1376,.F.);
#818=ORIENTED_EDGE('',*,*,#1371,.T.);
#819=ORIENTED_EDGE('',*,*,#1333,.T.);
#820=ORIENTED_EDGE('',*,*,#1377,.F.);
#821=ORIENTED_EDGE('',*,*,#1378,.F.);
#822=ORIENTED_EDGE('',*,*,#1377,.T.);
#823=ORIENTED_EDGE('',*,*,#1336,.F.);
#824=ORIENTED_EDGE('',*,*,#1379,.F.);
#825=ORIENTED_EDGE('',*,*,#1380,.T.);
#826=ORIENTED_EDGE('',*,*,#1381,.F.);
#827=ORIENTED_EDGE('',*,*,#1335,.F.);
#828=ORIENTED_EDGE('',*,*,#1373,.F.);
#829=ORIENTED_EDGE('',*,*,#1382,.T.);
#830=ORIENTED_EDGE('',*,*,#1379,.T.);
#831=ORIENTED_EDGE('',*,*,#1383,.F.);
#832=ORIENTED_EDGE('',*,*,#1380,.F.);
#833=ORIENTED_EDGE('',*,*,#1382,.F.);
#834=ORIENTED_EDGE('',*,*,#1372,.F.);
#835=ORIENTED_EDGE('',*,*,#1376,.T.);
#836=ORIENTED_EDGE('',*,*,#1384,.T.);
#837=ORIENTED_EDGE('',*,*,#1385,.F.);
#838=ORIENTED_EDGE('',*,*,#1386,.T.);
#839=ORIENTED_EDGE('',*,*,#1338,.F.);
#840=ORIENTED_EDGE('',*,*,#1387,.F.);
#841=ORIENTED_EDGE('',*,*,#1388,.T.);
#842=ORIENTED_EDGE('',*,*,#1389,.F.);
#843=ORIENTED_EDGE('',*,*,#1337,.T.);
#844=ORIENTED_EDGE('',*,*,#1390,.F.);
#845=ORIENTED_EDGE('',*,*,#1391,.F.);
#846=ORIENTED_EDGE('',*,*,#1387,.T.);
#847=ORIENTED_EDGE('',*,*,#1340,.T.);
#848=ORIENTED_EDGE('',*,*,#1392,.F.);
#849=ORIENTED_EDGE('',*,*,#1393,.F.);
#850=ORIENTED_EDGE('',*,*,#1390,.T.);
#851=ORIENTED_EDGE('',*,*,#1394,.T.);
#852=ORIENTED_EDGE('',*,*,#1395,.T.);
#853=ORIENTED_EDGE('',*,*,#1396,.F.);
#854=ORIENTED_EDGE('',*,*,#1392,.T.);
#855=ORIENTED_EDGE('',*,*,#1339,.T.);
#856=ORIENTED_EDGE('',*,*,#1386,.F.);
#857=ORIENTED_EDGE('',*,*,#1397,.F.);
#858=ORIENTED_EDGE('',*,*,#1388,.F.);
#859=ORIENTED_EDGE('',*,*,#1391,.T.);
#860=ORIENTED_EDGE('',*,*,#1393,.T.);
#861=ORIENTED_EDGE('',*,*,#1396,.T.);
#862=ORIENTED_EDGE('',*,*,#1398,.T.);
#863=ORIENTED_EDGE('',*,*,#1397,.T.);
#864=ORIENTED_EDGE('',*,*,#1399,.F.);
#865=ORIENTED_EDGE('',*,*,#1400,.F.);
#866=ORIENTED_EDGE('',*,*,#1389,.T.);
#867=ORIENTED_EDGE('',*,*,#1398,.F.);
#868=ORIENTED_EDGE('',*,*,#1395,.F.);
#869=ORIENTED_EDGE('',*,*,#1401,.T.);
#870=ORIENTED_EDGE('',*,*,#1399,.T.);
#871=ORIENTED_EDGE('',*,*,#1394,.F.);
#872=ORIENTED_EDGE('',*,*,#1385,.T.);
#873=ORIENTED_EDGE('',*,*,#1400,.T.);
#874=ORIENTED_EDGE('',*,*,#1401,.F.);
#875=ORIENTED_EDGE('',*,*,#1383,.T.);
#876=ORIENTED_EDGE('',*,*,#1402,.F.);
#877=ORIENTED_EDGE('',*,*,#1403,.F.);
#878=ORIENTED_EDGE('',*,*,#1381,.T.);
#879=ORIENTED_EDGE('',*,*,#1384,.F.);
#880=ORIENTED_EDGE('',*,*,#1375,.F.);
#881=ORIENTED_EDGE('',*,*,#1404,.T.);
#882=ORIENTED_EDGE('',*,*,#1402,.T.);
#883=ORIENTED_EDGE('',*,*,#1374,.F.);
#884=ORIENTED_EDGE('',*,*,#1378,.T.);
#885=ORIENTED_EDGE('',*,*,#1403,.T.);
#886=ORIENTED_EDGE('',*,*,#1404,.F.);
#887=ORIENTED_EDGE('',*,*,#1369,.T.);
#888=ORIENTED_EDGE('',*,*,#1405,.F.);
#889=ORIENTED_EDGE('',*,*,#1406,.F.);
#890=ORIENTED_EDGE('',*,*,#1367,.T.);
#891=ORIENTED_EDGE('',*,*,#1370,.F.);
#892=ORIENTED_EDGE('',*,*,#1361,.F.);
#893=ORIENTED_EDGE('',*,*,#1407,.T.);
#894=ORIENTED_EDGE('',*,*,#1405,.T.);
#895=ORIENTED_EDGE('',*,*,#1360,.F.);
#896=ORIENTED_EDGE('',*,*,#1364,.T.);
#897=ORIENTED_EDGE('',*,*,#1406,.T.);
#898=ORIENTED_EDGE('',*,*,#1407,.F.);
#899=ORIENTED_EDGE('',*,*,#1302,.F.);
#900=ORIENTED_EDGE('',*,*,#1356,.F.);
#901=ORIENTED_EDGE('',*,*,#1408,.T.);
#902=ORIENTED_EDGE('',*,*,#1409,.T.);
#903=ORIENTED_EDGE('',*,*,#1303,.T.);
#904=ORIENTED_EDGE('',*,*,#1409,.F.);
#905=ORIENTED_EDGE('',*,*,#1410,.F.);
#906=ORIENTED_EDGE('',*,*,#1295,.T.);
#907=ORIENTED_EDGE('',*,*,#1408,.F.);
#908=ORIENTED_EDGE('',*,*,#1355,.T.);
#909=ORIENTED_EDGE('',*,*,#1296,.F.);
#910=ORIENTED_EDGE('',*,*,#1410,.T.);
#911=ORIENTED_EDGE('',*,*,#1411,.F.);
#912=ORIENTED_EDGE('',*,*,#1351,.T.);
#913=ORIENTED_EDGE('',*,*,#1294,.F.);
#914=ORIENTED_EDGE('',*,*,#1411,.T.);
#915=ORIENTED_EDGE('',*,*,#1412,.F.);
#916=ORIENTED_EDGE('',*,*,#1350,.T.);
#917=ORIENTED_EDGE('',*,*,#1292,.F.);
#918=ORIENTED_EDGE('',*,*,#1412,.T.);
#919=ORIENTED_EDGE('',*,*,#1413,.F.);
#920=ORIENTED_EDGE('',*,*,#1349,.T.);
#921=ORIENTED_EDGE('',*,*,#1290,.F.);
#922=ORIENTED_EDGE('',*,*,#1413,.T.);
#923=ORIENTED_EDGE('',*,*,#1414,.F.);
#924=ORIENTED_EDGE('',*,*,#1352,.T.);
#925=ORIENTED_EDGE('',*,*,#1288,.F.);
#926=ORIENTED_EDGE('',*,*,#1414,.T.);
#927=ORIENTED_EDGE('',*,*,#1318,.F.);
#928=ORIENTED_EDGE('',*,*,#1415,.F.);
#929=ORIENTED_EDGE('',*,*,#1416,.T.);
#930=ORIENTED_EDGE('',*,*,#1417,.T.);
#931=ORIENTED_EDGE('',*,*,#1321,.T.);
#932=ORIENTED_EDGE('',*,*,#1418,.F.);
#933=ORIENTED_EDGE('',*,*,#1419,.F.);
#934=ORIENTED_EDGE('',*,*,#1415,.T.);
#935=ORIENTED_EDGE('',*,*,#1320,.T.);
#936=ORIENTED_EDGE('',*,*,#1420,.F.);
#937=ORIENTED_EDGE('',*,*,#1421,.F.);
#938=ORIENTED_EDGE('',*,*,#1418,.T.);
#939=ORIENTED_EDGE('',*,*,#1319,.F.);
#940=ORIENTED_EDGE('',*,*,#1417,.F.);
#941=ORIENTED_EDGE('',*,*,#1422,.T.);
#942=ORIENTED_EDGE('',*,*,#1420,.T.);
#943=ORIENTED_EDGE('',*,*,#1416,.F.);
#944=ORIENTED_EDGE('',*,*,#1419,.T.);
#945=ORIENTED_EDGE('',*,*,#1421,.T.);
#946=ORIENTED_EDGE('',*,*,#1422,.F.);
#947=ORIENTED_EDGE('',*,*,#1314,.F.);
#948=ORIENTED_EDGE('',*,*,#1423,.F.);
#949=ORIENTED_EDGE('',*,*,#1424,.T.);
#950=ORIENTED_EDGE('',*,*,#1425,.T.);
#951=ORIENTED_EDGE('',*,*,#1317,.T.);
#952=ORIENTED_EDGE('',*,*,#1426,.F.);
#953=ORIENTED_EDGE('',*,*,#1427,.F.);
#954=ORIENTED_EDGE('',*,*,#1423,.T.);
#955=ORIENTED_EDGE('',*,*,#1316,.T.);
#956=ORIENTED_EDGE('',*,*,#1428,.F.);
#957=ORIENTED_EDGE('',*,*,#1429,.F.);
#958=ORIENTED_EDGE('',*,*,#1426,.T.);
#959=ORIENTED_EDGE('',*,*,#1315,.F.);
#960=ORIENTED_EDGE('',*,*,#1425,.F.);
#961=ORIENTED_EDGE('',*,*,#1430,.T.);
#962=ORIENTED_EDGE('',*,*,#1428,.T.);
#963=ORIENTED_EDGE('',*,*,#1424,.F.);
#964=ORIENTED_EDGE('',*,*,#1427,.T.);
#965=ORIENTED_EDGE('',*,*,#1429,.T.);
#966=ORIENTED_EDGE('',*,*,#1430,.F.);
#967=ORIENTED_EDGE('',*,*,#1310,.F.);
#968=ORIENTED_EDGE('',*,*,#1431,.F.);
#969=ORIENTED_EDGE('',*,*,#1432,.T.);
#970=ORIENTED_EDGE('',*,*,#1433,.T.);
#971=ORIENTED_EDGE('',*,*,#1313,.F.);
#972=ORIENTED_EDGE('',*,*,#1434,.F.);
#973=ORIENTED_EDGE('',*,*,#1435,.T.);
#974=ORIENTED_EDGE('',*,*,#1431,.T.);
#975=ORIENTED_EDGE('',*,*,#1312,.T.);
#976=ORIENTED_EDGE('',*,*,#1436,.F.);
#977=ORIENTED_EDGE('',*,*,#1437,.F.);
#978=ORIENTED_EDGE('',*,*,#1434,.T.);
#979=ORIENTED_EDGE('',*,*,#1311,.T.);
#980=ORIENTED_EDGE('',*,*,#1433,.F.);
#981=ORIENTED_EDGE('',*,*,#1438,.F.);
#982=ORIENTED_EDGE('',*,*,#1436,.T.);
#983=ORIENTED_EDGE('',*,*,#1432,.F.);
#984=ORIENTED_EDGE('',*,*,#1435,.F.);
#985=ORIENTED_EDGE('',*,*,#1437,.T.);
#986=ORIENTED_EDGE('',*,*,#1438,.T.);
#987=ORIENTED_EDGE('',*,*,#1306,.F.);
#988=ORIENTED_EDGE('',*,*,#1439,.F.);
#989=ORIENTED_EDGE('',*,*,#1440,.T.);
#990=ORIENTED_EDGE('',*,*,#1441,.T.);
#991=ORIENTED_EDGE('',*,*,#1309,.F.);
#992=ORIENTED_EDGE('',*,*,#1442,.F.);
#993=ORIENTED_EDGE('',*,*,#1443,.T.);
#994=ORIENTED_EDGE('',*,*,#1439,.T.);
#995=ORIENTED_EDGE('',*,*,#1308,.T.);
#996=ORIENTED_EDGE('',*,*,#1444,.F.);
#997=ORIENTED_EDGE('',*,*,#1445,.F.);
#998=ORIENTED_EDGE('',*,*,#1442,.T.);
#999=ORIENTED_EDGE('',*,*,#1307,.T.);
#1000=ORIENTED_EDGE('',*,*,#1441,.F.);
#1001=ORIENTED_EDGE('',*,*,#1446,.F.);
#1002=ORIENTED_EDGE('',*,*,#1444,.T.);
#1003=ORIENTED_EDGE('',*,*,#1440,.F.);
#1004=ORIENTED_EDGE('',*,*,#1443,.F.);
#1005=ORIENTED_EDGE('',*,*,#1445,.T.);
#1006=ORIENTED_EDGE('',*,*,#1446,.T.);
#1007=ORIENTED_EDGE('',*,*,#1447,.T.);
#1008=ORIENTED_EDGE('',*,*,#1448,.T.);
#1009=ORIENTED_EDGE('',*,*,#1449,.F.);
#1010=ORIENTED_EDGE('',*,*,#1450,.T.);
#1011=ORIENTED_EDGE('',*,*,#1451,.T.);
#1012=ORIENTED_EDGE('',*,*,#1452,.F.);
#1013=ORIENTED_EDGE('',*,*,#1453,.T.);
#1014=ORIENTED_EDGE('',*,*,#1454,.F.);
#1015=ORIENTED_EDGE('',*,*,#1455,.T.);
#1016=ORIENTED_EDGE('',*,*,#1456,.F.);
#1017=ORIENTED_EDGE('',*,*,#1457,.F.);
#1018=ORIENTED_EDGE('',*,*,#1458,.T.);
#1019=ORIENTED_EDGE('',*,*,#1459,.F.);
#1020=ORIENTED_EDGE('',*,*,#1460,.T.);
#1021=ORIENTED_EDGE('',*,*,#1461,.T.);
#1022=ORIENTED_EDGE('',*,*,#1462,.F.);
#1023=ORIENTED_EDGE('',*,*,#1463,.F.);
#1024=ORIENTED_EDGE('',*,*,#1464,.T.);
#1025=ORIENTED_EDGE('',*,*,#1465,.T.);
#1026=ORIENTED_EDGE('',*,*,#1466,.F.);
#1027=ORIENTED_EDGE('',*,*,#1467,.F.);
#1028=ORIENTED_EDGE('',*,*,#1468,.T.);
#1029=ORIENTED_EDGE('',*,*,#1469,.T.);
#1030=ORIENTED_EDGE('',*,*,#1470,.F.);
#1031=ORIENTED_EDGE('',*,*,#1471,.F.);
#1032=ORIENTED_EDGE('',*,*,#1472,.T.);
#1033=ORIENTED_EDGE('',*,*,#1473,.T.);
#1034=ORIENTED_EDGE('',*,*,#1474,.F.);
#1035=ORIENTED_EDGE('',*,*,#1475,.T.);
#1036=ORIENTED_EDGE('',*,*,#1476,.T.);
#1037=ORIENTED_EDGE('',*,*,#1477,.F.);
#1038=ORIENTED_EDGE('',*,*,#1478,.T.);
#1039=ORIENTED_EDGE('',*,*,#1479,.F.);
#1040=ORIENTED_EDGE('',*,*,#1480,.T.);
#1041=ORIENTED_EDGE('',*,*,#1481,.T.);
#1042=ORIENTED_EDGE('',*,*,#1482,.F.);
#1043=ORIENTED_EDGE('',*,*,#1483,.T.);
#1044=ORIENTED_EDGE('',*,*,#1484,.T.);
#1045=ORIENTED_EDGE('',*,*,#1485,.F.);
#1046=ORIENTED_EDGE('',*,*,#1486,.F.);
#1047=ORIENTED_EDGE('',*,*,#1487,.T.);
#1048=ORIENTED_EDGE('',*,*,#1488,.T.);
#1049=ORIENTED_EDGE('',*,*,#1489,.F.);
#1050=ORIENTED_EDGE('',*,*,#1490,.F.);
#1051=ORIENTED_EDGE('',*,*,#1491,.T.);
#1052=ORIENTED_EDGE('',*,*,#1492,.T.);
#1053=ORIENTED_EDGE('',*,*,#1493,.F.);
#1054=ORIENTED_EDGE('',*,*,#1494,.F.);
#1055=ORIENTED_EDGE('',*,*,#1495,.T.);
#1056=ORIENTED_EDGE('',*,*,#1496,.T.);
#1057=ORIENTED_EDGE('',*,*,#1497,.F.);
#1058=ORIENTED_EDGE('',*,*,#1498,.F.);
#1059=ORIENTED_EDGE('',*,*,#1499,.F.);
#1060=ORIENTED_EDGE('',*,*,#1500,.T.);
#1061=ORIENTED_EDGE('',*,*,#1501,.T.);
#1062=ORIENTED_EDGE('',*,*,#1502,.T.);
#1063=ORIENTED_EDGE('',*,*,#1503,.T.);
#1064=ORIENTED_EDGE('',*,*,#1504,.F.);
#1065=ORIENTED_EDGE('',*,*,#1505,.F.);
#1066=ORIENTED_EDGE('',*,*,#1482,.T.);
#1067=ORIENTED_EDGE('',*,*,#1506,.T.);
#1068=ORIENTED_EDGE('',*,*,#1507,.T.);
#1069=ORIENTED_EDGE('',*,*,#1508,.T.);
#1070=ORIENTED_EDGE('',*,*,#1509,.F.);
#1071=ORIENTED_EDGE('',*,*,#1510,.T.);
#1072=ORIENTED_EDGE('',*,*,#1511,.F.);
#1073=ORIENTED_EDGE('',*,*,#1480,.F.);
#1074=ORIENTED_EDGE('',*,*,#1512,.T.);
#1075=ORIENTED_EDGE('',*,*,#1513,.T.);
#1076=ORIENTED_EDGE('',*,*,#1514,.T.);
#1077=ORIENTED_EDGE('',*,*,#1515,.F.);
#1078=ORIENTED_EDGE('',*,*,#1516,.T.);
#1079=ORIENTED_EDGE('',*,*,#1517,.F.);
#1080=ORIENTED_EDGE('',*,*,#1454,.T.);
#1081=ORIENTED_EDGE('',*,*,#1518,.F.);
#1082=ORIENTED_EDGE('',*,*,#1519,.F.);
#1083=ORIENTED_EDGE('',*,*,#1520,.T.);
#1084=ORIENTED_EDGE('',*,*,#1521,.T.);
#1085=ORIENTED_EDGE('',*,*,#1522,.T.);
#1086=ORIENTED_EDGE('',*,*,#1523,.F.);
#1087=ORIENTED_EDGE('',*,*,#1448,.F.);
#1088=ORIENTED_EDGE('',*,*,#1524,.T.);
#1089=ORIENTED_EDGE('',*,*,#1525,.T.);
#1090=ORIENTED_EDGE('',*,*,#1526,.T.);
#1091=ORIENTED_EDGE('',*,*,#1527,.F.);
#1092=ORIENTED_EDGE('',*,*,#1528,.F.);
#1093=ORIENTED_EDGE('',*,*,#1529,.T.);
#1094=ORIENTED_EDGE('',*,*,#1530,.F.);
#1095=ORIENTED_EDGE('',*,*,#1524,.F.);
#1096=ORIENTED_EDGE('',*,*,#1447,.F.);
#1097=ORIENTED_EDGE('',*,*,#1531,.T.);
#1098=ORIENTED_EDGE('',*,*,#1532,.T.);
#1099=ORIENTED_EDGE('',*,*,#1533,.F.);
#1100=ORIENTED_EDGE('',*,*,#1450,.F.);
#1101=ORIENTED_EDGE('',*,*,#1534,.T.);
#1102=ORIENTED_EDGE('',*,*,#1535,.T.);
#1103=ORIENTED_EDGE('',*,*,#1536,.F.);
#1104=ORIENTED_EDGE('',*,*,#1537,.T.);
#1105=ORIENTED_EDGE('',*,*,#1456,.T.);
#1106=ORIENTED_EDGE('',*,*,#1538,.T.);
#1107=ORIENTED_EDGE('',*,*,#1505,.T.);
#1108=ORIENTED_EDGE('',*,*,#1539,.F.);
#1109=ORIENTED_EDGE('',*,*,#1512,.F.);
#1110=ORIENTED_EDGE('',*,*,#1479,.T.);
#1111=ORIENTED_EDGE('',*,*,#1540,.T.);
#1112=ORIENTED_EDGE('',*,*,#1503,.F.);
#1113=ORIENTED_EDGE('',*,*,#1481,.F.);
#1114=ORIENTED_EDGE('',*,*,#1511,.T.);
#1115=ORIENTED_EDGE('',*,*,#1540,.F.);
#1116=ORIENTED_EDGE('',*,*,#1510,.F.);
#1117=ORIENTED_EDGE('',*,*,#1539,.T.);
#1118=ORIENTED_EDGE('',*,*,#1504,.T.);
#1119=ORIENTED_EDGE('',*,*,#1541,.T.);
#1120=ORIENTED_EDGE('',*,*,#1525,.F.);
#1121=ORIENTED_EDGE('',*,*,#1532,.F.);
#1122=ORIENTED_EDGE('',*,*,#1542,.F.);
#1123=ORIENTED_EDGE('',*,*,#1543,.T.);
#1124=ORIENTED_EDGE('',*,*,#1536,.T.);
#1125=ORIENTED_EDGE('',*,*,#1544,.F.);
#1126=ORIENTED_EDGE('',*,*,#1519,.T.);
#1127=ORIENTED_EDGE('',*,*,#1545,.F.);
#1128=ORIENTED_EDGE('',*,*,#1546,.T.);
#1129=ORIENTED_EDGE('',*,*,#1547,.F.);
#1130=ORIENTED_EDGE('',*,*,#1535,.F.);
#1131=ORIENTED_EDGE('',*,*,#1548,.F.);
#1132=ORIENTED_EDGE('',*,*,#1549,.F.);
#1133=ORIENTED_EDGE('',*,*,#1550,.F.);
#1134=ORIENTED_EDGE('',*,*,#1551,.F.);
#1135=ORIENTED_EDGE('',*,*,#1552,.F.);
#1136=ORIENTED_EDGE('',*,*,#1551,.T.);
#1137=ORIENTED_EDGE('',*,*,#1552,.T.);
#1138=ORIENTED_EDGE('',*,*,#1553,.F.);
#1139=ORIENTED_EDGE('',*,*,#1549,.T.);
#1140=ORIENTED_EDGE('',*,*,#1553,.T.);
#1141=ORIENTED_EDGE('',*,*,#1554,.F.);
#1142=ORIENTED_EDGE('',*,*,#1548,.T.);
#1143=ORIENTED_EDGE('',*,*,#1554,.T.);
#1144=ORIENTED_EDGE('',*,*,#1555,.F.);
#1145=ORIENTED_EDGE('',*,*,#1550,.T.);
#1146=ORIENTED_EDGE('',*,*,#1555,.T.);
#1147=ORIENTED_EDGE('',*,*,#1556,.F.);
#1148=ORIENTED_EDGE('',*,*,#1546,.F.);
#1149=ORIENTED_EDGE('',*,*,#1557,.F.);
#1150=ORIENTED_EDGE('',*,*,#1452,.T.);
#1151=ORIENTED_EDGE('',*,*,#1545,.T.);
#1152=ORIENTED_EDGE('',*,*,#1518,.T.);
#1153=ORIENTED_EDGE('',*,*,#1453,.F.);
#1154=ORIENTED_EDGE('',*,*,#1557,.T.);
#1155=ORIENTED_EDGE('',*,*,#1455,.F.);
#1156=ORIENTED_EDGE('',*,*,#1517,.T.);
#1157=ORIENTED_EDGE('',*,*,#1544,.T.);
#1158=ORIENTED_EDGE('',*,*,#1538,.F.);
#1159=ORIENTED_EDGE('',*,*,#1458,.F.);
#1160=ORIENTED_EDGE('',*,*,#1558,.T.);
#1161=ORIENTED_EDGE('',*,*,#1542,.T.);
#1162=ORIENTED_EDGE('',*,*,#1531,.F.);
#1163=ORIENTED_EDGE('',*,*,#1526,.F.);
#1164=ORIENTED_EDGE('',*,*,#1541,.F.);
#1165=ORIENTED_EDGE('',*,*,#1534,.F.);
#1166=ORIENTED_EDGE('',*,*,#1449,.T.);
#1167=ORIENTED_EDGE('',*,*,#1558,.F.);
#1168=ORIENTED_EDGE('',*,*,#1457,.T.);
#1169=ORIENTED_EDGE('',*,*,#1537,.F.);
#1170=ORIENTED_EDGE('',*,*,#1543,.F.);
#1171=ORIENTED_EDGE('',*,*,#1451,.F.);
#1172=ORIENTED_EDGE('',*,*,#1533,.T.);
#1173=ORIENTED_EDGE('',*,*,#1547,.T.);
#1174=ORIENTED_EDGE('',*,*,#1556,.T.);
#1175=ORIENTED_EDGE('',*,*,#1559,.T.);
#1176=ORIENTED_EDGE('',*,*,#1460,.F.);
#1177=ORIENTED_EDGE('',*,*,#1560,.F.);
#1178=ORIENTED_EDGE('',*,*,#1484,.F.);
#1179=ORIENTED_EDGE('',*,*,#1485,.T.);
#1180=ORIENTED_EDGE('',*,*,#1560,.T.);
#1181=ORIENTED_EDGE('',*,*,#1459,.T.);
#1182=ORIENTED_EDGE('',*,*,#1561,.F.);
#1183=ORIENTED_EDGE('',*,*,#1486,.T.);
#1184=ORIENTED_EDGE('',*,*,#1561,.T.);
#1185=ORIENTED_EDGE('',*,*,#1462,.T.);
#1186=ORIENTED_EDGE('',*,*,#1562,.F.);
#1187=ORIENTED_EDGE('',*,*,#1562,.T.);
#1188=ORIENTED_EDGE('',*,*,#1461,.F.);
#1189=ORIENTED_EDGE('',*,*,#1559,.F.);
#1190=ORIENTED_EDGE('',*,*,#1483,.F.);
#1191=ORIENTED_EDGE('',*,*,#1563,.T.);
#1192=ORIENTED_EDGE('',*,*,#1464,.F.);
#1193=ORIENTED_EDGE('',*,*,#1564,.F.);
#1194=ORIENTED_EDGE('',*,*,#1488,.F.);
#1195=ORIENTED_EDGE('',*,*,#1489,.T.);
#1196=ORIENTED_EDGE('',*,*,#1564,.T.);
#1197=ORIENTED_EDGE('',*,*,#1463,.T.);
#1198=ORIENTED_EDGE('',*,*,#1565,.F.);
#1199=ORIENTED_EDGE('',*,*,#1490,.T.);
#1200=ORIENTED_EDGE('',*,*,#1565,.T.);
#1201=ORIENTED_EDGE('',*,*,#1466,.T.);
#1202=ORIENTED_EDGE('',*,*,#1566,.F.);
#1203=ORIENTED_EDGE('',*,*,#1566,.T.);
#1204=ORIENTED_EDGE('',*,*,#1465,.F.);
#1205=ORIENTED_EDGE('',*,*,#1563,.F.);
#1206=ORIENTED_EDGE('',*,*,#1487,.F.);
#1207=ORIENTED_EDGE('',*,*,#1530,.T.);
#1208=ORIENTED_EDGE('',*,*,#1567,.T.);
#1209=ORIENTED_EDGE('',*,*,#1514,.F.);
#1210=ORIENTED_EDGE('',*,*,#1568,.F.);
#1211=ORIENTED_EDGE('',*,*,#1569,.T.);
#1212=ORIENTED_EDGE('',*,*,#1515,.T.);
#1213=ORIENTED_EDGE('',*,*,#1567,.F.);
#1214=ORIENTED_EDGE('',*,*,#1529,.F.);
#1215=ORIENTED_EDGE('',*,*,#1528,.T.);
#1216=ORIENTED_EDGE('',*,*,#1570,.T.);
#1217=ORIENTED_EDGE('',*,*,#1516,.F.);
#1218=ORIENTED_EDGE('',*,*,#1569,.F.);
#1219=ORIENTED_EDGE('',*,*,#1527,.T.);
#1220=ORIENTED_EDGE('',*,*,#1568,.T.);
#1221=ORIENTED_EDGE('',*,*,#1513,.F.);
#1222=ORIENTED_EDGE('',*,*,#1570,.F.);
#1223=ORIENTED_EDGE('',*,*,#1571,.T.);
#1224=ORIENTED_EDGE('',*,*,#1521,.F.);
#1225=ORIENTED_EDGE('',*,*,#1572,.F.);
#1226=ORIENTED_EDGE('',*,*,#1507,.F.);
#1227=ORIENTED_EDGE('',*,*,#1572,.T.);
#1228=ORIENTED_EDGE('',*,*,#1520,.F.);
#1229=ORIENTED_EDGE('',*,*,#1573,.F.);
#1230=ORIENTED_EDGE('',*,*,#1508,.F.);
#1231=ORIENTED_EDGE('',*,*,#1509,.T.);
#1232=ORIENTED_EDGE('',*,*,#1573,.T.);
#1233=ORIENTED_EDGE('',*,*,#1523,.T.);
#1234=ORIENTED_EDGE('',*,*,#1574,.F.);
#1235=ORIENTED_EDGE('',*,*,#1574,.T.);
#1236=ORIENTED_EDGE('',*,*,#1522,.F.);
#1237=ORIENTED_EDGE('',*,*,#1571,.F.);
#1238=ORIENTED_EDGE('',*,*,#1506,.F.);
#1239=ORIENTED_EDGE('',*,*,#1575,.T.);
#1240=ORIENTED_EDGE('',*,*,#1468,.F.);
#1241=ORIENTED_EDGE('',*,*,#1576,.F.);
#1242=ORIENTED_EDGE('',*,*,#1492,.F.);
#1243=ORIENTED_EDGE('',*,*,#1493,.T.);
#1244=ORIENTED_EDGE('',*,*,#1576,.T.);
#1245=ORIENTED_EDGE('',*,*,#1467,.T.);
#1246=ORIENTED_EDGE('',*,*,#1577,.F.);
#1247=ORIENTED_EDGE('',*,*,#1494,.T.);
#1248=ORIENTED_EDGE('',*,*,#1577,.T.);
#1249=ORIENTED_EDGE('',*,*,#1470,.T.);
#1250=ORIENTED_EDGE('',*,*,#1578,.F.);
#1251=ORIENTED_EDGE('',*,*,#1578,.T.);
#1252=ORIENTED_EDGE('',*,*,#1469,.F.);
#1253=ORIENTED_EDGE('',*,*,#1575,.F.);
#1254=ORIENTED_EDGE('',*,*,#1491,.F.);
#1255=ORIENTED_EDGE('',*,*,#1579,.T.);
#1256=ORIENTED_EDGE('',*,*,#1472,.F.);
#1257=ORIENTED_EDGE('',*,*,#1580,.F.);
#1258=ORIENTED_EDGE('',*,*,#1496,.F.);
#1259=ORIENTED_EDGE('',*,*,#1497,.T.);
#1260=ORIENTED_EDGE('',*,*,#1580,.T.);
#1261=ORIENTED_EDGE('',*,*,#1471,.T.);
#1262=ORIENTED_EDGE('',*,*,#1581,.F.);
#1263=ORIENTED_EDGE('',*,*,#1498,.T.);
#1264=ORIENTED_EDGE('',*,*,#1581,.T.);
#1265=ORIENTED_EDGE('',*,*,#1474,.T.);
#1266=ORIENTED_EDGE('',*,*,#1582,.F.);
#1267=ORIENTED_EDGE('',*,*,#1582,.T.);
#1268=ORIENTED_EDGE('',*,*,#1473,.F.);
#1269=ORIENTED_EDGE('',*,*,#1579,.F.);
#1270=ORIENTED_EDGE('',*,*,#1495,.F.);
#1271=ORIENTED_EDGE('',*,*,#1583,.T.);
#1272=ORIENTED_EDGE('',*,*,#1500,.F.);
#1273=ORIENTED_EDGE('',*,*,#1584,.F.);
#1274=ORIENTED_EDGE('',*,*,#1476,.F.);
#1275=ORIENTED_EDGE('',*,*,#1477,.T.);
#1276=ORIENTED_EDGE('',*,*,#1584,.T.);
#1277=ORIENTED_EDGE('',*,*,#1499,.T.);
#1278=ORIENTED_EDGE('',*,*,#1585,.F.);
#1279=ORIENTED_EDGE('',*,*,#1585,.T.);
#1280=ORIENTED_EDGE('',*,*,#1502,.F.);
#1281=ORIENTED_EDGE('',*,*,#1586,.F.);
#1282=ORIENTED_EDGE('',*,*,#1478,.F.);
#1283=ORIENTED_EDGE('',*,*,#1586,.T.);
#1284=ORIENTED_EDGE('',*,*,#1501,.F.);
#1285=ORIENTED_EDGE('',*,*,#1583,.F.);
#1286=ORIENTED_EDGE('',*,*,#1475,.F.);
#1287=EDGE_CURVE('',#1587,#1587,#1795,.T.);
#1288=EDGE_CURVE('',#1588,#1588,#1796,.T.);
#1289=EDGE_CURVE('',#1589,#1589,#1797,.T.);
#1290=EDGE_CURVE('',#1590,#1590,#1798,.T.);
#1291=EDGE_CURVE('',#1591,#1591,#1799,.T.);
#1292=EDGE_CURVE('',#1592,#1592,#1800,.T.);
#1293=EDGE_CURVE('',#1593,#1593,#1801,.T.);
#1294=EDGE_CURVE('',#1594,#1594,#1802,.T.);
#1295=EDGE_CURVE('',#1595,#1596,#22,.T.);
#1296=EDGE_CURVE('',#1595,#1597,#23,.T.);
#1297=EDGE_CURVE('',#1597,#1598,#24,.T.);
#1298=EDGE_CURVE('',#1599,#1598,#25,.T.);
#1299=EDGE_CURVE('',#1600,#1599,#26,.T.);
#1300=EDGE_CURVE('',#1600,#1596,#27,.T.);
#1301=EDGE_CURVE('',#1601,#1602,#28,.T.);
#1302=EDGE_CURVE('',#1602,#1603,#29,.T.);
#1303=EDGE_CURVE('',#1596,#1603,#30,.T.);
#1304=EDGE_CURVE('',#1604,#1600,#31,.T.);
#1305=EDGE_CURVE('',#1601,#1604,#32,.T.);
#1306=EDGE_CURVE('',#1605,#1606,#33,.T.);
#1307=EDGE_CURVE('',#1607,#1606,#34,.T.);
#1308=EDGE_CURVE('',#1608,#1607,#35,.T.);
#1309=EDGE_CURVE('',#1608,#1605,#36,.T.);
#1310=EDGE_CURVE('',#1609,#1610,#37,.T.);
#1311=EDGE_CURVE('',#1611,#1610,#38,.T.);
#1312=EDGE_CURVE('',#1612,#1611,#39,.T.);
#1313=EDGE_CURVE('',#1612,#1609,#40,.T.);
#1314=EDGE_CURVE('',#1613,#1614,#41,.T.);
#1315=EDGE_CURVE('',#1614,#1615,#42,.T.);
#1316=EDGE_CURVE('',#1616,#1615,#43,.T.);
#1317=EDGE_CURVE('',#1613,#1616,#44,.T.);
#1318=EDGE_CURVE('',#1617,#1618,#45,.T.);
#1319=EDGE_CURVE('',#1618,#1619,#46,.T.);
#1320=EDGE_CURVE('',#1620,#1619,#47,.T.);
#1321=EDGE_CURVE('',#1617,#1620,#48,.T.);
#1322=EDGE_CURVE('',#1621,#1622,#49,.T.);
#1323=EDGE_CURVE('',#1621,#1623,#50,.T.);
#1324=EDGE_CURVE('',#1623,#1624,#51,.T.);
#1325=EDGE_CURVE('',#1622,#1624,#52,.T.);
#1326=EDGE_CURVE('',#1625,#1598,#53,.T.);
#1327=EDGE_CURVE('',#1625,#1626,#54,.T.);
#1328=EDGE_CURVE('',#1626,#1599,#55,.T.);
#1329=EDGE_CURVE('',#1627,#1628,#56,.T.);
#1330=EDGE_CURVE('',#1627,#1629,#57,.T.);
#1331=EDGE_CURVE('',#1630,#1629,#58,.T.);
#1332=EDGE_CURVE('',#1630,#1628,#59,.T.);
#1333=EDGE_CURVE('',#1631,#1632,#60,.T.);
#1334=EDGE_CURVE('',#1631,#1633,#61,.T.);
#1335=EDGE_CURVE('',#1633,#1634,#62,.T.);
#1336=EDGE_CURVE('',#1634,#1632,#63,.T.);
#1337=EDGE_CURVE('',#1635,#1636,#64,.T.);
#1338=EDGE_CURVE('',#1635,#1637,#65,.T.);
#1339=EDGE_CURVE('',#1638,#1637,#66,.T.);
#1340=EDGE_CURVE('',#1636,#1638,#67,.T.);
#1341=EDGE_CURVE('',#1639,#1640,#68,.T.);
#1342=EDGE_CURVE('',#1621,#1639,#69,.T.);
#1343=EDGE_CURVE('',#1622,#1640,#70,.T.);
#1344=EDGE_CURVE('',#1639,#1641,#71,.T.);
#1345=EDGE_CURVE('',#1623,#1641,#72,.T.);
#1346=EDGE_CURVE('',#1641,#1642,#73,.T.);
#1347=EDGE_CURVE('',#1624,#1642,#74,.T.);
#1348=EDGE_CURVE('',#1640,#1642,#75,.T.);
#1349=EDGE_CURVE('',#1643,#1643,#1803,.T.);
#1350=EDGE_CURVE('',#1644,#1644,#1804,.T.);
#1351=EDGE_CURVE('',#1645,#1645,#1805,.T.);
#1352=EDGE_CURVE('',#1646,#1646,#1806,.T.);
#1353=EDGE_CURVE('',#1601,#1625,#76,.T.);
#1354=EDGE_CURVE('',#1604,#1626,#77,.T.);
#1355=EDGE_CURVE('',#1647,#1597,#78,.T.);
#1356=EDGE_CURVE('',#1647,#1602,#79,.T.);
#1357=EDGE_CURVE('',#1648,#1627,#80,.T.);
#1358=EDGE_CURVE('',#1648,#1649,#81,.T.);
#1359=EDGE_CURVE('',#1649,#1629,#82,.T.);
#1360=EDGE_CURVE('',#1650,#1651,#83,.T.);
#1361=EDGE_CURVE('',#1651,#1652,#84,.T.);
#1362=EDGE_CURVE('',#1648,#1652,#85,.T.);
#1363=EDGE_CURVE('',#1650,#1628,#86,.T.);
#1364=EDGE_CURVE('',#1650,#1653,#87,.T.);
#1365=EDGE_CURVE('',#1654,#1630,#88,.T.);
#1366=EDGE_CURVE('',#1654,#1655,#89,.T.);
#1367=EDGE_CURVE('',#1653,#1655,#90,.T.);
#1368=EDGE_CURVE('',#1654,#1649,#91,.T.);
#1369=EDGE_CURVE('',#1655,#1656,#92,.T.);
#1370=EDGE_CURVE('',#1652,#1656,#93,.T.);
#1371=EDGE_CURVE('',#1657,#1631,#94,.T.);
#1372=EDGE_CURVE('',#1657,#1658,#95,.T.);
#1373=EDGE_CURVE('',#1658,#1633,#96,.T.);
#1374=EDGE_CURVE('',#1659,#1660,#97,.T.);
#1375=EDGE_CURVE('',#1660,#1661,#98,.T.);
#1376=EDGE_CURVE('',#1657,#1661,#99,.T.);
#1377=EDGE_CURVE('',#1659,#1632,#100,.T.);
#1378=EDGE_CURVE('',#1659,#1662,#101,.T.);
#1379=EDGE_CURVE('',#1663,#1634,#102,.T.);
#1380=EDGE_CURVE('',#1663,#1664,#103,.T.);
#1381=EDGE_CURVE('',#1662,#1664,#104,.T.);
#1382=EDGE_CURVE('',#1658,#1663,#105,.T.);
#1383=EDGE_CURVE('',#1664,#1665,#106,.T.);
#1384=EDGE_CURVE('',#1661,#1665,#107,.T.);
#1385=EDGE_CURVE('',#1666,#1667,#108,.T.);
#1386=EDGE_CURVE('',#1666,#1637,#109,.T.);
#1387=EDGE_CURVE('',#1668,#1635,#110,.T.);
#1388=EDGE_CURVE('',#1668,#1669,#111,.T.);
#1389=EDGE_CURVE('',#1667,#1669,#112,.T.);
#1390=EDGE_CURVE('',#1670,#1636,#113,.T.);
#1391=EDGE_CURVE('',#1668,#1670,#114,.T.);
#1392=EDGE_CURVE('',#1671,#1638,#115,.T.);
#1393=EDGE_CURVE('',#1670,#1671,#116,.T.);
#1394=EDGE_CURVE('',#1666,#1672,#117,.T.);
#1395=EDGE_CURVE('',#1672,#1673,#118,.T.);
#1396=EDGE_CURVE('',#1671,#1673,#119,.T.);
#1397=EDGE_CURVE('',#1669,#1674,#120,.T.);
#1398=EDGE_CURVE('',#1673,#1674,#121,.T.);
#1399=EDGE_CURVE('',#1675,#1674,#122,.T.);
#1400=EDGE_CURVE('',#1667,#1675,#123,.T.);
#1401=EDGE_CURVE('',#1672,#1675,#124,.T.);
#1402=EDGE_CURVE('',#1676,#1665,#125,.T.);
#1403=EDGE_CURVE('',#1662,#1676,#126,.T.);
#1404=EDGE_CURVE('',#1660,#1676,#127,.T.);
#1405=EDGE_CURVE('',#1677,#1656,#128,.T.);
#1406=EDGE_CURVE('',#1653,#1677,#129,.T.);
#1407=EDGE_CURVE('',#1651,#1677,#130,.T.);
#1408=EDGE_CURVE('',#1647,#1678,#131,.T.);
#1409=EDGE_CURVE('',#1678,#1603,#132,.T.);
#1410=EDGE_CURVE('',#1595,#1678,#133,.T.);
#1411=EDGE_CURVE('',#1679,#1679,#1807,.T.);
#1412=EDGE_CURVE('',#1680,#1680,#1808,.T.);
#1413=EDGE_CURVE('',#1681,#1681,#1809,.T.);
#1414=EDGE_CURVE('',#1682,#1682,#1810,.T.);
#1415=EDGE_CURVE('',#1683,#1617,#134,.T.);
#1416=EDGE_CURVE('',#1683,#1684,#135,.T.);
#1417=EDGE_CURVE('',#1684,#1618,#136,.T.);
#1418=EDGE_CURVE('',#1685,#1620,#137,.T.);
#1419=EDGE_CURVE('',#1683,#1685,#138,.T.);
#1420=EDGE_CURVE('',#1686,#1619,#139,.T.);
#1421=EDGE_CURVE('',#1685,#1686,#140,.T.);
#1422=EDGE_CURVE('',#1684,#1686,#141,.T.);
#1423=EDGE_CURVE('',#1687,#1613,#142,.T.);
#1424=EDGE_CURVE('',#1687,#1688,#143,.T.);
#1425=EDGE_CURVE('',#1688,#1614,#144,.T.);
#1426=EDGE_CURVE('',#1689,#1616,#145,.T.);
#1427=EDGE_CURVE('',#1687,#1689,#146,.T.);
#1428=EDGE_CURVE('',#1690,#1615,#147,.T.);
#1429=EDGE_CURVE('',#1689,#1690,#148,.T.);
#1430=EDGE_CURVE('',#1688,#1690,#149,.T.);
#1431=EDGE_CURVE('',#1691,#1609,#150,.T.);
#1432=EDGE_CURVE('',#1691,#1692,#151,.T.);
#1433=EDGE_CURVE('',#1692,#1610,#152,.T.);
#1434=EDGE_CURVE('',#1693,#1612,#153,.T.);
#1435=EDGE_CURVE('',#1693,#1691,#154,.T.);
#1436=EDGE_CURVE('',#1694,#1611,#155,.T.);
#1437=EDGE_CURVE('',#1693,#1694,#156,.T.);
#1438=EDGE_CURVE('',#1694,#1692,#157,.T.);
#1439=EDGE_CURVE('',#1695,#1605,#158,.T.);
#1440=EDGE_CURVE('',#1695,#1696,#159,.T.);
#1441=EDGE_CURVE('',#1696,#1606,#160,.T.);
#1442=EDGE_CURVE('',#1697,#1608,#161,.T.);
#1443=EDGE_CURVE('',#1697,#1695,#162,.T.);
#1444=EDGE_CURVE('',#1698,#1607,#163,.T.);
#1445=EDGE_CURVE('',#1697,#1698,#164,.T.);
#1446=EDGE_CURVE('',#1698,#1696,#165,.T.);
#1447=EDGE_CURVE('',#1699,#1700,#166,.T.);
#1448=EDGE_CURVE('',#1700,#1701,#167,.T.);
#1449=EDGE_CURVE('',#1702,#1701,#168,.T.);
#1450=EDGE_CURVE('',#1702,#1703,#169,.T.);
#1451=EDGE_CURVE('',#1703,#1704,#170,.T.);
#1452=EDGE_CURVE('',#1705,#1704,#171,.T.);
#1453=EDGE_CURVE('',#1705,#1706,#172,.T.);
#1454=EDGE_CURVE('',#1707,#1706,#173,.T.);
#1455=EDGE_CURVE('',#1707,#1708,#174,.T.);
#1456=EDGE_CURVE('',#1709,#1708,#175,.T.);
#1457=EDGE_CURVE('',#1710,#1709,#176,.T.);
#1458=EDGE_CURVE('',#1710,#1699,#177,.T.);
#1459=EDGE_CURVE('',#1711,#1712,#178,.T.);
#1460=EDGE_CURVE('',#1711,#1713,#179,.T.);
#1461=EDGE_CURVE('',#1713,#1714,#180,.T.);
#1462=EDGE_CURVE('',#1712,#1714,#181,.T.);
#1463=EDGE_CURVE('',#1715,#1716,#182,.T.);
#1464=EDGE_CURVE('',#1715,#1717,#183,.T.);
#1465=EDGE_CURVE('',#1717,#1718,#184,.T.);
#1466=EDGE_CURVE('',#1716,#1718,#185,.T.);
#1467=EDGE_CURVE('',#1719,#1720,#186,.T.);
#1468=EDGE_CURVE('',#1719,#1721,#187,.T.);
#1469=EDGE_CURVE('',#1721,#1722,#188,.T.);
#1470=EDGE_CURVE('',#1720,#1722,#189,.T.);
#1471=EDGE_CURVE('',#1723,#1724,#190,.T.);
#1472=EDGE_CURVE('',#1723,#1725,#191,.T.);
#1473=EDGE_CURVE('',#1725,#1726,#192,.T.);
#1474=EDGE_CURVE('',#1724,#1726,#193,.T.);
#1475=EDGE_CURVE('',#1727,#1728,#194,.T.);
#1476=EDGE_CURVE('',#1728,#1729,#195,.T.);
#1477=EDGE_CURVE('',#1730,#1729,#196,.T.);
#1478=EDGE_CURVE('',#1730,#1727,#197,.T.);
#1479=EDGE_CURVE('',#1731,#1732,#198,.T.);
#1480=EDGE_CURVE('',#1731,#1733,#199,.T.);
#1481=EDGE_CURVE('',#1733,#1734,#200,.T.);
#1482=EDGE_CURVE('',#1732,#1734,#201,.T.);
#1483=EDGE_CURVE('',#1735,#1736,#202,.T.);
#1484=EDGE_CURVE('',#1736,#1737,#203,.T.);
#1485=EDGE_CURVE('',#1738,#1737,#204,.T.);
#1486=EDGE_CURVE('',#1735,#1738,#205,.T.);
#1487=EDGE_CURVE('',#1739,#1740,#206,.T.);
#1488=EDGE_CURVE('',#1740,#1741,#207,.T.);
#1489=EDGE_CURVE('',#1742,#1741,#208,.T.);
#1490=EDGE_CURVE('',#1739,#1742,#209,.T.);
#1491=EDGE_CURVE('',#1743,#1744,#210,.T.);
#1492=EDGE_CURVE('',#1744,#1745,#211,.T.);
#1493=EDGE_CURVE('',#1746,#1745,#212,.T.);
#1494=EDGE_CURVE('',#1743,#1746,#213,.T.);
#1495=EDGE_CURVE('',#1747,#1748,#214,.T.);
#1496=EDGE_CURVE('',#1748,#1749,#215,.T.);
#1497=EDGE_CURVE('',#1750,#1749,#216,.T.);
#1498=EDGE_CURVE('',#1747,#1750,#217,.T.);
#1499=EDGE_CURVE('',#1751,#1752,#218,.T.);
#1500=EDGE_CURVE('',#1751,#1753,#219,.T.);
#1501=EDGE_CURVE('',#1753,#1754,#220,.T.);
#1502=EDGE_CURVE('',#1754,#1752,#221,.T.);
#1503=EDGE_CURVE('',#1734,#1755,#222,.T.);
#1504=EDGE_CURVE('',#1756,#1755,#223,.T.);
#1505=EDGE_CURVE('',#1732,#1756,#224,.T.);
#1506=EDGE_CURVE('',#1757,#1758,#225,.T.);
#1507=EDGE_CURVE('',#1758,#1759,#226,.T.);
#1508=EDGE_CURVE('',#1759,#1760,#227,.T.);
#1509=EDGE_CURVE('',#1757,#1760,#228,.T.);
#1510=EDGE_CURVE('',#1761,#1762,#229,.T.);
#1511=EDGE_CURVE('',#1733,#1762,#230,.T.);
#1512=EDGE_CURVE('',#1731,#1761,#231,.T.);
#1513=EDGE_CURVE('',#1763,#1764,#232,.T.);
#1514=EDGE_CURVE('',#1764,#1765,#233,.T.);
#1515=EDGE_CURVE('',#1766,#1765,#234,.T.);
#1516=EDGE_CURVE('',#1766,#1763,#235,.T.);
#1517=EDGE_CURVE('',#1707,#1767,#236,.T.);
#1518=EDGE_CURVE('',#1768,#1706,#237,.T.);
#1519=EDGE_CURVE('',#1767,#1768,#238,.T.);
#1520=EDGE_CURVE('',#1769,#1770,#239,.T.);
#1521=EDGE_CURVE('',#1770,#1771,#240,.T.);
#1522=EDGE_CURVE('',#1771,#1772,#241,.T.);
#1523=EDGE_CURVE('',#1769,#1772,#242,.T.);
#1524=EDGE_CURVE('',#1700,#1773,#243,.T.);
#1525=EDGE_CURVE('',#1773,#1774,#244,.T.);
#1526=EDGE_CURVE('',#1774,#1701,#245,.T.);
#1527=EDGE_CURVE('',#1775,#1776,#246,.T.);
#1528=EDGE_CURVE('',#1777,#1775,#247,.T.);
#1529=EDGE_CURVE('',#1777,#1778,#248,.T.);
#1530=EDGE_CURVE('',#1776,#1778,#249,.T.);
#1531=EDGE_CURVE('',#1699,#1779,#250,.T.);
#1532=EDGE_CURVE('',#1779,#1773,#251,.T.);
#1533=EDGE_CURVE('',#1703,#1780,#252,.T.);
#1534=EDGE_CURVE('',#1702,#1781,#253,.T.);
#1535=EDGE_CURVE('',#1781,#1780,#254,.T.);
#1536=EDGE_CURVE('',#1782,#1783,#255,.T.);
#1537=EDGE_CURVE('',#1782,#1709,#256,.T.);
#1538=EDGE_CURVE('',#1708,#1783,#257,.T.);
#1539=EDGE_CURVE('',#1761,#1756,#258,.T.);
#1540=EDGE_CURVE('',#1762,#1755,#259,.T.);
#1541=EDGE_CURVE('',#1781,#1774,#260,.T.);
#1542=EDGE_CURVE('',#1784,#1779,#261,.T.);
#1543=EDGE_CURVE('',#1784,#1782,#262,.T.);
#1544=EDGE_CURVE('',#1767,#1783,#263,.T.);
#1545=EDGE_CURVE('',#1785,#1768,#264,.T.);
#1546=EDGE_CURVE('',#1785,#1786,#265,.T.);
#1547=EDGE_CURVE('',#1780,#1786,#266,.T.);
#1548=EDGE_CURVE('',#1787,#1787,#1811,.T.);
#1549=EDGE_CURVE('',#1788,#1788,#1812,.T.);
#1550=EDGE_CURVE('',#1789,#1789,#1813,.T.);
#1551=EDGE_CURVE('',#1790,#1790,#1814,.T.);
#1552=EDGE_CURVE('',#1791,#1791,#1815,.T.);
#1553=EDGE_CURVE('',#1792,#1792,#1816,.T.);
#1554=EDGE_CURVE('',#1793,#1793,#1817,.T.);
#1555=EDGE_CURVE('',#1794,#1794,#1818,.T.);
#1556=EDGE_CURVE('',#1786,#1704,#267,.T.);
#1557=EDGE_CURVE('',#1705,#1785,#268,.T.);
#1558=EDGE_CURVE('',#1710,#1784,#269,.T.);
#1559=EDGE_CURVE('',#1736,#1713,#270,.T.);
#1560=EDGE_CURVE('',#1737,#1711,#271,.T.);
#1561=EDGE_CURVE('',#1738,#1712,#272,.T.);
#1562=EDGE_CURVE('',#1735,#1714,#273,.T.);
#1563=EDGE_CURVE('',#1740,#1717,#274,.T.);
#1564=EDGE_CURVE('',#1741,#1715,#275,.T.);
#1565=EDGE_CURVE('',#1742,#1716,#276,.T.);
#1566=EDGE_CURVE('',#1739,#1718,#277,.T.);
#1567=EDGE_CURVE('',#1778,#1765,#278,.T.);
#1568=EDGE_CURVE('',#1776,#1764,#279,.T.);
#1569=EDGE_CURVE('',#1777,#1766,#280,.T.);
#1570=EDGE_CURVE('',#1775,#1763,#281,.T.);
#1571=EDGE_CURVE('',#1758,#1771,#282,.T.);
#1572=EDGE_CURVE('',#1759,#1770,#283,.T.);
#1573=EDGE_CURVE('',#1760,#1769,#284,.T.);
#1574=EDGE_CURVE('',#1757,#1772,#285,.T.);
#1575=EDGE_CURVE('',#1744,#1721,#286,.T.);
#1576=EDGE_CURVE('',#1745,#1719,#287,.T.);
#1577=EDGE_CURVE('',#1746,#1720,#288,.T.);
#1578=EDGE_CURVE('',#1743,#1722,#289,.T.);
#1579=EDGE_CURVE('',#1748,#1725,#290,.T.);
#1580=EDGE_CURVE('',#1749,#1723,#291,.T.);
#1581=EDGE_CURVE('',#1750,#1724,#292,.T.);
#1582=EDGE_CURVE('',#1747,#1726,#293,.T.);
#1583=EDGE_CURVE('',#1728,#1753,#294,.T.);
#1584=EDGE_CURVE('',#1729,#1751,#295,.T.);
#1585=EDGE_CURVE('',#1730,#1752,#296,.T.);
#1586=EDGE_CURVE('',#1727,#1754,#297,.T.);
#1587=VERTEX_POINT('',#3068);
#1588=VERTEX_POINT('',#3070);
#1589=VERTEX_POINT('',#3073);
#1590=VERTEX_POINT('',#3075);
#1591=VERTEX_POINT('',#3078);
#1592=VERTEX_POINT('',#3080);
#1593=VERTEX_POINT('',#3083);
#1594=VERTEX_POINT('',#3085);
#1595=VERTEX_POINT('',#3088);
#1596=VERTEX_POINT('',#3089);
#1597=VERTEX_POINT('',#3091);
#1598=VERTEX_POINT('',#3093);
#1599=VERTEX_POINT('',#3095);
#1600=VERTEX_POINT('',#3097);
#1601=VERTEX_POINT('',#3101);
#1602=VERTEX_POINT('',#3102);
#1603=VERTEX_POINT('',#3104);
#1604=VERTEX_POINT('',#3107);
#1605=VERTEX_POINT('',#3111);
#1606=VERTEX_POINT('',#3112);
#1607=VERTEX_POINT('',#3114);
#1608=VERTEX_POINT('',#3116);
#1609=VERTEX_POINT('',#3119);
#1610=VERTEX_POINT('',#3120);
#1611=VERTEX_POINT('',#3122);
#1612=VERTEX_POINT('',#3124);
#1613=VERTEX_POINT('',#3127);
#1614=VERTEX_POINT('',#3128);
#1615=VERTEX_POINT('',#3130);
#1616=VERTEX_POINT('',#3132);
#1617=VERTEX_POINT('',#3135);
#1618=VERTEX_POINT('',#3136);
#1619=VERTEX_POINT('',#3138);
#1620=VERTEX_POINT('',#3140);
#1621=VERTEX_POINT('',#3143);
#1622=VERTEX_POINT('',#3144);
#1623=VERTEX_POINT('',#3146);
#1624=VERTEX_POINT('',#3148);
#1625=VERTEX_POINT('',#3151);
#1626=VERTEX_POINT('',#3153);
#1627=VERTEX_POINT('',#3156);
#1628=VERTEX_POINT('',#3157);
#1629=VERTEX_POINT('',#3159);
#1630=VERTEX_POINT('',#3161);
#1631=VERTEX_POINT('',#3164);
#1632=VERTEX_POINT('',#3165);
#1633=VERTEX_POINT('',#3167);
#1634=VERTEX_POINT('',#3169);
#1635=VERTEX_POINT('',#3172);
#1636=VERTEX_POINT('',#3173);
#1637=VERTEX_POINT('',#3175);
#1638=VERTEX_POINT('',#3177);
#1639=VERTEX_POINT('',#3181);
#1640=VERTEX_POINT('',#3182);
#1641=VERTEX_POINT('',#3187);
#1642=VERTEX_POINT('',#3191);
#1643=VERTEX_POINT('',#3197);
#1644=VERTEX_POINT('',#3199);
#1645=VERTEX_POINT('',#3201);
#1646=VERTEX_POINT('',#3203);
#1647=VERTEX_POINT('',#3209);
#1648=VERTEX_POINT('',#3214);
#1649=VERTEX_POINT('',#3216);
#1650=VERTEX_POINT('',#3220);
#1651=VERTEX_POINT('',#3221);
#1652=VERTEX_POINT('',#3223);
#1653=VERTEX_POINT('',#3228);
#1654=VERTEX_POINT('',#3230);
#1655=VERTEX_POINT('',#3232);
#1656=VERTEX_POINT('',#3238);
#1657=VERTEX_POINT('',#3242);
#1658=VERTEX_POINT('',#3244);
#1659=VERTEX_POINT('',#3248);
#1660=VERTEX_POINT('',#3249);
#1661=VERTEX_POINT('',#3251);
#1662=VERTEX_POINT('',#3256);
#1663=VERTEX_POINT('',#3258);
#1664=VERTEX_POINT('',#3260);
#1665=VERTEX_POINT('',#3266);
#1666=VERTEX_POINT('',#3270);
#1667=VERTEX_POINT('',#3271);
#1668=VERTEX_POINT('',#3274);
#1669=VERTEX_POINT('',#3276);
#1670=VERTEX_POINT('',#3280);
#1671=VERTEX_POINT('',#3284);
#1672=VERTEX_POINT('',#3288);
#1673=VERTEX_POINT('',#3290);
#1674=VERTEX_POINT('',#3294);
#1675=VERTEX_POINT('',#3298);
#1676=VERTEX_POINT('',#3305);
#1677=VERTEX_POINT('',#3312);
#1678=VERTEX_POINT('',#3319);
#1679=VERTEX_POINT('',#3326);
#1680=VERTEX_POINT('',#3330);
#1681=VERTEX_POINT('',#3334);
#1682=VERTEX_POINT('',#3338);
#1683=VERTEX_POINT('',#3342);
#1684=VERTEX_POINT('',#3344);
#1685=VERTEX_POINT('',#3348);
#1686=VERTEX_POINT('',#3352);
#1687=VERTEX_POINT('',#3359);
#1688=VERTEX_POINT('',#3361);
#1689=VERTEX_POINT('',#3365);
#1690=VERTEX_POINT('',#3369);
#1691=VERTEX_POINT('',#3376);
#1692=VERTEX_POINT('',#3378);
#1693=VERTEX_POINT('',#3382);
#1694=VERTEX_POINT('',#3386);
#1695=VERTEX_POINT('',#3393);
#1696=VERTEX_POINT('',#3395);
#1697=VERTEX_POINT('',#3399);
#1698=VERTEX_POINT('',#3403);
#1699=VERTEX_POINT('',#3411);
#1700=VERTEX_POINT('',#3412);
#1701=VERTEX_POINT('',#3414);
#1702=VERTEX_POINT('',#3416);
#1703=VERTEX_POINT('',#3418);
#1704=VERTEX_POINT('',#3420);
#1705=VERTEX_POINT('',#3422);
#1706=VERTEX_POINT('',#3424);
#1707=VERTEX_POINT('',#3426);
#1708=VERTEX_POINT('',#3428);
#1709=VERTEX_POINT('',#3430);
#1710=VERTEX_POINT('',#3432);
#1711=VERTEX_POINT('',#3435);
#1712=VERTEX_POINT('',#3436);
#1713=VERTEX_POINT('',#3438);
#1714=VERTEX_POINT('',#3440);
#1715=VERTEX_POINT('',#3443);
#1716=VERTEX_POINT('',#3444);
#1717=VERTEX_POINT('',#3446);
#1718=VERTEX_POINT('',#3448);
#1719=VERTEX_POINT('',#3451);
#1720=VERTEX_POINT('',#3452);
#1721=VERTEX_POINT('',#3454);
#1722=VERTEX_POINT('',#3456);
#1723=VERTEX_POINT('',#3459);
#1724=VERTEX_POINT('',#3460);
#1725=VERTEX_POINT('',#3462);
#1726=VERTEX_POINT('',#3464);
#1727=VERTEX_POINT('',#3467);
#1728=VERTEX_POINT('',#3468);
#1729=VERTEX_POINT('',#3470);
#1730=VERTEX_POINT('',#3472);
#1731=VERTEX_POINT('',#3476);
#1732=VERTEX_POINT('',#3477);
#1733=VERTEX_POINT('',#3479);
#1734=VERTEX_POINT('',#3481);
#1735=VERTEX_POINT('',#3484);
#1736=VERTEX_POINT('',#3485);
#1737=VERTEX_POINT('',#3487);
#1738=VERTEX_POINT('',#3489);
#1739=VERTEX_POINT('',#3492);
#1740=VERTEX_POINT('',#3493);
#1741=VERTEX_POINT('',#3495);
#1742=VERTEX_POINT('',#3497);
#1743=VERTEX_POINT('',#3500);
#1744=VERTEX_POINT('',#3501);
#1745=VERTEX_POINT('',#3503);
#1746=VERTEX_POINT('',#3505);
#1747=VERTEX_POINT('',#3508);
#1748=VERTEX_POINT('',#3509);
#1749=VERTEX_POINT('',#3511);
#1750=VERTEX_POINT('',#3513);
#1751=VERTEX_POINT('',#3516);
#1752=VERTEX_POINT('',#3517);
#1753=VERTEX_POINT('',#3519);
#1754=VERTEX_POINT('',#3521);
#1755=VERTEX_POINT('',#3525);
#1756=VERTEX_POINT('',#3527);
#1757=VERTEX_POINT('',#3530);
#1758=VERTEX_POINT('',#3531);
#1759=VERTEX_POINT('',#3533);
#1760=VERTEX_POINT('',#3535);
#1761=VERTEX_POINT('',#3539);
#1762=VERTEX_POINT('',#3540);
#1763=VERTEX_POINT('',#3544);
#1764=VERTEX_POINT('',#3545);
#1765=VERTEX_POINT('',#3547);
#1766=VERTEX_POINT('',#3549);
#1767=VERTEX_POINT('',#3553);
#1768=VERTEX_POINT('',#3555);
#1769=VERTEX_POINT('',#3558);
#1770=VERTEX_POINT('',#3559);
#1771=VERTEX_POINT('',#3561);
#1772=VERTEX_POINT('',#3563);
#1773=VERTEX_POINT('',#3567);
#1774=VERTEX_POINT('',#3569);
#1775=VERTEX_POINT('',#3572);
#1776=VERTEX_POINT('',#3573);
#1777=VERTEX_POINT('',#3575);
#1778=VERTEX_POINT('',#3577);
#1779=VERTEX_POINT('',#3581);
#1780=VERTEX_POINT('',#3585);
#1781=VERTEX_POINT('',#3587);
#1782=VERTEX_POINT('',#3591);
#1783=VERTEX_POINT('',#3592);
#1784=VERTEX_POINT('',#3602);
#1785=VERTEX_POINT('',#3606);
#1786=VERTEX_POINT('',#3608);
#1787=VERTEX_POINT('',#3611);
#1788=VERTEX_POINT('',#3613);
#1789=VERTEX_POINT('',#3615);
#1790=VERTEX_POINT('',#3617);
#1791=VERTEX_POINT('',#3620);
#1792=VERTEX_POINT('',#3624);
#1793=VERTEX_POINT('',#3628);
#1794=VERTEX_POINT('',#3632);
#1795=CIRCLE('',#2335,0.00165);
#1796=CIRCLE('',#2336,0.00165);
#1797=CIRCLE('',#2338,0.00165);
#1798=CIRCLE('',#2339,0.00165);
#1799=CIRCLE('',#2341,0.00165);
#1800=CIRCLE('',#2342,0.00165);
#1801=CIRCLE('',#2344,0.00165);
#1802=CIRCLE('',#2345,0.00165);
#1803=CIRCLE('',#2354,0.003);
#1804=CIRCLE('',#2355,0.003);
#1805=CIRCLE('',#2356,0.003);
#1806=CIRCLE('',#2357,0.003);
#1807=CIRCLE('',#2389,0.003);
#1808=CIRCLE('',#2392,0.003);
#1809=CIRCLE('',#2395,0.003);
#1810=CIRCLE('',#2398,0.003);
#1811=CIRCLE('',#2433,0.002175);
#1812=CIRCLE('',#2434,0.002175);
#1813=CIRCLE('',#2435,0.002175);
#1814=CIRCLE('',#2436,0.002175);
#1815=CIRCLE('',#2438,0.002175);
#1816=CIRCLE('',#2441,0.002175);
#1817=CIRCLE('',#2444,0.002175);
#1818=CIRCLE('',#2447,0.002175);
#1819=EDGE_LOOP('',(#687));
#1820=EDGE_LOOP('',(#688));
#1821=EDGE_LOOP('',(#689));
#1822=EDGE_LOOP('',(#690));
#1823=EDGE_LOOP('',(#691));
#1824=EDGE_LOOP('',(#692));
#1825=EDGE_LOOP('',(#693));
#1826=EDGE_LOOP('',(#694));
#1827=EDGE_LOOP('',(#695,#696,#697,#698,#699,#700));
#1828=EDGE_LOOP('',(#701,#702,#703,#704,#705,#706));
#1829=EDGE_LOOP('',(#707,#708,#709,#710));
#1830=EDGE_LOOP('',(#711,#712,#713,#714));
#1831=EDGE_LOOP('',(#715,#716,#717,#718));
#1832=EDGE_LOOP('',(#719,#720,#721,#722));
#1833=EDGE_LOOP('',(#723));
#1834=EDGE_LOOP('',(#724));
#1835=EDGE_LOOP('',(#725));
#1836=EDGE_LOOP('',(#726));
#1837=EDGE_LOOP('',(#727,#728,#729,#730));
#1838=EDGE_LOOP('',(#731,#732,#733,#734));
#1839=EDGE_LOOP('',(#735,#736,#737,#738));
#1840=EDGE_LOOP('',(#739,#740,#741,#742));
#1841=EDGE_LOOP('',(#743,#744,#745,#746));
#1842=EDGE_LOOP('',(#747,#748,#749,#750));
#1843=EDGE_LOOP('',(#751,#752,#753,#754));
#1844=EDGE_LOOP('',(#755,#756,#757,#758));
#1845=EDGE_LOOP('',(#759,#760,#761,#762));
#1846=EDGE_LOOP('',(#763));
#1847=EDGE_LOOP('',(#764));
#1848=EDGE_LOOP('',(#765));
#1849=EDGE_LOOP('',(#766));
#1850=EDGE_LOOP('',(#767,#768,#769,#770));
#1851=EDGE_LOOP('',(#771,#772,#773,#774));
#1852=EDGE_LOOP('',(#775,#776,#777,#778,#779,#780));
#1853=EDGE_LOOP('',(#781,#782,#783,#784));
#1854=EDGE_LOOP('',(#785,#786,#787,#788));
#1855=EDGE_LOOP('',(#789,#790,#791,#792,#793,#794));
#1856=EDGE_LOOP('',(#795,#796,#797,#798,#799,#800));
#1857=EDGE_LOOP('',(#801,#802,#803,#804));
#1858=EDGE_LOOP('',(#805,#806,#807,#808,#809,#810));
#1859=EDGE_LOOP('',(#811,#812,#813,#814));
#1860=EDGE_LOOP('',(#815,#816,#817,#818,#819,#820));
#1861=EDGE_LOOP('',(#821,#822,#823,#824,#825,#826));
#1862=EDGE_LOOP('',(#827,#828,#829,#830));
#1863=EDGE_LOOP('',(#831,#832,#833,#834,#835,#836));
#1864=EDGE_LOOP('',(#837,#838,#839,#840,#841,#842));
#1865=EDGE_LOOP('',(#843,#844,#845,#846));
#1866=EDGE_LOOP('',(#847,#848,#849,#850));
#1867=EDGE_LOOP('',(#851,#852,#853,#854,#855,#856));
#1868=EDGE_LOOP('',(#857,#858,#859,#860,#861,#862));
#1869=EDGE_LOOP('',(#863,#864,#865,#866));
#1870=EDGE_LOOP('',(#867,#868,#869,#870));
#1871=EDGE_LOOP('',(#871,#872,#873,#874));
#1872=EDGE_LOOP('',(#875,#876,#877,#878));
#1873=EDGE_LOOP('',(#879,#880,#881,#882));
#1874=EDGE_LOOP('',(#883,#884,#885,#886));
#1875=EDGE_LOOP('',(#887,#888,#889,#890));
#1876=EDGE_LOOP('',(#891,#892,#893,#894));
#1877=EDGE_LOOP('',(#895,#896,#897,#898));
#1878=EDGE_LOOP('',(#899,#900,#901,#902));
#1879=EDGE_LOOP('',(#903,#904,#905,#906));
#1880=EDGE_LOOP('',(#907,#908,#909,#910));
#1881=EDGE_LOOP('',(#911));
#1882=EDGE_LOOP('',(#912));
#1883=EDGE_LOOP('',(#913));
#1884=EDGE_LOOP('',(#914));
#1885=EDGE_LOOP('',(#915));
#1886=EDGE_LOOP('',(#916));
#1887=EDGE_LOOP('',(#917));
#1888=EDGE_LOOP('',(#918));
#1889=EDGE_LOOP('',(#919));
#1890=EDGE_LOOP('',(#920));
#1891=EDGE_LOOP('',(#921));
#1892=EDGE_LOOP('',(#922));
#1893=EDGE_LOOP('',(#923));
#1894=EDGE_LOOP('',(#924));
#1895=EDGE_LOOP('',(#925));
#1896=EDGE_LOOP('',(#926));
#1897=EDGE_LOOP('',(#927,#928,#929,#930));
#1898=EDGE_LOOP('',(#931,#932,#933,#934));
#1899=EDGE_LOOP('',(#935,#936,#937,#938));
#1900=EDGE_LOOP('',(#939,#940,#941,#942));
#1901=EDGE_LOOP('',(#943,#944,#945,#946));
#1902=EDGE_LOOP('',(#947,#948,#949,#950));
#1903=EDGE_LOOP('',(#951,#952,#953,#954));
#1904=EDGE_LOOP('',(#955,#956,#957,#958));
#1905=EDGE_LOOP('',(#959,#960,#961,#962));
#1906=EDGE_LOOP('',(#963,#964,#965,#966));
#1907=EDGE_LOOP('',(#967,#968,#969,#970));
#1908=EDGE_LOOP('',(#971,#972,#973,#974));
#1909=EDGE_LOOP('',(#975,#976,#977,#978));
#1910=EDGE_LOOP('',(#979,#980,#981,#982));
#1911=EDGE_LOOP('',(#983,#984,#985,#986));
#1912=EDGE_LOOP('',(#987,#988,#989,#990));
#1913=EDGE_LOOP('',(#991,#992,#993,#994));
#1914=EDGE_LOOP('',(#995,#996,#997,#998));
#1915=EDGE_LOOP('',(#999,#1000,#1001,#1002));
#1916=EDGE_LOOP('',(#1003,#1004,#1005,#1006));
#1917=EDGE_LOOP('',(#1007,#1008,#1009,#1010,#1011,#1012,#1013,#1014,#1015,
#1016,#1017,#1018));
#1918=EDGE_LOOP('',(#1019,#1020,#1021,#1022));
#1919=EDGE_LOOP('',(#1023,#1024,#1025,#1026));
#1920=EDGE_LOOP('',(#1027,#1028,#1029,#1030));
#1921=EDGE_LOOP('',(#1031,#1032,#1033,#1034));
#1922=EDGE_LOOP('',(#1035,#1036,#1037,#1038));
#1923=EDGE_LOOP('',(#1039,#1040,#1041,#1042));
#1924=EDGE_LOOP('',(#1043,#1044,#1045,#1046));
#1925=EDGE_LOOP('',(#1047,#1048,#1049,#1050));
#1926=EDGE_LOOP('',(#1051,#1052,#1053,#1054));
#1927=EDGE_LOOP('',(#1055,#1056,#1057,#1058));
#1928=EDGE_LOOP('',(#1059,#1060,#1061,#1062));
#1929=EDGE_LOOP('',(#1063,#1064,#1065,#1066));
#1930=EDGE_LOOP('',(#1067,#1068,#1069,#1070));
#1931=EDGE_LOOP('',(#1071,#1072,#1073,#1074));
#1932=EDGE_LOOP('',(#1075,#1076,#1077,#1078));
#1933=EDGE_LOOP('',(#1079,#1080,#1081,#1082));
#1934=EDGE_LOOP('',(#1083,#1084,#1085,#1086));
#1935=EDGE_LOOP('',(#1087,#1088,#1089,#1090));
#1936=EDGE_LOOP('',(#1091,#1092,#1093,#1094));
#1937=EDGE_LOOP('',(#1095,#1096,#1097,#1098));
#1938=EDGE_LOOP('',(#1099,#1100,#1101,#1102));
#1939=EDGE_LOOP('',(#1103,#1104,#1105,#1106));
#1940=EDGE_LOOP('',(#1107,#1108,#1109,#1110));
#1941=EDGE_LOOP('',(#1111,#1112,#1113,#1114));
#1942=EDGE_LOOP('',(#1115,#1116,#1117,#1118));
#1943=EDGE_LOOP('',(#1119,#1120,#1121,#1122,#1123,#1124,#1125,#1126,#1127,
#1128,#1129,#1130));
#1944=EDGE_LOOP('',(#1131));
#1945=EDGE_LOOP('',(#1132));
#1946=EDGE_LOOP('',(#1133));
#1947=EDGE_LOOP('',(#1134));
#1948=EDGE_LOOP('',(#1135));
#1949=EDGE_LOOP('',(#1136));
#1950=EDGE_LOOP('',(#1137));
#1951=EDGE_LOOP('',(#1138));
#1952=EDGE_LOOP('',(#1139));
#1953=EDGE_LOOP('',(#1140));
#1954=EDGE_LOOP('',(#1141));
#1955=EDGE_LOOP('',(#1142));
#1956=EDGE_LOOP('',(#1143));
#1957=EDGE_LOOP('',(#1144));
#1958=EDGE_LOOP('',(#1145));
#1959=EDGE_LOOP('',(#1146));
#1960=EDGE_LOOP('',(#1147,#1148,#1149,#1150));
#1961=EDGE_LOOP('',(#1151,#1152,#1153,#1154));
#1962=EDGE_LOOP('',(#1155,#1156,#1157,#1158));
#1963=EDGE_LOOP('',(#1159,#1160,#1161,#1162));
#1964=EDGE_LOOP('',(#1163,#1164,#1165,#1166));
#1965=EDGE_LOOP('',(#1167,#1168,#1169,#1170));
#1966=EDGE_LOOP('',(#1171,#1172,#1173,#1174));
#1967=EDGE_LOOP('',(#1175,#1176,#1177,#1178));
#1968=EDGE_LOOP('',(#1179,#1180,#1181,#1182));
#1969=EDGE_LOOP('',(#1183,#1184,#1185,#1186));
#1970=EDGE_LOOP('',(#1187,#1188,#1189,#1190));
#1971=EDGE_LOOP('',(#1191,#1192,#1193,#1194));
#1972=EDGE_LOOP('',(#1195,#1196,#1197,#1198));
#1973=EDGE_LOOP('',(#1199,#1200,#1201,#1202));
#1974=EDGE_LOOP('',(#1203,#1204,#1205,#1206));
#1975=EDGE_LOOP('',(#1207,#1208,#1209,#1210));
#1976=EDGE_LOOP('',(#1211,#1212,#1213,#1214));
#1977=EDGE_LOOP('',(#1215,#1216,#1217,#1218));
#1978=EDGE_LOOP('',(#1219,#1220,#1221,#1222));
#1979=EDGE_LOOP('',(#1223,#1224,#1225,#1226));
#1980=EDGE_LOOP('',(#1227,#1228,#1229,#1230));
#1981=EDGE_LOOP('',(#1231,#1232,#1233,#1234));
#1982=EDGE_LOOP('',(#1235,#1236,#1237,#1238));
#1983=EDGE_LOOP('',(#1239,#1240,#1241,#1242));
#1984=EDGE_LOOP('',(#1243,#1244,#1245,#1246));
#1985=EDGE_LOOP('',(#1247,#1248,#1249,#1250));
#1986=EDGE_LOOP('',(#1251,#1252,#1253,#1254));
#1987=EDGE_LOOP('',(#1255,#1256,#1257,#1258));
#1988=EDGE_LOOP('',(#1259,#1260,#1261,#1262));
#1989=EDGE_LOOP('',(#1263,#1264,#1265,#1266));
#1990=EDGE_LOOP('',(#1267,#1268,#1269,#1270));
#1991=EDGE_LOOP('',(#1271,#1272,#1273,#1274));
#1992=EDGE_LOOP('',(#1275,#1276,#1277,#1278));
#1993=EDGE_LOOP('',(#1279,#1280,#1281,#1282));
#1994=EDGE_LOOP('',(#1283,#1284,#1285,#1286));
#1995=FACE_BOUND('',#1819,.T.);
#1996=FACE_BOUND('',#1820,.T.);
#1997=FACE_BOUND('',#1821,.T.);
#1998=FACE_BOUND('',#1822,.T.);
#1999=FACE_BOUND('',#1823,.T.);
#2000=FACE_BOUND('',#1824,.T.);
#2001=FACE_BOUND('',#1825,.T.);
#2002=FACE_BOUND('',#1826,.T.);
#2003=FACE_BOUND('',#1827,.T.);
#2004=FACE_BOUND('',#1828,.T.);
#2005=FACE_BOUND('',#1829,.T.);
#2006=FACE_BOUND('',#1830,.T.);
#2007=FACE_BOUND('',#1831,.T.);
#2008=FACE_BOUND('',#1832,.T.);
#2009=FACE_BOUND('',#1833,.T.);
#2010=FACE_BOUND('',#1834,.T.);
#2011=FACE_BOUND('',#1835,.T.);
#2012=FACE_BOUND('',#1836,.T.);
#2013=FACE_BOUND('',#1837,.T.);
#2014=FACE_BOUND('',#1838,.T.);
#2015=FACE_BOUND('',#1839,.T.);
#2016=FACE_BOUND('',#1840,.T.);
#2017=FACE_BOUND('',#1841,.T.);
#2018=FACE_BOUND('',#1842,.T.);
#2019=FACE_BOUND('',#1843,.T.);
#2020=FACE_BOUND('',#1844,.T.);
#2021=FACE_BOUND('',#1845,.T.);
#2022=FACE_BOUND('',#1846,.T.);
#2023=FACE_BOUND('',#1847,.T.);
#2024=FACE_BOUND('',#1848,.T.);
#2025=FACE_BOUND('',#1849,.T.);
#2026=FACE_BOUND('',#1850,.T.);
#2027=FACE_BOUND('',#1851,.T.);
#2028=FACE_BOUND('',#1852,.T.);
#2029=FACE_BOUND('',#1853,.T.);
#2030=FACE_BOUND('',#1854,.T.);
#2031=FACE_BOUND('',#1855,.T.);
#2032=FACE_BOUND('',#1856,.T.);
#2033=FACE_BOUND('',#1857,.T.);
#2034=FACE_BOUND('',#1858,.T.);
#2035=FACE_BOUND('',#1859,.T.);
#2036=FACE_BOUND('',#1860,.T.);
#2037=FACE_BOUND('',#1861,.T.);
#2038=FACE_BOUND('',#1862,.T.);
#2039=FACE_BOUND('',#1863,.T.);
#2040=FACE_BOUND('',#1864,.T.);
#2041=FACE_BOUND('',#1865,.T.);
#2042=FACE_BOUND('',#1866,.T.);
#2043=FACE_BOUND('',#1867,.T.);
#2044=FACE_BOUND('',#1868,.T.);
#2045=FACE_BOUND('',#1869,.T.);
#2046=FACE_BOUND('',#1870,.T.);
#2047=FACE_BOUND('',#1871,.T.);
#2048=FACE_BOUND('',#1872,.T.);
#2049=FACE_BOUND('',#1873,.T.);
#2050=FACE_BOUND('',#1874,.T.);
#2051=FACE_BOUND('',#1875,.T.);
#2052=FACE_BOUND('',#1876,.T.);
#2053=FACE_BOUND('',#1877,.T.);
#2054=FACE_BOUND('',#1878,.T.);
#2055=FACE_BOUND('',#1879,.T.);
#2056=FACE_BOUND('',#1880,.T.);
#2057=FACE_BOUND('',#1881,.T.);
#2058=FACE_BOUND('',#1882,.T.);
#2059=FACE_BOUND('',#1883,.T.);
#2060=FACE_BOUND('',#1884,.T.);
#2061=FACE_BOUND('',#1885,.T.);
#2062=FACE_BOUND('',#1886,.T.);
#2063=FACE_BOUND('',#1887,.T.);
#2064=FACE_BOUND('',#1888,.T.);
#2065=FACE_BOUND('',#1889,.T.);
#2066=FACE_BOUND('',#1890,.T.);
#2067=FACE_BOUND('',#1891,.T.);
#2068=FACE_BOUND('',#1892,.T.);
#2069=FACE_BOUND('',#1893,.T.);
#2070=FACE_BOUND('',#1894,.T.);
#2071=FACE_BOUND('',#1895,.T.);
#2072=FACE_BOUND('',#1896,.T.);
#2073=FACE_BOUND('',#1897,.T.);
#2074=FACE_BOUND('',#1898,.T.);
#2075=FACE_BOUND('',#1899,.T.);
#2076=FACE_BOUND('',#1900,.T.);
#2077=FACE_BOUND('',#1901,.T.);
#2078=FACE_BOUND('',#1902,.T.);
#2079=FACE_BOUND('',#1903,.T.);
#2080=FACE_BOUND('',#1904,.T.);
#2081=FACE_BOUND('',#1905,.T.);
#2082=FACE_BOUND('',#1906,.T.);
#2083=FACE_BOUND('',#1907,.T.);
#2084=FACE_BOUND('',#1908,.T.);
#2085=FACE_BOUND('',#1909,.T.);
#2086=FACE_BOUND('',#1910,.T.);
#2087=FACE_BOUND('',#1911,.T.);
#2088=FACE_BOUND('',#1912,.T.);
#2089=FACE_BOUND('',#1913,.T.);
#2090=FACE_BOUND('',#1914,.T.);
#2091=FACE_BOUND('',#1915,.T.);
#2092=FACE_BOUND('',#1916,.T.);
#2093=FACE_BOUND('',#1917,.T.);
#2094=FACE_BOUND('',#1918,.T.);
#2095=FACE_BOUND('',#1919,.T.);
#2096=FACE_BOUND('',#1920,.T.);
#2097=FACE_BOUND('',#1921,.T.);
#2098=FACE_BOUND('',#1922,.T.);
#2099=FACE_BOUND('',#1923,.T.);
#2100=FACE_BOUND('',#1924,.T.);
#2101=FACE_BOUND('',#1925,.T.);
#2102=FACE_BOUND('',#1926,.T.);
#2103=FACE_BOUND('',#1927,.T.);
#2104=FACE_BOUND('',#1928,.T.);
#2105=FACE_BOUND('',#1929,.T.);
#2106=FACE_BOUND('',#1930,.T.);
#2107=FACE_BOUND('',#1931,.T.);
#2108=FACE_BOUND('',#1932,.T.);
#2109=FACE_BOUND('',#1933,.T.);
#2110=FACE_BOUND('',#1934,.T.);
#2111=FACE_BOUND('',#1935,.T.);
#2112=FACE_BOUND('',#1936,.T.);
#2113=FACE_BOUND('',#1937,.T.);
#2114=FACE_BOUND('',#1938,.T.);
#2115=FACE_BOUND('',#1939,.T.);
#2116=FACE_BOUND('',#1940,.T.);
#2117=FACE_BOUND('',#1941,.T.);
#2118=FACE_BOUND('',#1942,.T.);
#2119=FACE_BOUND('',#1943,.T.);
#2120=FACE_BOUND('',#1944,.T.);
#2121=FACE_BOUND('',#1945,.T.);
#2122=FACE_BOUND('',#1946,.T.);
#2123=FACE_BOUND('',#1947,.T.);
#2124=FACE_BOUND('',#1948,.T.);
#2125=FACE_BOUND('',#1949,.T.);
#2126=FACE_BOUND('',#1950,.T.);
#2127=FACE_BOUND('',#1951,.T.);
#2128=FACE_BOUND('',#1952,.T.);
#2129=FACE_BOUND('',#1953,.T.);
#2130=FACE_BOUND('',#1954,.T.);
#2131=FACE_BOUND('',#1955,.T.);
#2132=FACE_BOUND('',#1956,.T.);
#2133=FACE_BOUND('',#1957,.T.);
#2134=FACE_BOUND('',#1958,.T.);
#2135=FACE_BOUND('',#1959,.T.);
#2136=FACE_BOUND('',#1960,.T.);
#2137=FACE_BOUND('',#1961,.T.);
#2138=FACE_BOUND('',#1962,.T.);
#2139=FACE_BOUND('',#1963,.T.);
#2140=FACE_BOUND('',#1964,.T.);
#2141=FACE_BOUND('',#1965,.T.);
#2142=FACE_BOUND('',#1966,.T.);
#2143=FACE_BOUND('',#1967,.T.);
#2144=FACE_BOUND('',#1968,.T.);
#2145=FACE_BOUND('',#1969,.T.);
#2146=FACE_BOUND('',#1970,.T.);
#2147=FACE_BOUND('',#1971,.T.);
#2148=FACE_BOUND('',#1972,.T.);
#2149=FACE_BOUND('',#1973,.T.);
#2150=FACE_BOUND('',#1974,.T.);
#2151=FACE_BOUND('',#1975,.T.);
#2152=FACE_BOUND('',#1976,.T.);
#2153=FACE_BOUND('',#1977,.T.);
#2154=FACE_BOUND('',#1978,.T.);
#2155=FACE_BOUND('',#1979,.T.);
#2156=FACE_BOUND('',#1980,.T.);
#2157=FACE_BOUND('',#1981,.T.);
#2158=FACE_BOUND('',#1982,.T.);
#2159=FACE_BOUND('',#1983,.T.);
#2160=FACE_BOUND('',#1984,.T.);
#2161=FACE_BOUND('',#1985,.T.);
#2162=FACE_BOUND('',#1986,.T.);
#2163=FACE_BOUND('',#1987,.T.);
#2164=FACE_BOUND('',#1988,.T.);
#2165=FACE_BOUND('',#1989,.T.);
#2166=FACE_BOUND('',#1990,.T.);
#2167=FACE_BOUND('',#1991,.T.);
#2168=FACE_BOUND('',#1992,.T.);
#2169=FACE_BOUND('',#1993,.T.);
#2170=FACE_BOUND('',#1994,.T.);
#2171=CYLINDRICAL_SURFACE('',#2334,0.00165);
#2172=CYLINDRICAL_SURFACE('',#2337,0.00165);
#2173=CYLINDRICAL_SURFACE('',#2340,0.00165);
#2174=CYLINDRICAL_SURFACE('',#2343,0.00165);
#2175=CYLINDRICAL_SURFACE('',#2388,0.003);
#2176=CYLINDRICAL_SURFACE('',#2391,0.003);
#2177=CYLINDRICAL_SURFACE('',#2394,0.003);
#2178=CYLINDRICAL_SURFACE('',#2397,0.003);
#2179=CYLINDRICAL_SURFACE('',#2437,0.002175);
#2180=CYLINDRICAL_SURFACE('',#2440,0.002175);
#2181=CYLINDRICAL_SURFACE('',#2443,0.002175);
#2182=CYLINDRICAL_SURFACE('',#2446,0.002175);
#2183=ADVANCED_FACE('',(#1995,#1996),#2171,.F.);
#2184=ADVANCED_FACE('',(#1997,#1998),#2172,.F.);
#2185=ADVANCED_FACE('',(#1999,#2000),#2173,.F.);
#2186=ADVANCED_FACE('',(#2001,#2002),#2174,.F.);
#2187=ADVANCED_FACE('',(#2003),#574,.T.);
#2188=ADVANCED_FACE('',(#2004),#575,.T.);
#2189=ADVANCED_FACE('',(#2005,#2006,#2007,#2008,#2009,#2010,#2011,#2012,
#2013,#2014,#2015,#2016,#2017),#576,.T.);
#2190=ADVANCED_FACE('',(#2018),#577,.T.);
#2191=ADVANCED_FACE('',(#2019),#578,.F.);
#2192=ADVANCED_FACE('',(#2020),#579,.F.);
#2193=ADVANCED_FACE('',(#2021),#580,.T.);
#2194=ADVANCED_FACE('',(#2022,#2023,#2024,#2025,#2026),#581,.F.);
#2195=ADVANCED_FACE('',(#2027),#582,.T.);
#2196=ADVANCED_FACE('',(#2028),#583,.F.);
#2197=ADVANCED_FACE('',(#2029),#584,.T.);
#2198=ADVANCED_FACE('',(#2030),#585,.T.);
#2199=ADVANCED_FACE('',(#2031),#586,.F.);
#2200=ADVANCED_FACE('',(#2032),#587,.T.);
#2201=ADVANCED_FACE('',(#2033),#588,.F.);
#2202=ADVANCED_FACE('',(#2034),#589,.T.);
#2203=ADVANCED_FACE('',(#2035),#590,.T.);
#2204=ADVANCED_FACE('',(#2036),#591,.F.);
#2205=ADVANCED_FACE('',(#2037),#592,.T.);
#2206=ADVANCED_FACE('',(#2038),#593,.T.);
#2207=ADVANCED_FACE('',(#2039),#594,.T.);
#2208=ADVANCED_FACE('',(#2040),#595,.T.);
#2209=ADVANCED_FACE('',(#2041),#596,.F.);
#2210=ADVANCED_FACE('',(#2042),#597,.F.);
#2211=ADVANCED_FACE('',(#2043),#598,.F.);
#2212=ADVANCED_FACE('',(#2044),#599,.T.);
#2213=ADVANCED_FACE('',(#2045),#600,.F.);
#2214=ADVANCED_FACE('',(#2046),#601,.T.);
#2215=ADVANCED_FACE('',(#2047),#602,.T.);
#2216=ADVANCED_FACE('',(#2048),#603,.F.);
#2217=ADVANCED_FACE('',(#2049),#604,.T.);
#2218=ADVANCED_FACE('',(#2050),#605,.T.);
#2219=ADVANCED_FACE('',(#2051),#606,.F.);
#2220=ADVANCED_FACE('',(#2052),#607,.T.);
#2221=ADVANCED_FACE('',(#2053),#608,.T.);
#2222=ADVANCED_FACE('',(#2054),#609,.T.);
#2223=ADVANCED_FACE('',(#2055),#610,.F.);
#2224=ADVANCED_FACE('',(#2056),#611,.T.);
#2225=ADVANCED_FACE('',(#2057,#2058),#2175,.F.);
#2226=ADVANCED_FACE('',(#2059,#2060),#612,.T.);
#2227=ADVANCED_FACE('',(#2061,#2062),#2176,.F.);
#2228=ADVANCED_FACE('',(#2063,#2064),#613,.T.);
#2229=ADVANCED_FACE('',(#2065,#2066),#2177,.F.);
#2230=ADVANCED_FACE('',(#2067,#2068),#614,.T.);
#2231=ADVANCED_FACE('',(#2069,#2070),#2178,.F.);
#2232=ADVANCED_FACE('',(#2071,#2072),#615,.T.);
#2233=ADVANCED_FACE('',(#2073),#616,.T.);
#2234=ADVANCED_FACE('',(#2074),#617,.F.);
#2235=ADVANCED_FACE('',(#2075),#618,.F.);
#2236=ADVANCED_FACE('',(#2076),#619,.T.);
#2237=ADVANCED_FACE('',(#2077),#620,.T.);
#2238=ADVANCED_FACE('',(#2078),#621,.T.);
#2239=ADVANCED_FACE('',(#2079),#622,.F.);
#2240=ADVANCED_FACE('',(#2080),#623,.F.);
#2241=ADVANCED_FACE('',(#2081),#624,.T.);
#2242=ADVANCED_FACE('',(#2082),#625,.T.);
#2243=ADVANCED_FACE('',(#2083),#626,.T.);
#2244=ADVANCED_FACE('',(#2084),#627,.T.);
#2245=ADVANCED_FACE('',(#2085),#628,.F.);
#2246=ADVANCED_FACE('',(#2086),#629,.F.);
#2247=ADVANCED_FACE('',(#2087),#630,.T.);
#2248=ADVANCED_FACE('',(#2088),#631,.T.);
#2249=ADVANCED_FACE('',(#2089),#632,.T.);
#2250=ADVANCED_FACE('',(#2090),#633,.F.);
#2251=ADVANCED_FACE('',(#2091),#634,.F.);
#2252=ADVANCED_FACE('',(#2092),#635,.T.);
#2253=ADVANCED_FACE('',(#2093,#2094,#2095,#2096,#2097,#2098),#636,.T.);
#2254=ADVANCED_FACE('',(#2099,#2100,#2101,#2102,#2103,#2104),#637,.T.);
#2255=ADVANCED_FACE('',(#2105,#2106),#638,.T.);
#2256=ADVANCED_FACE('',(#2107,#2108),#639,.F.);
#2257=ADVANCED_FACE('',(#2109,#2110),#640,.T.);
#2258=ADVANCED_FACE('',(#2111,#2112),#641,.F.);
#2259=ADVANCED_FACE('',(#2113),#642,.F.);
#2260=ADVANCED_FACE('',(#2114),#643,.F.);
#2261=ADVANCED_FACE('',(#2115),#644,.T.);
#2262=ADVANCED_FACE('',(#2116),#645,.T.);
#2263=ADVANCED_FACE('',(#2117),#646,.F.);
#2264=ADVANCED_FACE('',(#2118,#2119,#2120,#2121,#2122,#2123),#647,.F.);
#2265=ADVANCED_FACE('',(#2124,#2125),#2179,.F.);
#2266=ADVANCED_FACE('',(#2126),#648,.T.);
#2267=ADVANCED_FACE('',(#2127,#2128),#2180,.F.);
#2268=ADVANCED_FACE('',(#2129),#649,.T.);
#2269=ADVANCED_FACE('',(#2130,#2131),#2181,.F.);
#2270=ADVANCED_FACE('',(#2132),#650,.T.);
#2271=ADVANCED_FACE('',(#2133,#2134),#2182,.F.);
#2272=ADVANCED_FACE('',(#2135),#651,.T.);
#2273=ADVANCED_FACE('',(#2136),#652,.T.);
#2274=ADVANCED_FACE('',(#2137),#653,.F.);
#2275=ADVANCED_FACE('',(#2138),#654,.F.);
#2276=ADVANCED_FACE('',(#2139),#655,.F.);
#2277=ADVANCED_FACE('',(#2140),#656,.T.);
#2278=ADVANCED_FACE('',(#2141),#657,.T.);
#2279=ADVANCED_FACE('',(#2142),#658,.F.);
#2280=ADVANCED_FACE('',(#2143),#659,.T.);
#2281=ADVANCED_FACE('',(#2144),#660,.F.);
#2282=ADVANCED_FACE('',(#2145),#661,.F.);
#2283=ADVANCED_FACE('',(#2146),#662,.T.);
#2284=ADVANCED_FACE('',(#2147),#663,.T.);
#2285=ADVANCED_FACE('',(#2148),#664,.F.);
#2286=ADVANCED_FACE('',(#2149),#665,.F.);
#2287=ADVANCED_FACE('',(#2150),#666,.T.);
#2288=ADVANCED_FACE('',(#2151),#667,.T.);
#2289=ADVANCED_FACE('',(#2152),#668,.F.);
#2290=ADVANCED_FACE('',(#2153),#669,.T.);
#2291=ADVANCED_FACE('',(#2154),#670,.T.);
#2292=ADVANCED_FACE('',(#2155),#671,.T.);
#2293=ADVANCED_FACE('',(#2156),#672,.T.);
#2294=ADVANCED_FACE('',(#2157),#673,.F.);
#2295=ADVANCED_FACE('',(#2158),#674,.T.);
#2296=ADVANCED_FACE('',(#2159),#675,.T.);
#2297=ADVANCED_FACE('',(#2160),#676,.F.);
#2298=ADVANCED_FACE('',(#2161),#677,.F.);
#2299=ADVANCED_FACE('',(#2162),#678,.T.);
#2300=ADVANCED_FACE('',(#2163),#679,.T.);
#2301=ADVANCED_FACE('',(#2164),#680,.F.);
#2302=ADVANCED_FACE('',(#2165),#681,.F.);
#2303=ADVANCED_FACE('',(#2166),#682,.T.);
#2304=ADVANCED_FACE('',(#2167),#683,.T.);
#2305=ADVANCED_FACE('',(#2168),#684,.F.);
#2306=ADVANCED_FACE('',(#2169),#685,.T.);
#2307=ADVANCED_FACE('',(#2170),#686,.T.);
#2308=CLOSED_SHELL('',(#2183,#2184,#2185,#2186,#2187,#2188,#2189,#2190,
#2191,#2192,#2193,#2194,#2195,#2196,#2197,#2198,#2199,#2200,#2201,#2202,
#2203,#2204,#2205,#2206,#2207,#2208,#2209,#2210,#2211,#2212,#2213,#2214,
#2215,#2216,#2217,#2218,#2219,#2220,#2221,#2222,#2223,#2224,#2225,#2226,
#2227,#2228,#2229,#2230,#2231,#2232,#2233,#2234,#2235,#2236,#2237,#2238,
#2239,#2240,#2241,#2242,#2243,#2244,#2245,#2246,#2247,#2248,#2249,#2250,
#2251,#2252));
#2309=CLOSED_SHELL('',(#2253,#2254,#2255,#2256,#2257,#2258,#2259,#2260,
#2261,#2262,#2263,#2264,#2265,#2266,#2267,#2268,#2269,#2270,#2271,#2272,
#2273,#2274,#2275,#2276,#2277,#2278,#2279,#2280,#2281,#2282,#2283,#2284,
#2285,#2286,#2287,#2288,#2289,#2290,#2291,#2292,#2293,#2294,#2295,#2296,
#2297,#2298,#2299,#2300,#2301,#2302,#2303,#2304,#2305,#2306,#2307));
#2310=STYLED_ITEM('',(#2312),#2325);
#2311=STYLED_ITEM('',(#2313),#2326);
#2312=PRESENTATION_STYLE_ASSIGNMENT((#2314));
#2313=PRESENTATION_STYLE_ASSIGNMENT((#2315));
#2314=SURFACE_STYLE_USAGE(.BOTH.,#2316);
#2315=SURFACE_STYLE_USAGE(.BOTH.,#2317);
#2316=SURFACE_SIDE_STYLE('',(#2318));
#2317=SURFACE_SIDE_STYLE('',(#2319));
#2318=SURFACE_STYLE_FILL_AREA(#2320);
#2319=SURFACE_STYLE_FILL_AREA(#2321);
#2320=FILL_AREA_STYLE('',(#2322));
#2321=FILL_AREA_STYLE('',(#2323));
#2322=FILL_AREA_STYLE_COLOUR('',#2324);
#2323=FILL_AREA_STYLE_COLOUR('',#2324);
#2324=COLOUR_RGB('',0.615686274509804,0.811764705882353,0.929411764705882);
#2325=MANIFOLD_SOLID_BREP('Part 1',#2308);
#2326=MANIFOLD_SOLID_BREP('Part 1',#2309);
#2327=SHAPE_DEFINITION_REPRESENTATION(#3711,#2330);
#2328=SHAPE_DEFINITION_REPRESENTATION(#3712,#2331);
#2329=SHAPE_DEFINITION_REPRESENTATION(#3714,#2332);
#2330=SHAPE_REPRESENTATION('Controller',(#2333,#2420,#2484),#3702);
#2331=SHAPE_REPRESENTATION('Part 1',(#2333),#3703);
#2332=SHAPE_REPRESENTATION('Part 1',(#2333),#3704);
#2333=AXIS2_PLACEMENT_3D('',#3065,#2485,#2486);
#2334=AXIS2_PLACEMENT_3D('',#3066,#2487,#2488);
#2335=AXIS2_PLACEMENT_3D('',#3067,#2489,#2490);
#2336=AXIS2_PLACEMENT_3D('',#3069,#2491,#2492);
#2337=AXIS2_PLACEMENT_3D('',#3071,#2493,#2494);
#2338=AXIS2_PLACEMENT_3D('',#3072,#2495,#2496);
#2339=AXIS2_PLACEMENT_3D('',#3074,#2497,#2498);
#2340=AXIS2_PLACEMENT_3D('',#3076,#2499,#2500);
#2341=AXIS2_PLACEMENT_3D('',#3077,#2501,#2502);
#2342=AXIS2_PLACEMENT_3D('',#3079,#2503,#2504);
#2343=AXIS2_PLACEMENT_3D('',#3081,#2505,#2506);
#2344=AXIS2_PLACEMENT_3D('',#3082,#2507,#2508);
#2345=AXIS2_PLACEMENT_3D('',#3084,#2509,#2510);
#2346=AXIS2_PLACEMENT_3D('',#3086,#2511,#2512);
#2347=AXIS2_PLACEMENT_3D('',#3099,#2519,#2520);
#2348=AXIS2_PLACEMENT_3D('',#3109,#2526,#2527);
#2349=AXIS2_PLACEMENT_3D('',#3179,#2563,#2564);
#2350=AXIS2_PLACEMENT_3D('',#3185,#2568,#2569);
#2351=AXIS2_PLACEMENT_3D('',#3189,#2572,#2573);
#2352=AXIS2_PLACEMENT_3D('',#3193,#2576,#2577);
#2353=AXIS2_PLACEMENT_3D('',#3195,#2579,#2580);
#2354=AXIS2_PLACEMENT_3D('',#3196,#2581,#2582);
#2355=AXIS2_PLACEMENT_3D('',#3198,#2583,#2584);
#2356=AXIS2_PLACEMENT_3D('',#3200,#2585,#2586);
#2357=AXIS2_PLACEMENT_3D('',#3202,#2587,#2588);
#2358=AXIS2_PLACEMENT_3D('',#3204,#2589,#2590);
#2359=AXIS2_PLACEMENT_3D('',#3207,#2593,#2594);
#2360=AXIS2_PLACEMENT_3D('',#3211,#2597,#2598);
#2361=AXIS2_PLACEMENT_3D('',#3212,#2599,#2600);
#2362=AXIS2_PLACEMENT_3D('',#3218,#2604,#2605);
#2363=AXIS2_PLACEMENT_3D('',#3226,#2610,#2611);
#2364=AXIS2_PLACEMENT_3D('',#3234,#2616,#2617);
#2365=AXIS2_PLACEMENT_3D('',#3236,#2619,#2620);
#2366=AXIS2_PLACEMENT_3D('',#3240,#2623,#2624);
#2367=AXIS2_PLACEMENT_3D('',#3246,#2628,#2629);
#2368=AXIS2_PLACEMENT_3D('',#3254,#2634,#2635);
#2369=AXIS2_PLACEMENT_3D('',#3262,#2640,#2641);
#2370=AXIS2_PLACEMENT_3D('',#3264,#2643,#2644);
#2371=AXIS2_PLACEMENT_3D('',#3268,#2647,#2648);
#2372=AXIS2_PLACEMENT_3D('',#3278,#2654,#2655);
#2373=AXIS2_PLACEMENT_3D('',#3282,#2658,#2659);
#2374=AXIS2_PLACEMENT_3D('',#3286,#2662,#2663);
#2375=AXIS2_PLACEMENT_3D('',#3292,#2667,#2668);
#2376=AXIS2_PLACEMENT_3D('',#3296,#2671,#2672);
#2377=AXIS2_PLACEMENT_3D('',#3300,#2675,#2676);
#2378=AXIS2_PLACEMENT_3D('',#3302,#2678,#2679);
#2379=AXIS2_PLACEMENT_3D('',#3303,#2680,#2681);
#2380=AXIS2_PLACEMENT_3D('',#3307,#2684,#2685);
#2381=AXIS2_PLACEMENT_3D('',#3309,#2687,#2688);
#2382=AXIS2_PLACEMENT_3D('',#3310,#2689,#2690);
#2383=AXIS2_PLACEMENT_3D('',#3314,#2693,#2694);
#2384=AXIS2_PLACEMENT_3D('',#3316,#2696,#2697);
#2385=AXIS2_PLACEMENT_3D('',#3317,#2698,#2699);
#2386=AXIS2_PLACEMENT_3D('',#3321,#2702,#2703);
#2387=AXIS2_PLACEMENT_3D('',#3323,#2705,#2706);
#2388=AXIS2_PLACEMENT_3D('',#3324,#2707,#2708);
#2389=AXIS2_PLACEMENT_3D('',#3325,#2709,#2710);
#2390=AXIS2_PLACEMENT_3D('',#3327,#2711,#2712);
#2391=AXIS2_PLACEMENT_3D('',#3328,#2713,#2714);
#2392=AXIS2_PLACEMENT_3D('',#3329,#2715,#2716);
#2393=AXIS2_PLACEMENT_3D('',#3331,#2717,#2718);
#2394=AXIS2_PLACEMENT_3D('',#3332,#2719,#2720);
#2395=AXIS2_PLACEMENT_3D('',#3333,#2721,#2722);
#2396=AXIS2_PLACEMENT_3D('',#3335,#2723,#2724);
#2397=AXIS2_PLACEMENT_3D('',#3336,#2725,#2726);
#2398=AXIS2_PLACEMENT_3D('',#3337,#2727,#2728);
#2399=AXIS2_PLACEMENT_3D('',#3339,#2729,#2730);
#2400=AXIS2_PLACEMENT_3D('',#3340,#2731,#2732);
#2401=AXIS2_PLACEMENT_3D('',#3346,#2736,#2737);
#2402=AXIS2_PLACEMENT_3D('',#3350,#2740,#2741);
#2403=AXIS2_PLACEMENT_3D('',#3354,#2744,#2745);
#2404=AXIS2_PLACEMENT_3D('',#3356,#2747,#2748);
#2405=AXIS2_PLACEMENT_3D('',#3357,#2749,#2750);
#2406=AXIS2_PLACEMENT_3D('',#3363,#2754,#2755);
#2407=AXIS2_PLACEMENT_3D('',#3367,#2758,#2759);
#2408=AXIS2_PLACEMENT_3D('',#3371,#2762,#2763);
#2409=AXIS2_PLACEMENT_3D('',#3373,#2765,#2766);
#2410=AXIS2_PLACEMENT_3D('',#3374,#2767,#2768);
#2411=AXIS2_PLACEMENT_3D('',#3380,#2772,#2773);
#2412=AXIS2_PLACEMENT_3D('',#3384,#2776,#2777);
#2413=AXIS2_PLACEMENT_3D('',#3388,#2780,#2781);
#2414=AXIS2_PLACEMENT_3D('',#3390,#2783,#2784);
#2415=AXIS2_PLACEMENT_3D('',#3391,#2785,#2786);
#2416=AXIS2_PLACEMENT_3D('',#3397,#2790,#2791);
#2417=AXIS2_PLACEMENT_3D('',#3401,#2794,#2795);
#2418=AXIS2_PLACEMENT_3D('',#3405,#2798,#2799);
#2419=AXIS2_PLACEMENT_3D('',#3407,#2801,#2802);
#2420=AXIS2_PLACEMENT_3D('',#3408,#2803,#2804);
#2421=AXIS2_PLACEMENT_3D('',#3409,#2805,#2806);
#2422=AXIS2_PLACEMENT_3D('',#3474,#2839,#2840);
#2423=AXIS2_PLACEMENT_3D('',#3523,#2865,#2866);
#2424=AXIS2_PLACEMENT_3D('',#3537,#2874,#2875);
#2425=AXIS2_PLACEMENT_3D('',#3551,#2883,#2884);
#2426=AXIS2_PLACEMENT_3D('',#3565,#2892,#2893);
#2427=AXIS2_PLACEMENT_3D('',#3579,#2901,#2902);
#2428=AXIS2_PLACEMENT_3D('',#3583,#2905,#2906);
#2429=AXIS2_PLACEMENT_3D('',#3589,#2910,#2911);
#2430=AXIS2_PLACEMENT_3D('',#3595,#2915,#2916);
#2431=AXIS2_PLACEMENT_3D('',#3597,#2918,#2919);
#2432=AXIS2_PLACEMENT_3D('',#3599,#2921,#2922);
#2433=AXIS2_PLACEMENT_3D('',#3610,#2930,#2931);
#2434=AXIS2_PLACEMENT_3D('',#3612,#2932,#2933);
#2435=AXIS2_PLACEMENT_3D('',#3614,#2934,#2935);
#2436=AXIS2_PLACEMENT_3D('',#3616,#2936,#2937);
#2437=AXIS2_PLACEMENT_3D('',#3618,#2938,#2939);
#2438=AXIS2_PLACEMENT_3D('',#3619,#2940,#2941);
#2439=AXIS2_PLACEMENT_3D('',#3621,#2942,#2943);
#2440=AXIS2_PLACEMENT_3D('',#3622,#2944,#2945);
#2441=AXIS2_PLACEMENT_3D('',#3623,#2946,#2947);
#2442=AXIS2_PLACEMENT_3D('',#3625,#2948,#2949);
#2443=AXIS2_PLACEMENT_3D('',#3626,#2950,#2951);
#2444=AXIS2_PLACEMENT_3D('',#3627,#2952,#2953);
#2445=AXIS2_PLACEMENT_3D('',#3629,#2954,#2955);
#2446=AXIS2_PLACEMENT_3D('',#3630,#2956,#2957);
#2447=AXIS2_PLACEMENT_3D('',#3631,#2958,#2959);
#2448=AXIS2_PLACEMENT_3D('',#3633,#2960,#2961);
#2449=AXIS2_PLACEMENT_3D('',#3634,#2962,#2963);
#2450=AXIS2_PLACEMENT_3D('',#3637,#2966,#2967);
#2451=AXIS2_PLACEMENT_3D('',#3638,#2968,#2969);
#2452=AXIS2_PLACEMENT_3D('',#3639,#2970,#2971);
#2453=AXIS2_PLACEMENT_3D('',#3641,#2973,#2974);
#2454=AXIS2_PLACEMENT_3D('',#3642,#2975,#2976);
#2455=AXIS2_PLACEMENT_3D('',#3643,#2977,#2978);
#2456=AXIS2_PLACEMENT_3D('',#3644,#2979,#2980);
#2457=AXIS2_PLACEMENT_3D('',#3647,#2983,#2984);
#2458=AXIS2_PLACEMENT_3D('',#3649,#2986,#2987);
#2459=AXIS2_PLACEMENT_3D('',#3651,#2989,#2990);
#2460=AXIS2_PLACEMENT_3D('',#3652,#2991,#2992);
#2461=AXIS2_PLACEMENT_3D('',#3655,#2995,#2996);
#2462=AXIS2_PLACEMENT_3D('',#3657,#2998,#2999);
#2463=AXIS2_PLACEMENT_3D('',#3659,#3001,#3002);
#2464=AXIS2_PLACEMENT_3D('',#3660,#3003,#3004);
#2465=AXIS2_PLACEMENT_3D('',#3663,#3007,#3008);
#2466=AXIS2_PLACEMENT_3D('',#3665,#3010,#3011);
#2467=AXIS2_PLACEMENT_3D('',#3667,#3013,#3014);
#2468=AXIS2_PLACEMENT_3D('',#3668,#3015,#3016);
#2469=AXIS2_PLACEMENT_3D('',#3671,#3019,#3020);
#2470=AXIS2_PLACEMENT_3D('',#3673,#3022,#3023);
#2471=AXIS2_PLACEMENT_3D('',#3675,#3025,#3026);
#2472=AXIS2_PLACEMENT_3D('',#3676,#3027,#3028);
#2473=AXIS2_PLACEMENT_3D('',#3679,#3031,#3032);
#2474=AXIS2_PLACEMENT_3D('',#3681,#3034,#3035);
#2475=AXIS2_PLACEMENT_3D('',#3683,#3037,#3038);
#2476=AXIS2_PLACEMENT_3D('',#3684,#3039,#3040);
#2477=AXIS2_PLACEMENT_3D('',#3687,#3043,#3044);
#2478=AXIS2_PLACEMENT_3D('',#3689,#3046,#3047);
#2479=AXIS2_PLACEMENT_3D('',#3691,#3049,#3050);
#2480=AXIS2_PLACEMENT_3D('',#3692,#3051,#3052);
#2481=AXIS2_PLACEMENT_3D('',#3695,#3055,#3056);
#2482=AXIS2_PLACEMENT_3D('',#3697,#3058,#3059);
#2483=AXIS2_PLACEMENT_3D('',#3699,#3061,#3062);
#2484=AXIS2_PLACEMENT_3D('',#3700,#3063,#3064);
#2485=DIRECTION('',(0.,0.,1.));
#2486=DIRECTION('',(1.,0.,0.));
#2487=DIRECTION('',(0.,0.,-1.));
#2488=DIRECTION('',(-1.,0.,0.));
#2489=DIRECTION('',(0.,0.,1.));
#2490=DIRECTION('',(1.,0.,0.));
#2491=DIRECTION('',(0.,0.,-1.));
#2492=DIRECTION('',(-1.,0.,0.));
#2493=DIRECTION('',(0.,0.,-1.));
#2494=DIRECTION('',(-1.,0.,0.));
#2495=DIRECTION('',(0.,0.,1.));
#2496=DIRECTION('',(1.,0.,0.));
#2497=DIRECTION('',(0.,0.,-1.));
#2498=DIRECTION('',(-1.,0.,0.));
#2499=DIRECTION('',(0.,0.,-1.));
#2500=DIRECTION('',(-1.,0.,0.));
#2501=DIRECTION('',(0.,0.,1.));
#2502=DIRECTION('',(1.,0.,0.));
#2503=DIRECTION('',(0.,0.,-1.));
#2504=DIRECTION('',(-1.,0.,0.));
#2505=DIRECTION('',(0.,0.,-1.));
#2506=DIRECTION('',(-1.,0.,0.));
#2507=DIRECTION('',(0.,0.,1.));
#2508=DIRECTION('',(1.,0.,0.));
#2509=DIRECTION('',(0.,0.,-1.));
#2510=DIRECTION('',(-1.,0.,0.));
#2511=DIRECTION('',(0.,1.,0.));
#2512=DIRECTION('',(0.,0.,1.));
#2513=DIRECTION('',(0.,0.,1.));
#2514=DIRECTION('',(1.,0.,0.));
#2515=DIRECTION('',(0.,0.,-1.));
#2516=DIRECTION('',(1.,0.,0.));
#2517=DIRECTION('',(0.,0.,-1.));
#2518=DIRECTION('',(1.,0.,0.));
#2519=DIRECTION('',(0.,0.,1.));
#2520=DIRECTION('',(1.,0.,0.));
#2521=DIRECTION('',(0.,1.,0.));
#2522=DIRECTION('',(-1.,0.,0.));
#2523=DIRECTION('',(0.,-1.,0.));
#2524=DIRECTION('',(0.,1.,0.));
#2525=DIRECTION('',(-1.,0.,0.));
#2526=DIRECTION('',(0.,0.,1.));
#2527=DIRECTION('',(1.,0.,0.));
#2528=DIRECTION('',(1.,0.,0.));
#2529=DIRECTION('',(0.,1.,0.));
#2530=DIRECTION('',(1.,0.,0.));
#2531=DIRECTION('',(0.,1.,0.));
#2532=DIRECTION('',(1.,0.,0.));
#2533=DIRECTION('',(0.,1.,0.));
#2534=DIRECTION('',(1.,0.,0.));
#2535=DIRECTION('',(0.,1.,0.));
#2536=DIRECTION('',(-2.04085114820801E-16,-1.,0.));
#2537=DIRECTION('',(-1.,0.,0.));
#2538=DIRECTION('',(-2.04085114820801E-16,-1.,0.));
#2539=DIRECTION('',(-1.,1.33440267382831E-16,0.));
#2540=DIRECTION('',(0.,-1.,0.));
#2541=DIRECTION('',(-1.,0.,0.));
#2542=DIRECTION('',(0.,-1.,0.));
#2543=DIRECTION('',(-1.,-1.33440267382831E-16,0.));
#2544=DIRECTION('',(1.,0.,0.));
#2545=DIRECTION('',(-1.98254111540206E-16,-1.,0.));
#2546=DIRECTION('',(1.,0.,0.));
#2547=DIRECTION('',(-1.98254111540206E-16,-1.,0.));
#2548=DIRECTION('',(0.,1.,0.));
#2549=DIRECTION('',(-1.,0.,0.));
#2550=DIRECTION('',(0.,1.,0.));
#2551=DIRECTION('',(0.,-1.,0.));
#2552=DIRECTION('',(1.,0.,0.));
#2553=DIRECTION('',(0.,1.,0.));
#2554=DIRECTION('',(-1.,0.,0.));
#2555=DIRECTION('',(1.,0.,0.));
#2556=DIRECTION('',(0.,1.,0.));
#2557=DIRECTION('',(1.,0.,0.));
#2558=DIRECTION('',(0.,-1.,0.));
#2559=DIRECTION('',(1.,0.,0.));
#2560=DIRECTION('',(0.,1.,0.));
#2561=DIRECTION('',(-1.,0.,0.));
#2562=DIRECTION('',(-4.33680868994202E-16,1.,0.));
#2563=DIRECTION('',(0.,1.,0.));
#2564=DIRECTION('',(0.,0.,1.));
#2565=DIRECTION('',(1.,0.,0.));
#2566=DIRECTION('',(0.,0.,-1.));
#2567=DIRECTION('',(0.,0.,-1.));
#2568=DIRECTION('',(1.,-1.98254111540206E-16,0.));
#2569=DIRECTION('',(1.98254111540206E-16,1.,0.));
#2570=DIRECTION('',(-1.98254111540206E-16,-1.,0.));
#2571=DIRECTION('',(0.,0.,-1.));
#2572=DIRECTION('',(0.,1.,0.));
#2573=DIRECTION('',(0.,0.,1.));
#2574=DIRECTION('',(1.,0.,0.));
#2575=DIRECTION('',(0.,0.,-1.));
#2576=DIRECTION('',(1.,-1.98254111540206E-16,0.));
#2577=DIRECTION('',(1.98254111540206E-16,1.,0.));
#2578=DIRECTION('',(-1.98254111540206E-16,-1.,0.));
#2579=DIRECTION('',(0.,0.,1.));
#2580=DIRECTION('',(1.,0.,0.));
#2581=DIRECTION('',(0.,0.,-1.));
#2582=DIRECTION('',(-1.,0.,0.));
#2583=DIRECTION('',(0.,0.,-1.));
#2584=DIRECTION('',(-1.,0.,0.));
#2585=DIRECTION('',(0.,0.,-1.));
#2586=DIRECTION('',(-1.,0.,0.));
#2587=DIRECTION('',(0.,0.,-1.));
#2588=DIRECTION('',(-1.,0.,0.));
#2589=DIRECTION('',(0.,-1.,0.));
#2590=DIRECTION('',(0.,0.,-1.));
#2591=DIRECTION('',(0.,0.,-1.));
#2592=DIRECTION('',(0.,0.,-1.));
#2593=DIRECTION('',(-1.,0.,0.));
#2594=DIRECTION('',(0.,0.,1.));
#2595=DIRECTION('',(0.,1.,0.));
#2596=DIRECTION('',(0.,0.,1.));
#2597=DIRECTION('',(-1.,0.,0.));
#2598=DIRECTION('',(0.,0.,1.));
#2599=DIRECTION('',(0.,1.,0.));
#2600=DIRECTION('',(0.,0.,1.));
#2601=DIRECTION('',(0.,0.,-1.));
#2602=DIRECTION('',(1.,0.,0.));
#2603=DIRECTION('',(0.,0.,-1.));
#2604=DIRECTION('',(1.,0.,0.));
#2605=DIRECTION('',(0.,0.,-1.));
#2606=DIRECTION('',(0.,1.,0.));
#2607=DIRECTION('',(0.,0.,1.));
#2608=DIRECTION('',(0.,-1.,0.));
#2609=DIRECTION('',(0.,0.,-1.));
#2610=DIRECTION('',(0.,-1.,0.));
#2611=DIRECTION('',(0.,0.,-1.));
#2612=DIRECTION('',(1.,0.,0.));
#2613=DIRECTION('',(0.,0.,-1.));
#2614=DIRECTION('',(-1.,0.,0.));
#2615=DIRECTION('',(0.,0.,1.));
#2616=DIRECTION('',(-1.,0.,0.));
#2617=DIRECTION('',(0.,0.,1.));
#2618=DIRECTION('',(0.,1.,0.));
#2619=DIRECTION('',(0.,0.,1.));
#2620=DIRECTION('',(1.,0.,0.));
#2621=DIRECTION('',(0.,1.,0.));
#2622=DIRECTION('',(1.,0.,0.));
#2623=DIRECTION('',(-1.,0.,0.));
#2624=DIRECTION('',(0.,0.,1.));
#2625=DIRECTION('',(0.,0.,-1.));
#2626=DIRECTION('',(0.,1.,0.));
#2627=DIRECTION('',(0.,0.,-1.));
#2628=DIRECTION('',(0.,1.,0.));
#2629=DIRECTION('',(0.,0.,1.));
#2630=DIRECTION('',(-1.,0.,0.));
#2631=DIRECTION('',(0.,0.,1.));
#2632=DIRECTION('',(1.,0.,0.));
#2633=DIRECTION('',(0.,0.,-1.));
#2634=DIRECTION('',(1.,0.,0.));
#2635=DIRECTION('',(0.,0.,-1.));
#2636=DIRECTION('',(0.,1.,0.));
#2637=DIRECTION('',(0.,0.,-1.));
#2638=DIRECTION('',(0.,-1.,0.));
#2639=DIRECTION('',(0.,0.,1.));
#2640=DIRECTION('',(0.,1.,0.));
#2641=DIRECTION('',(0.,0.,1.));
#2642=DIRECTION('',(1.,0.,0.));
#2643=DIRECTION('',(0.,0.,1.));
#2644=DIRECTION('',(1.,0.,0.));
#2645=DIRECTION('',(-1.,0.,0.));
#2646=DIRECTION('',(0.,1.,0.));
#2647=DIRECTION('',(-1.,0.,0.));
#2648=DIRECTION('',(0.,0.,1.));
#2649=DIRECTION('',(0.,-1.,0.));
#2650=DIRECTION('',(0.,0.,-1.));
#2651=DIRECTION('',(0.,0.,-1.));
#2652=DIRECTION('',(0.,1.,0.));
#2653=DIRECTION('',(0.,0.,1.));
#2654=DIRECTION('',(0.,1.,0.));
#2655=DIRECTION('',(0.,0.,1.));
#2656=DIRECTION('',(0.,0.,-1.));
#2657=DIRECTION('',(1.,0.,0.));
#2658=DIRECTION('',(-1.,-4.33680868994202E-16,0.));
#2659=DIRECTION('',(4.33680868994202E-16,-1.,0.));
#2660=DIRECTION('',(0.,0.,-1.));
#2661=DIRECTION('',(-4.33680868994202E-16,1.,0.));
#2662=DIRECTION('',(0.,-1.,0.));
#2663=DIRECTION('',(0.,0.,-1.));
#2664=DIRECTION('',(1.,0.,0.));
#2665=DIRECTION('',(0.,0.,1.));
#2666=DIRECTION('',(-1.,0.,0.));
#2667=DIRECTION('',(0.,0.,1.));
#2668=DIRECTION('',(1.,0.,0.));
#2669=DIRECTION('',(1.,0.,0.));
#2670=DIRECTION('',(0.,-1.,0.));
#2671=DIRECTION('',(0.,-1.,0.));
#2672=DIRECTION('',(0.,0.,-1.));
#2673=DIRECTION('',(0.,0.,1.));
#2674=DIRECTION('',(1.,0.,0.));
#2675=DIRECTION('',(-1.,0.,0.));
#2676=DIRECTION('',(0.,0.,1.));
#2677=DIRECTION('',(0.,-1.,0.));
#2678=DIRECTION('',(0.,0.,1.));
#2679=DIRECTION('',(1.,0.,0.));
#2680=DIRECTION('',(0.,1.,0.));
#2681=DIRECTION('',(0.,0.,1.));
#2682=DIRECTION('',(0.,0.,1.));
#2683=DIRECTION('',(-1.,0.,0.));
#2684=DIRECTION('',(1.,0.,0.));
#2685=DIRECTION('',(0.,0.,-1.));
#2686=DIRECTION('',(0.,1.,0.));
#2687=DIRECTION('',(0.,0.,1.));
#2688=DIRECTION('',(1.,0.,0.));
#2689=DIRECTION('',(1.,0.,0.));
#2690=DIRECTION('',(0.,0.,-1.));
#2691=DIRECTION('',(0.,0.,1.));
#2692=DIRECTION('',(0.,1.,0.));
#2693=DIRECTION('',(0.,-1.,0.));
#2694=DIRECTION('',(0.,0.,-1.));
#2695=DIRECTION('',(1.,0.,0.));
#2696=DIRECTION('',(0.,0.,1.));
#2697=DIRECTION('',(1.,0.,0.));
#2698=DIRECTION('',(0.,1.,0.));
#2699=DIRECTION('',(0.,0.,1.));
#2700=DIRECTION('',(-1.,0.,0.));
#2701=DIRECTION('',(0.,0.,1.));
#2702=DIRECTION('',(-1.,0.,0.));
#2703=DIRECTION('',(0.,0.,1.));
#2704=DIRECTION('',(0.,-1.,0.));
#2705=DIRECTION('',(0.,0.,1.));
#2706=DIRECTION('',(1.,0.,0.));
#2707=DIRECTION('',(0.,0.,-1.));
#2708=DIRECTION('',(-1.,0.,0.));
#2709=DIRECTION('',(0.,0.,-1.));
#2710=DIRECTION('',(-1.,0.,0.));
#2711=DIRECTION('',(0.,0.,-1.));
#2712=DIRECTION('',(1.,0.,0.));
#2713=DIRECTION('',(0.,0.,-1.));
#2714=DIRECTION('',(-1.,0.,0.));
#2715=DIRECTION('',(0.,0.,-1.));
#2716=DIRECTION('',(-1.,0.,0.));
#2717=DIRECTION('',(0.,0.,-1.));
#2718=DIRECTION('',(1.,0.,0.));
#2719=DIRECTION('',(0.,0.,-1.));
#2720=DIRECTION('',(-1.,0.,0.));
#2721=DIRECTION('',(0.,0.,-1.));
#2722=DIRECTION('',(-1.,0.,0.));
#2723=DIRECTION('',(0.,0.,-1.));
#2724=DIRECTION('',(1.,0.,0.));
#2725=DIRECTION('',(0.,0.,-1.));
#2726=DIRECTION('',(-1.,0.,0.));
#2727=DIRECTION('',(0.,0.,-1.));
#2728=DIRECTION('',(-1.,0.,0.));
#2729=DIRECTION('',(0.,0.,-1.));
#2730=DIRECTION('',(1.,0.,0.));
#2731=DIRECTION('',(1.,0.,0.));
#2732=DIRECTION('',(0.,0.,-1.));
#2733=DIRECTION('',(0.,0.,-1.));
#2734=DIRECTION('',(0.,-1.,0.));
#2735=DIRECTION('',(0.,0.,-1.));
#2736=DIRECTION('',(1.33440267382831E-16,-1.,0.));
#2737=DIRECTION('',(1.,1.33440267382831E-16,0.));
#2738=DIRECTION('',(0.,0.,-1.));
#2739=DIRECTION('',(-1.,-1.33440267382831E-16,0.));
#2740=DIRECTION('',(1.,0.,0.));
#2741=DIRECTION('',(0.,0.,-1.));
#2742=DIRECTION('',(0.,0.,-1.));
#2743=DIRECTION('',(0.,-1.,0.));
#2744=DIRECTION('',(0.,-1.,0.));
#2745=DIRECTION('',(0.,0.,-1.));
#2746=DIRECTION('',(-1.,0.,0.));
#2747=DIRECTION('',(0.,0.,1.));
#2748=DIRECTION('',(1.,0.,0.));
#2749=DIRECTION('',(1.,-2.04085114820801E-16,0.));
#2750=DIRECTION('',(2.04085114820801E-16,1.,0.));
#2751=DIRECTION('',(0.,0.,-1.));
#2752=DIRECTION('',(-2.04085114820801E-16,-1.,0.));
#2753=DIRECTION('',(0.,0.,-1.));
#2754=DIRECTION('',(-1.33440267382831E-16,-1.,0.));
#2755=DIRECTION('',(1.,-1.33440267382831E-16,0.));
#2756=DIRECTION('',(0.,0.,-1.));
#2757=DIRECTION('',(-1.,1.33440267382831E-16,0.));
#2758=DIRECTION('',(1.,-2.04085114820801E-16,0.));
#2759=DIRECTION('',(2.04085114820801E-16,1.,0.));
#2760=DIRECTION('',(0.,0.,-1.));
#2761=DIRECTION('',(-2.04085114820801E-16,-1.,0.));
#2762=DIRECTION('',(0.,-1.,0.));
#2763=DIRECTION('',(0.,0.,-1.));
#2764=DIRECTION('',(-1.,0.,0.));
#2765=DIRECTION('',(0.,0.,1.));
#2766=DIRECTION('',(1.,0.,0.));
#2767=DIRECTION('',(0.,1.,0.));
#2768=DIRECTION('',(0.,0.,1.));
#2769=DIRECTION('',(0.,0.,-1.));
#2770=DIRECTION('',(1.,0.,0.));
#2771=DIRECTION('',(0.,0.,-1.));
#2772=DIRECTION('',(-1.,0.,0.));
#2773=DIRECTION('',(0.,0.,1.));
#2774=DIRECTION('',(0.,0.,-1.));
#2775=DIRECTION('',(0.,1.,0.));
#2776=DIRECTION('',(0.,1.,0.));
#2777=DIRECTION('',(0.,0.,1.));
#2778=DIRECTION('',(0.,0.,-1.));
#2779=DIRECTION('',(1.,0.,0.));
#2780=DIRECTION('',(-1.,0.,0.));
#2781=DIRECTION('',(0.,0.,1.));
#2782=DIRECTION('',(0.,1.,0.));
#2783=DIRECTION('',(0.,0.,1.));
#2784=DIRECTION('',(1.,0.,0.));
#2785=DIRECTION('',(0.,1.,0.));
#2786=DIRECTION('',(0.,0.,1.));
#2787=DIRECTION('',(0.,0.,-1.));
#2788=DIRECTION('',(1.,0.,0.));
#2789=DIRECTION('',(0.,0.,-1.));
#2790=DIRECTION('',(-1.,0.,0.));
#2791=DIRECTION('',(0.,0.,1.));
#2792=DIRECTION('',(0.,0.,-1.));
#2793=DIRECTION('',(0.,1.,0.));
#2794=DIRECTION('',(0.,1.,0.));
#2795=DIRECTION('',(0.,0.,1.));
#2796=DIRECTION('',(0.,0.,-1.));
#2797=DIRECTION('',(1.,0.,0.));
#2798=DIRECTION('',(-1.,0.,0.));
#2799=DIRECTION('',(0.,0.,1.));
#2800=DIRECTION('',(0.,1.,0.));
#2801=DIRECTION('',(0.,0.,1.));
#2802=DIRECTION('',(1.,0.,0.));
#2803=DIRECTION('',(0.,0.,1.));
#2804=DIRECTION('',(-1.,8.32667268468867E-17,0.));
#2805=DIRECTION('',(0.,0.,-1.));
#2806=DIRECTION('',(1.,0.,0.));
#2807=DIRECTION('',(0.,1.,0.));
#2808=DIRECTION('',(1.,0.,0.));
#2809=DIRECTION('',(0.,1.,0.));
#2810=DIRECTION('',(1.,0.,0.));
#2811=DIRECTION('',(0.,-1.,0.));
#2812=DIRECTION('',(1.,0.,0.));
#2813=DIRECTION('',(0.,-1.,0.));
#2814=DIRECTION('',(1.,0.,0.));
#2815=DIRECTION('',(0.,1.,0.));
#2816=DIRECTION('',(1.,0.,0.));
#2817=DIRECTION('',(0.,-1.,0.));
#2818=DIRECTION('',(1.,0.,0.));
#2819=DIRECTION('',(-1.,1.15648231731787E-16,0.));
#2820=DIRECTION('',(0.,1.,0.));
#2821=DIRECTION('',(-1.,2.31296463463574E-16,0.));
#2822=DIRECTION('',(1.020425574104E-16,1.,0.));
#2823=DIRECTION('',(-1.,-1.15648231731787E-16,0.));
#2824=DIRECTION('',(-2.04085114820801E-16,1.,0.));
#2825=DIRECTION('',(-1.,-2.31296463463574E-16,0.));
#2826=DIRECTION('',(-2.04085114820801E-16,1.,0.));
#2827=DIRECTION('',(0.,-1.,0.));
#2828=DIRECTION('',(-1.,0.,0.));
#2829=DIRECTION('',(0.,-1.,0.));
#2830=DIRECTION('',(-1.,0.,0.));
#2831=DIRECTION('',(0.,-1.,0.));
#2832=DIRECTION('',(-1.,0.,0.));
#2833=DIRECTION('',(0.,-1.,0.));
#2834=DIRECTION('',(-1.,0.,0.));
#2835=DIRECTION('',(0.,-1.,0.));
#2836=DIRECTION('',(1.,0.,0.));
#2837=DIRECTION('',(1.7347234759768E-16,-1.,0.));
#2838=DIRECTION('',(-1.,0.,0.));
#2839=DIRECTION('',(0.,0.,1.));
#2840=DIRECTION('',(1.,0.,0.));
#2841=DIRECTION('',(-9.91270557701033E-17,-1.,0.));
#2842=DIRECTION('',(-1.,0.,0.));
#2843=DIRECTION('',(-9.91270557701033E-17,-1.,0.));
#2844=DIRECTION('',(-1.,0.,0.));
#2845=DIRECTION('',(1.,-2.31296463463574E-16,0.));
#2846=DIRECTION('',(0.,-1.,0.));
#2847=DIRECTION('',(1.,-1.15648231731787E-16,0.));
#2848=DIRECTION('',(-1.020425574104E-16,-1.,0.));
#2849=DIRECTION('',(1.,2.31296463463574E-16,0.));
#2850=DIRECTION('',(2.04085114820801E-16,-1.,0.));
#2851=DIRECTION('',(1.,1.15648231731787E-16,0.));
#2852=DIRECTION('',(2.04085114820801E-16,-1.,0.));
#2853=DIRECTION('',(0.,1.,0.));
#2854=DIRECTION('',(1.,0.,0.));
#2855=DIRECTION('',(0.,1.,0.));
#2856=DIRECTION('',(1.,0.,0.));
#2857=DIRECTION('',(0.,1.,0.));
#2858=DIRECTION('',(1.,0.,0.));
#2859=DIRECTION('',(0.,1.,0.));
#2860=DIRECTION('',(1.,0.,0.));
#2861=DIRECTION('',(-1.7347234759768E-16,1.,0.));
#2862=DIRECTION('',(-1.,0.,0.));
#2863=DIRECTION('',(0.,1.,0.));
#2864=DIRECTION('',(1.,0.,0.));
#2865=DIRECTION('',(0.,-1.,0.));
#2866=DIRECTION('',(0.,0.,-1.));
#2867=DIRECTION('',(0.,0.,-1.));
#2868=DIRECTION('',(-1.,0.,0.));
#2869=DIRECTION('',(0.,0.,-1.));
#2870=DIRECTION('',(1.,0.,0.));
#2871=DIRECTION('',(0.,0.,-1.));
#2872=DIRECTION('',(-1.,0.,0.));
#2873=DIRECTION('',(-1.7347234759768E-16,0.,-1.));
#2874=DIRECTION('',(0.,-1.,0.));
#2875=DIRECTION('',(0.,0.,-1.));
#2876=DIRECTION('',(-1.,0.,0.));
#2877=DIRECTION('',(0.,0.,-1.));
#2878=DIRECTION('',(0.,0.,-1.));
#2879=DIRECTION('',(0.,0.,1.));
#2880=DIRECTION('',(-1.,0.,0.));
#2881=DIRECTION('',(1.7347234759768E-16,0.,1.));
#2882=DIRECTION('',(1.,0.,0.));
#2883=DIRECTION('',(0.,1.,0.));
#2884=DIRECTION('',(0.,0.,1.));
#2885=DIRECTION('',(0.,0.,-1.));
#2886=DIRECTION('',(0.,0.,1.));
#2887=DIRECTION('',(1.,0.,0.));
#2888=DIRECTION('',(1.,0.,0.));
#2889=DIRECTION('',(0.,0.,1.));
#2890=DIRECTION('',(-1.,0.,0.));
#2891=DIRECTION('',(1.7347234759768E-16,0.,1.));
#2892=DIRECTION('',(0.,1.,0.));
#2893=DIRECTION('',(0.,0.,1.));
#2894=DIRECTION('',(0.,0.,-1.));
#2895=DIRECTION('',(1.,0.,0.));
#2896=DIRECTION('',(0.,0.,1.));
#2897=DIRECTION('',(0.,0.,1.));
#2898=DIRECTION('',(1.,0.,0.));
#2899=DIRECTION('',(1.7347234759768E-16,0.,1.));
#2900=DIRECTION('',(-1.,0.,0.));
#2901=DIRECTION('',(-1.,0.,0.));
#2902=DIRECTION('',(0.,0.,1.));
#2903=DIRECTION('',(0.,0.,-1.));
#2904=DIRECTION('',(0.,1.,0.));
#2905=DIRECTION('',(0.,1.,0.));
#2906=DIRECTION('',(0.,0.,1.));
#2907=DIRECTION('',(0.,0.,-1.));
#2908=DIRECTION('',(0.,0.,-1.));
#2909=DIRECTION('',(1.,0.,0.));
#2910=DIRECTION('',(0.,1.,0.));
#2911=DIRECTION('',(0.,0.,1.));
#2912=DIRECTION('',(1.,0.,0.));
#2913=DIRECTION('',(0.,0.,1.));
#2914=DIRECTION('',(0.,0.,-1.));
#2915=DIRECTION('',(1.,-9.91270557701033E-17,0.));
#2916=DIRECTION('',(9.91270557701033E-17,1.,0.));
#2917=DIRECTION('',(-9.91270557701033E-17,-1.,0.));
#2918=DIRECTION('',(1.,-9.91270557701033E-17,0.));
#2919=DIRECTION('',(9.91270557701033E-17,1.,0.));
#2920=DIRECTION('',(-9.91270557701033E-17,-1.,0.));
#2921=DIRECTION('',(0.,0.,1.));
#2922=DIRECTION('',(1.,0.,0.));
#2923=DIRECTION('',(0.,1.,0.));
#2924=DIRECTION('',(1.,0.,0.));
#2925=DIRECTION('',(0.,-1.,0.));
#2926=DIRECTION('',(0.,1.,0.));
#2927=DIRECTION('',(0.,-1.,0.));
#2928=DIRECTION('',(1.,0.,0.));
#2929=DIRECTION('',(0.,-1.,0.));
#2930=DIRECTION('',(0.,0.,-1.));
#2931=DIRECTION('',(-1.,0.,0.));
#2932=DIRECTION('',(0.,0.,-1.));
#2933=DIRECTION('',(-1.,0.,0.));
#2934=DIRECTION('',(0.,0.,-1.));
#2935=DIRECTION('',(-1.,0.,0.));
#2936=DIRECTION('',(0.,0.,-1.));
#2937=DIRECTION('',(-1.,0.,0.));
#2938=DIRECTION('',(0.,0.,-1.));
#2939=DIRECTION('',(-1.,0.,0.));
#2940=DIRECTION('',(0.,0.,-1.));
#2941=DIRECTION('',(-1.,0.,0.));
#2942=DIRECTION('',(0.,0.,-1.));
#2943=DIRECTION('',(1.,0.,0.));
#2944=DIRECTION('',(0.,0.,-1.));
#2945=DIRECTION('',(-1.,0.,0.));
#2946=DIRECTION('',(0.,0.,-1.));
#2947=DIRECTION('',(-1.,0.,0.));
#2948=DIRECTION('',(0.,0.,-1.));
#2949=DIRECTION('',(1.,0.,0.));
#2950=DIRECTION('',(0.,0.,-1.));
#2951=DIRECTION('',(-1.,0.,0.));
#2952=DIRECTION('',(0.,0.,-1.));
#2953=DIRECTION('',(-1.,0.,0.));
#2954=DIRECTION('',(0.,0.,-1.));
#2955=DIRECTION('',(1.,0.,0.));
#2956=DIRECTION('',(0.,0.,-1.));
#2957=DIRECTION('',(-1.,0.,0.));
#2958=DIRECTION('',(0.,0.,-1.));
#2959=DIRECTION('',(-1.,0.,0.));
#2960=DIRECTION('',(0.,0.,-1.));
#2961=DIRECTION('',(1.,0.,0.));
#2962=DIRECTION('',(0.,1.,0.));
#2963=DIRECTION('',(0.,0.,1.));
#2964=DIRECTION('',(0.,0.,1.));
#2965=DIRECTION('',(0.,0.,-1.));
#2966=DIRECTION('',(1.,0.,0.));
#2967=DIRECTION('',(0.,0.,-1.));
#2968=DIRECTION('',(-1.,0.,0.));
#2969=DIRECTION('',(0.,0.,1.));
#2970=DIRECTION('',(0.,1.,0.));
#2971=DIRECTION('',(0.,0.,1.));
#2972=DIRECTION('',(0.,0.,-1.));
#2973=DIRECTION('',(-1.,0.,0.));
#2974=DIRECTION('',(0.,0.,1.));
#2975=DIRECTION('',(1.,0.,0.));
#2976=DIRECTION('',(0.,0.,-1.));
#2977=DIRECTION('',(1.,0.,0.));
#2978=DIRECTION('',(0.,0.,-1.));
#2979=DIRECTION('',(-1.,0.,0.));
#2980=DIRECTION('',(0.,0.,1.));
#2981=DIRECTION('',(0.,0.,-1.));
#2982=DIRECTION('',(0.,0.,-1.));
#2983=DIRECTION('',(-1.15648231731787E-16,-1.,0.));
#2984=DIRECTION('',(1.,-1.15648231731787E-16,0.));
#2985=DIRECTION('',(0.,0.,-1.));
#2986=DIRECTION('',(-1.,1.020425574104E-16,0.));
#2987=DIRECTION('',(-1.020425574104E-16,-1.,0.));
#2988=DIRECTION('',(0.,0.,-1.));
#2989=DIRECTION('',(-2.31296463463574E-16,-1.,0.));
#2990=DIRECTION('',(1.,-2.31296463463574E-16,0.));
#2991=DIRECTION('',(-1.,-2.04085114820801E-16,0.));
#2992=DIRECTION('',(2.04085114820801E-16,-1.,0.));
#2993=DIRECTION('',(0.,0.,-1.));
#2994=DIRECTION('',(0.,0.,-1.));
#2995=DIRECTION('',(1.15648231731787E-16,-1.,0.));
#2996=DIRECTION('',(1.,1.15648231731787E-16,0.));
#2997=DIRECTION('',(0.,0.,-1.));
#2998=DIRECTION('',(-1.,-2.04085114820801E-16,0.));
#2999=DIRECTION('',(2.04085114820801E-16,-1.,0.));
#3000=DIRECTION('',(0.,0.,-1.));
#3001=DIRECTION('',(2.31296463463574E-16,-1.,0.));
#3002=DIRECTION('',(1.,2.31296463463574E-16,0.));
#3003=DIRECTION('',(0.,0.,-1.));
#3004=DIRECTION('',(-1.,0.,0.));
#3005=DIRECTION('',(0.,1.,0.));
#3006=DIRECTION('',(0.,1.,0.));
#3007=DIRECTION('',(-1.,0.,1.7347234759768E-16));
#3008=DIRECTION('',(1.7347234759768E-16,0.,1.));
#3009=DIRECTION('',(0.,1.,0.));
#3010=DIRECTION('',(0.,0.,1.));
#3011=DIRECTION('',(1.,0.,0.));
#3012=DIRECTION('',(0.,1.,0.));
#3013=DIRECTION('',(-1.,0.,0.));
#3014=DIRECTION('',(0.,0.,1.));
#3015=DIRECTION('',(-1.,0.,0.));
#3016=DIRECTION('',(0.,0.,1.));
#3017=DIRECTION('',(0.,1.,0.));
#3018=DIRECTION('',(0.,1.,0.));
#3019=DIRECTION('',(0.,0.,1.));
#3020=DIRECTION('',(1.,0.,0.));
#3021=DIRECTION('',(0.,1.,0.));
#3022=DIRECTION('',(-1.,0.,1.7347234759768E-16));
#3023=DIRECTION('',(1.7347234759768E-16,0.,1.));
#3024=DIRECTION('',(0.,1.,0.));
#3025=DIRECTION('',(0.,0.,-1.));
#3026=DIRECTION('',(-1.,0.,0.));
#3027=DIRECTION('',(0.,-1.,0.));
#3028=DIRECTION('',(0.,0.,-1.));
#3029=DIRECTION('',(0.,0.,-1.));
#3030=DIRECTION('',(0.,0.,-1.));
#3031=DIRECTION('',(1.,0.,0.));
#3032=DIRECTION('',(0.,0.,-1.));
#3033=DIRECTION('',(0.,0.,-1.));
#3034=DIRECTION('',(0.,-1.,0.));
#3035=DIRECTION('',(0.,0.,-1.));
#3036=DIRECTION('',(0.,0.,-1.));
#3037=DIRECTION('',(1.,0.,0.));
#3038=DIRECTION('',(0.,0.,-1.));
#3039=DIRECTION('',(0.,-1.,0.));
#3040=DIRECTION('',(0.,0.,-1.));
#3041=DIRECTION('',(0.,0.,-1.));
#3042=DIRECTION('',(0.,0.,-1.));
#3043=DIRECTION('',(1.,0.,0.));
#3044=DIRECTION('',(0.,0.,-1.));
#3045=DIRECTION('',(0.,0.,-1.));
#3046=DIRECTION('',(0.,-1.,0.));
#3047=DIRECTION('',(0.,0.,-1.));
#3048=DIRECTION('',(0.,0.,-1.));
#3049=DIRECTION('',(1.,0.,0.));
#3050=DIRECTION('',(0.,0.,-1.));
#3051=DIRECTION('',(0.,1.,0.));
#3052=DIRECTION('',(0.,0.,1.));
#3053=DIRECTION('',(0.,0.,1.));
#3054=DIRECTION('',(0.,0.,1.));
#3055=DIRECTION('',(1.,1.7347234759768E-16,0.));
#3056=DIRECTION('',(-1.7347234759768E-16,1.,0.));
#3057=DIRECTION('',(0.,0.,1.));
#3058=DIRECTION('',(0.,-1.,0.));
#3059=DIRECTION('',(0.,0.,-1.));
#3060=DIRECTION('',(0.,0.,1.));
#3061=DIRECTION('',(1.,0.,0.));
#3062=DIRECTION('',(0.,0.,-1.));
#3063=DIRECTION('',(0.,0.,1.));
#3064=DIRECTION('',(-1.,8.32667268468867E-17,0.));
#3065=CARTESIAN_POINT('',(0.,0.,0.));
#3066=CARTESIAN_POINT('',(-0.046,0.031,0.025));
#3067=CARTESIAN_POINT('',(-0.046,0.031,0.003));
#3068=CARTESIAN_POINT('',(-0.04435,0.031,0.003));
#3069=CARTESIAN_POINT('',(-0.046,0.031,0.002));
#3070=CARTESIAN_POINT('',(-0.04765,0.031,0.002));
#3071=CARTESIAN_POINT('',(0.046,0.031,0.025));
#3072=CARTESIAN_POINT('',(0.046,0.031,0.003));
#3073=CARTESIAN_POINT('',(0.04765,0.031,0.003));
#3074=CARTESIAN_POINT('',(0.046,0.031,0.002));
#3075=CARTESIAN_POINT('',(0.04435,0.031,0.002));
#3076=CARTESIAN_POINT('',(0.046,-0.031,0.025));
#3077=CARTESIAN_POINT('',(0.046,-0.031,0.003));
#3078=CARTESIAN_POINT('',(0.04765,-0.031,0.003));
#3079=CARTESIAN_POINT('',(0.046,-0.031,0.002));
#3080=CARTESIAN_POINT('',(0.04435,-0.031,0.002));
#3081=CARTESIAN_POINT('',(-0.0459,-0.0310012501953735,0.025));
#3082=CARTESIAN_POINT('',(-0.0459,-0.0310012501953735,0.003));
#3083=CARTESIAN_POINT('',(-0.04425,-0.0310012501953735,0.003));
#3084=CARTESIAN_POINT('',(-0.0459,-0.0310012501953735,0.002));
#3085=CARTESIAN_POINT('',(-0.04755,-0.0310012501953735,0.002));
#3086=CARTESIAN_POINT('',(-0.0125,-0.0277,0.015));
#3087=CARTESIAN_POINT('',(-0.0135,-0.0277,0.013));
#3088=CARTESIAN_POINT('',(-0.0135,-0.0277,0.013));
#3089=CARTESIAN_POINT('',(-0.0135,-0.0277,0.015));
#3090=CARTESIAN_POINT('',(-0.0125,-0.0277,0.013));
#3091=CARTESIAN_POINT('',(-0.0105,-0.0277,0.013));
#3092=CARTESIAN_POINT('',(-0.0105,-0.0277,0.015));
#3093=CARTESIAN_POINT('',(-0.0105,-0.0277,0.003));
#3094=CARTESIAN_POINT('',(-0.0125,-0.0277,0.003));
#3095=CARTESIAN_POINT('',(-0.0145,-0.0277,0.003));
#3096=CARTESIAN_POINT('',(-0.0145,-0.0277,0.015));
#3097=CARTESIAN_POINT('',(-0.0145,-0.0277,0.015));
#3098=CARTESIAN_POINT('',(-0.0125,-0.0277,0.015));
#3099=CARTESIAN_POINT('',(0.,0.,0.015));
#3100=CARTESIAN_POINT('',(-0.0105,-0.0297,0.015));
#3101=CARTESIAN_POINT('',(-0.0105,-0.0317,0.015));
#3102=CARTESIAN_POINT('',(-0.0105,-0.0307,0.015));
#3103=CARTESIAN_POINT('',(-0.012,-0.0307,0.015));
#3104=CARTESIAN_POINT('',(-0.0135,-0.0307,0.015));
#3105=CARTESIAN_POINT('',(-0.0135,-0.0292,0.015));
#3106=CARTESIAN_POINT('',(-0.0145,-0.0297,0.015));
#3107=CARTESIAN_POINT('',(-0.0145,-0.0317,0.015));
#3108=CARTESIAN_POINT('',(-0.0125,-0.0317,0.015));
#3109=CARTESIAN_POINT('',(0.,0.,0.003));
#3110=CARTESIAN_POINT('',(0.028875,-0.022,0.003));
#3111=CARTESIAN_POINT('',(0.02775,-0.022,0.003));
#3112=CARTESIAN_POINT('',(0.03225,-0.022,0.003));
#3113=CARTESIAN_POINT('',(0.03225,-0.02425,0.003));
#3114=CARTESIAN_POINT('',(0.03225,-0.0265,0.003));
#3115=CARTESIAN_POINT('',(0.03,-0.0265,0.003));
#3116=CARTESIAN_POINT('',(0.02775,-0.0265,0.003));
#3117=CARTESIAN_POINT('',(0.02775,-0.02425,0.003));
#3118=CARTESIAN_POINT('',(-0.031125,-0.022,0.003));
#3119=CARTESIAN_POINT('',(-0.03225,-0.022,0.003));
#3120=CARTESIAN_POINT('',(-0.02775,-0.022,0.003));
#3121=CARTESIAN_POINT('',(-0.02775,-0.02425,0.003));
#3122=CARTESIAN_POINT('',(-0.02775,-0.0265,0.003));
#3123=CARTESIAN_POINT('',(-0.03,-0.0265,0.003));
#3124=CARTESIAN_POINT('',(-0.03225,-0.0265,0.003));
#3125=CARTESIAN_POINT('',(-0.03225,-0.02425,0.003));
#3126=CARTESIAN_POINT('',(-0.017,-0.0085,0.003));
#3127=CARTESIAN_POINT('',(-0.017,0.017,0.003));
#3128=CARTESIAN_POINT('',(-0.017,-0.017,0.003));
#3129=CARTESIAN_POINT('',(-0.03,-0.017,0.003));
#3130=CARTESIAN_POINT('',(-0.043,-0.017,0.003));
#3131=CARTESIAN_POINT('',(-0.043,3.46944695195361E-18,0.003));
#3132=CARTESIAN_POINT('',(-0.043,0.017,0.003));
#3133=CARTESIAN_POINT('',(-0.03,0.017,0.003));
#3134=CARTESIAN_POINT('',(0.043,3.46944695195361E-18,0.003));
#3135=CARTESIAN_POINT('',(0.043,0.017,0.003));
#3136=CARTESIAN_POINT('',(0.043,-0.017,0.003));
#3137=CARTESIAN_POINT('',(0.03,-0.017,0.003));
#3138=CARTESIAN_POINT('',(0.017,-0.017,0.003));
#3139=CARTESIAN_POINT('',(0.017,0.0085,0.003));
#3140=CARTESIAN_POINT('',(0.017,0.017,0.003));
#3141=CARTESIAN_POINT('',(0.03,0.017,0.003));
#3142=CARTESIAN_POINT('',(6.93889390390723E-18,0.035,0.003));
#3143=CARTESIAN_POINT('',(-0.05,0.035,0.003));
#3144=CARTESIAN_POINT('',(0.05,0.035,0.003));
#3145=CARTESIAN_POINT('',(-0.05,0.,0.003));
#3146=CARTESIAN_POINT('',(-0.05,-0.035,0.003));
#3147=CARTESIAN_POINT('',(-6.93889390390723E-18,-0.035,0.003));
#3148=CARTESIAN_POINT('',(0.05,-0.035,0.003));
#3149=CARTESIAN_POINT('',(0.05,0.,0.003));
#3150=CARTESIAN_POINT('',(-0.0105,-0.0297,0.003));
#3151=CARTESIAN_POINT('',(-0.0105,-0.0317,0.003));
#3152=CARTESIAN_POINT('',(-0.0125,-0.0317,0.003));
#3153=CARTESIAN_POINT('',(-0.0145,-0.0317,0.003));
#3154=CARTESIAN_POINT('',(-0.0145,-0.0297,0.003));
#3155=CARTESIAN_POINT('',(0.0105,0.0203,0.003));
#3156=CARTESIAN_POINT('',(0.0105,0.0223,0.003));
#3157=CARTESIAN_POINT('',(0.0105,0.0183,0.003));
#3158=CARTESIAN_POINT('',(0.0125,0.0223,0.003));
#3159=CARTESIAN_POINT('',(0.0145,0.0223,0.003));
#3160=CARTESIAN_POINT('',(0.0145,0.0203,0.003));
#3161=CARTESIAN_POINT('',(0.0145,0.0183,0.003));
#3162=CARTESIAN_POINT('',(0.0125,0.0183,0.003));
#3163=CARTESIAN_POINT('',(-0.0125,0.0183,0.003));
#3164=CARTESIAN_POINT('',(-0.0145,0.0183,0.003));
#3165=CARTESIAN_POINT('',(-0.0105,0.0183,0.003));
#3166=CARTESIAN_POINT('',(-0.0145,0.0203,0.003));
#3167=CARTESIAN_POINT('',(-0.0145,0.0223,0.003));
#3168=CARTESIAN_POINT('',(-0.0125,0.0223,0.003));
#3169=CARTESIAN_POINT('',(-0.0105,0.0223,0.003));
#3170=CARTESIAN_POINT('',(-0.0105,0.0203,0.003));
#3171=CARTESIAN_POINT('',(0.0125,-0.0317,0.003));
#3172=CARTESIAN_POINT('',(0.0105,-0.0317,0.003));
#3173=CARTESIAN_POINT('',(0.0145,-0.0317,0.003));
#3174=CARTESIAN_POINT('',(0.0105,-0.0297,0.003));
#3175=CARTESIAN_POINT('',(0.0105,-0.0277,0.003));
#3176=CARTESIAN_POINT('',(0.0125,-0.0277,0.003));
#3177=CARTESIAN_POINT('',(0.0145,-0.0277,0.003));
#3178=CARTESIAN_POINT('',(0.0145,-0.0297,0.003));
#3179=CARTESIAN_POINT('',(6.93889390390723E-18,0.035,0.003));
#3180=CARTESIAN_POINT('',(6.93889390390723E-18,0.035,0.));
#3181=CARTESIAN_POINT('',(-0.05,0.035,0.));
#3182=CARTESIAN_POINT('',(0.05,0.035,0.));
#3183=CARTESIAN_POINT('',(-0.05,0.035,0.003));
#3184=CARTESIAN_POINT('',(0.05,0.035,0.003));
#3185=CARTESIAN_POINT('',(-0.05,0.,0.003));
#3186=CARTESIAN_POINT('',(-0.05,0.,0.));
#3187=CARTESIAN_POINT('',(-0.05,-0.035,0.));
#3188=CARTESIAN_POINT('',(-0.05,-0.035,0.003));
#3189=CARTESIAN_POINT('',(-6.93889390390723E-18,-0.035,0.003));
#3190=CARTESIAN_POINT('',(-6.93889390390723E-18,-0.035,0.));
#3191=CARTESIAN_POINT('',(0.05,-0.035,0.));
#3192=CARTESIAN_POINT('',(0.05,-0.035,0.003));
#3193=CARTESIAN_POINT('',(0.05,0.,0.003));
#3194=CARTESIAN_POINT('',(0.05,0.,0.));
#3195=CARTESIAN_POINT('',(0.,0.,0.));
#3196=CARTESIAN_POINT('',(0.046,0.031,0.));
#3197=CARTESIAN_POINT('',(0.043,0.031,0.));
#3198=CARTESIAN_POINT('',(0.046,-0.031,0.));
#3199=CARTESIAN_POINT('',(0.043,-0.031,0.));
#3200=CARTESIAN_POINT('',(-0.0459,-0.0310012501953735,0.));
#3201=CARTESIAN_POINT('',(-0.0489,-0.0310012501953735,0.));
#3202=CARTESIAN_POINT('',(-0.046,0.031,0.));
#3203=CARTESIAN_POINT('',(-0.049,0.031,0.));
#3204=CARTESIAN_POINT('',(-0.0125,-0.0317,0.015));
#3205=CARTESIAN_POINT('',(-0.0105,-0.0317,0.015));
#3206=CARTESIAN_POINT('',(-0.0145,-0.0317,0.015));
#3207=CARTESIAN_POINT('',(-0.0105,-0.0297,0.015));
#3208=CARTESIAN_POINT('',(-0.0105,-0.0297,0.013));
#3209=CARTESIAN_POINT('',(-0.0105,-0.0307,0.013));
#3210=CARTESIAN_POINT('',(-0.0105,-0.0307,0.013));
#3211=CARTESIAN_POINT('',(-0.0145,-0.0297,0.015));
#3212=CARTESIAN_POINT('',(0.0125,0.0223,0.015));
#3213=CARTESIAN_POINT('',(0.0105,0.0223,0.015));
#3214=CARTESIAN_POINT('',(0.0105,0.0223,0.015));
#3215=CARTESIAN_POINT('',(0.0125,0.0223,0.015));
#3216=CARTESIAN_POINT('',(0.0145,0.0223,0.015));
#3217=CARTESIAN_POINT('',(0.0145,0.0223,0.015));
#3218=CARTESIAN_POINT('',(0.0105,0.0203,0.015));
#3219=CARTESIAN_POINT('',(0.0105,0.0198,0.013));
#3220=CARTESIAN_POINT('',(0.0105,0.0183,0.013));
#3221=CARTESIAN_POINT('',(0.0105,0.0213,0.013));
#3222=CARTESIAN_POINT('',(0.0105,0.0213,0.013));
#3223=CARTESIAN_POINT('',(0.0105,0.0213,0.015));
#3224=CARTESIAN_POINT('',(0.0105,0.0203,0.015));
#3225=CARTESIAN_POINT('',(0.0105,0.0183,0.015));
#3226=CARTESIAN_POINT('',(0.0125,0.0183,0.015));
#3227=CARTESIAN_POINT('',(0.012,0.0183,0.013));
#3228=CARTESIAN_POINT('',(0.0135,0.0183,0.013));
#3229=CARTESIAN_POINT('',(0.0145,0.0183,0.015));
#3230=CARTESIAN_POINT('',(0.0145,0.0183,0.015));
#3231=CARTESIAN_POINT('',(0.0125,0.0183,0.015));
#3232=CARTESIAN_POINT('',(0.0135,0.0183,0.015));
#3233=CARTESIAN_POINT('',(0.0135,0.0183,0.013));
#3234=CARTESIAN_POINT('',(0.0145,0.0203,0.015));
#3235=CARTESIAN_POINT('',(0.0145,0.0203,0.015));
#3236=CARTESIAN_POINT('',(0.,0.,0.015));
#3237=CARTESIAN_POINT('',(0.0135,0.0198,0.015));
#3238=CARTESIAN_POINT('',(0.0135,0.0213,0.015));
#3239=CARTESIAN_POINT('',(0.012,0.0213,0.015));
#3240=CARTESIAN_POINT('',(-0.0145,0.0203,0.015));
#3241=CARTESIAN_POINT('',(-0.0145,0.0183,0.015));
#3242=CARTESIAN_POINT('',(-0.0145,0.0183,0.015));
#3243=CARTESIAN_POINT('',(-0.0145,0.0203,0.015));
#3244=CARTESIAN_POINT('',(-0.0145,0.0223,0.015));
#3245=CARTESIAN_POINT('',(-0.0145,0.0223,0.015));
#3246=CARTESIAN_POINT('',(-0.0125,0.0183,0.015));
#3247=CARTESIAN_POINT('',(-0.012,0.0183,0.013));
#3248=CARTESIAN_POINT('',(-0.0105,0.0183,0.013));
#3249=CARTESIAN_POINT('',(-0.0135,0.0183,0.013));
#3250=CARTESIAN_POINT('',(-0.0135,0.0183,0.013));
#3251=CARTESIAN_POINT('',(-0.0135,0.0183,0.015));
#3252=CARTESIAN_POINT('',(-0.0125,0.0183,0.015));
#3253=CARTESIAN_POINT('',(-0.0105,0.0183,0.015));
#3254=CARTESIAN_POINT('',(-0.0105,0.0203,0.015));
#3255=CARTESIAN_POINT('',(-0.0105,0.0198,0.013));
#3256=CARTESIAN_POINT('',(-0.0105,0.0213,0.013));
#3257=CARTESIAN_POINT('',(-0.0105,0.0223,0.015));
#3258=CARTESIAN_POINT('',(-0.0105,0.0223,0.015));
#3259=CARTESIAN_POINT('',(-0.0105,0.0203,0.015));
#3260=CARTESIAN_POINT('',(-0.0105,0.0213,0.015));
#3261=CARTESIAN_POINT('',(-0.0105,0.0213,0.013));
#3262=CARTESIAN_POINT('',(-0.0125,0.0223,0.015));
#3263=CARTESIAN_POINT('',(-0.0125,0.0223,0.015));
#3264=CARTESIAN_POINT('',(0.,0.,0.015));
#3265=CARTESIAN_POINT('',(-0.012,0.0213,0.015));
#3266=CARTESIAN_POINT('',(-0.0135,0.0213,0.015));
#3267=CARTESIAN_POINT('',(-0.0135,0.0198,0.015));
#3268=CARTESIAN_POINT('',(0.0105,-0.0297,0.015));
#3269=CARTESIAN_POINT('',(0.0105,-0.0292,0.013));
#3270=CARTESIAN_POINT('',(0.0105,-0.0277,0.013));
#3271=CARTESIAN_POINT('',(0.0105,-0.0307,0.013));
#3272=CARTESIAN_POINT('',(0.0105,-0.0277,0.015));
#3273=CARTESIAN_POINT('',(0.0105,-0.0317,0.015));
#3274=CARTESIAN_POINT('',(0.0105,-0.0317,0.015));
#3275=CARTESIAN_POINT('',(0.0105,-0.0297,0.015));
#3276=CARTESIAN_POINT('',(0.0105,-0.0307,0.015));
#3277=CARTESIAN_POINT('',(0.0105,-0.0307,0.013));
#3278=CARTESIAN_POINT('',(0.0125,-0.0317,0.015));
#3279=CARTESIAN_POINT('',(0.0145,-0.0317,0.015));
#3280=CARTESIAN_POINT('',(0.0145,-0.0317,0.015));
#3281=CARTESIAN_POINT('',(0.0125,-0.0317,0.015));
#3282=CARTESIAN_POINT('',(0.0145,-0.0297,0.015));
#3283=CARTESIAN_POINT('',(0.0145,-0.0277,0.015));
#3284=CARTESIAN_POINT('',(0.0145,-0.0277,0.015));
#3285=CARTESIAN_POINT('',(0.0145,-0.0297,0.015));
#3286=CARTESIAN_POINT('',(0.0125,-0.0277,0.015));
#3287=CARTESIAN_POINT('',(0.012,-0.0277,0.013));
#3288=CARTESIAN_POINT('',(0.0135,-0.0277,0.013));
#3289=CARTESIAN_POINT('',(0.0135,-0.0277,0.013));
#3290=CARTESIAN_POINT('',(0.0135,-0.0277,0.015));
#3291=CARTESIAN_POINT('',(0.0125,-0.0277,0.015));
#3292=CARTESIAN_POINT('',(0.,0.,0.015));
#3293=CARTESIAN_POINT('',(0.012,-0.0307,0.015));
#3294=CARTESIAN_POINT('',(0.0135,-0.0307,0.015));
#3295=CARTESIAN_POINT('',(0.0135,-0.0292,0.015));
#3296=CARTESIAN_POINT('',(0.012,-0.0307,0.013));
#3297=CARTESIAN_POINT('',(0.0135,-0.0307,0.013));
#3298=CARTESIAN_POINT('',(0.0135,-0.0307,0.013));
#3299=CARTESIAN_POINT('',(0.012,-0.0307,0.013));
#3300=CARTESIAN_POINT('',(0.0135,-0.0292,0.013));
#3301=CARTESIAN_POINT('',(0.0135,-0.0292,0.013));
#3302=CARTESIAN_POINT('',(-0.0005,-0.0052,0.013));
#3303=CARTESIAN_POINT('',(-0.012,0.0213,0.013));
#3304=CARTESIAN_POINT('',(-0.0135,0.0213,0.013));
#3305=CARTESIAN_POINT('',(-0.0135,0.0213,0.013));
#3306=CARTESIAN_POINT('',(-0.012,0.0213,0.013));
#3307=CARTESIAN_POINT('',(-0.0135,0.0198,0.013));
#3308=CARTESIAN_POINT('',(-0.0135,0.0198,0.013));
#3309=CARTESIAN_POINT('',(-0.0005,-0.0052,0.013));
#3310=CARTESIAN_POINT('',(0.0135,0.0198,0.013));
#3311=CARTESIAN_POINT('',(0.0135,0.0213,0.013));
#3312=CARTESIAN_POINT('',(0.0135,0.0213,0.013));
#3313=CARTESIAN_POINT('',(0.0135,0.0198,0.013));
#3314=CARTESIAN_POINT('',(0.012,0.0213,0.013));
#3315=CARTESIAN_POINT('',(0.012,0.0213,0.013));
#3316=CARTESIAN_POINT('',(-0.0005,-0.0052,0.013));
#3317=CARTESIAN_POINT('',(-0.012,-0.0307,0.013));
#3318=CARTESIAN_POINT('',(-0.012,-0.0307,0.013));
#3319=CARTESIAN_POINT('',(-0.0135,-0.0307,0.013));
#3320=CARTESIAN_POINT('',(-0.0135,-0.0307,0.013));
#3321=CARTESIAN_POINT('',(-0.0135,-0.0292,0.013));
#3322=CARTESIAN_POINT('',(-0.0135,-0.0292,0.013));
#3323=CARTESIAN_POINT('',(-0.0005,-0.0052,0.013));
#3324=CARTESIAN_POINT('',(-0.0459,-0.0310012501953735,0.002));
#3325=CARTESIAN_POINT('',(-0.0459,-0.0310012501953735,0.002));
#3326=CARTESIAN_POINT('',(-0.0489,-0.0310012501953735,0.002));
#3327=CARTESIAN_POINT('',(0.,0.,0.002));
#3328=CARTESIAN_POINT('',(0.046,-0.031,0.002));
#3329=CARTESIAN_POINT('',(0.046,-0.031,0.002));
#3330=CARTESIAN_POINT('',(0.043,-0.031,0.002));
#3331=CARTESIAN_POINT('',(0.,0.,0.002));
#3332=CARTESIAN_POINT('',(0.046,0.031,0.002));
#3333=CARTESIAN_POINT('',(0.046,0.031,0.002));
#3334=CARTESIAN_POINT('',(0.043,0.031,0.002));
#3335=CARTESIAN_POINT('',(0.,0.,0.002));
#3336=CARTESIAN_POINT('',(-0.046,0.031,0.002));
#3337=CARTESIAN_POINT('',(-0.046,0.031,0.002));
#3338=CARTESIAN_POINT('',(-0.049,0.031,0.002));
#3339=CARTESIAN_POINT('',(0.,0.,0.002));
#3340=CARTESIAN_POINT('',(0.043,3.46944695195361E-18,0.013));
#3341=CARTESIAN_POINT('',(0.043,0.017,0.013));
#3342=CARTESIAN_POINT('',(0.043,0.017,0.013));
#3343=CARTESIAN_POINT('',(0.043,3.46944695195361E-18,0.013));
#3344=CARTESIAN_POINT('',(0.043,-0.017,0.013));
#3345=CARTESIAN_POINT('',(0.043,-0.017,0.013));
#3346=CARTESIAN_POINT('',(0.03,0.017,0.013));
#3347=CARTESIAN_POINT('',(0.017,0.017,0.013));
#3348=CARTESIAN_POINT('',(0.017,0.017,0.013));
#3349=CARTESIAN_POINT('',(0.03,0.017,0.013));
#3350=CARTESIAN_POINT('',(0.017,0.0085,0.013));
#3351=CARTESIAN_POINT('',(0.017,-0.017,0.013));
#3352=CARTESIAN_POINT('',(0.017,-0.017,0.013));
#3353=CARTESIAN_POINT('',(0.017,0.0085,0.013));
#3354=CARTESIAN_POINT('',(0.03,-0.017,0.013));
#3355=CARTESIAN_POINT('',(0.03,-0.017,0.013));
#3356=CARTESIAN_POINT('',(0.,0.,0.013));
#3357=CARTESIAN_POINT('',(-0.017,-0.0085,0.013));
#3358=CARTESIAN_POINT('',(-0.017,0.017,0.013));
#3359=CARTESIAN_POINT('',(-0.017,0.017,0.013));
#3360=CARTESIAN_POINT('',(-0.017,-0.0085,0.013));
#3361=CARTESIAN_POINT('',(-0.017,-0.017,0.013));
#3362=CARTESIAN_POINT('',(-0.017,-0.017,0.013));
#3363=CARTESIAN_POINT('',(-0.03,0.017,0.013));
#3364=CARTESIAN_POINT('',(-0.043,0.017,0.013));
#3365=CARTESIAN_POINT('',(-0.043,0.017,0.013));
#3366=CARTESIAN_POINT('',(-0.03,0.017,0.013));
#3367=CARTESIAN_POINT('',(-0.043,3.46944695195361E-18,0.013));
#3368=CARTESIAN_POINT('',(-0.043,-0.017,0.013));
#3369=CARTESIAN_POINT('',(-0.043,-0.017,0.013));
#3370=CARTESIAN_POINT('',(-0.043,3.46944695195361E-18,0.013));
#3371=CARTESIAN_POINT('',(-0.03,-0.017,0.013));
#3372=CARTESIAN_POINT('',(-0.03,-0.017,0.013));
#3373=CARTESIAN_POINT('',(0.,0.,0.013));
#3374=CARTESIAN_POINT('',(-0.031125,-0.022,0.022));
#3375=CARTESIAN_POINT('',(-0.03225,-0.022,0.022));
#3376=CARTESIAN_POINT('',(-0.03225,-0.022,0.022));
#3377=CARTESIAN_POINT('',(-0.031125,-0.022,0.022));
#3378=CARTESIAN_POINT('',(-0.02775,-0.022,0.022));
#3379=CARTESIAN_POINT('',(-0.02775,-0.022,0.022));
#3380=CARTESIAN_POINT('',(-0.03225,-0.02425,0.022));
#3381=CARTESIAN_POINT('',(-0.03225,-0.0265,0.022));
#3382=CARTESIAN_POINT('',(-0.03225,-0.0265,0.022));
#3383=CARTESIAN_POINT('',(-0.03225,-0.02425,0.022));
#3384=CARTESIAN_POINT('',(-0.03,-0.0265,0.022));
#3385=CARTESIAN_POINT('',(-0.02775,-0.0265,0.022));
#3386=CARTESIAN_POINT('',(-0.02775,-0.0265,0.022));
#3387=CARTESIAN_POINT('',(-0.03,-0.0265,0.022));
#3388=CARTESIAN_POINT('',(-0.02775,-0.02425,0.022));
#3389=CARTESIAN_POINT('',(-0.02775,-0.02425,0.022));
#3390=CARTESIAN_POINT('',(0.,0.,0.022));
#3391=CARTESIAN_POINT('',(0.028875,-0.022,0.022));
#3392=CARTESIAN_POINT('',(0.02775,-0.022,0.022));
#3393=CARTESIAN_POINT('',(0.02775,-0.022,0.022));
#3394=CARTESIAN_POINT('',(0.028875,-0.022,0.022));
#3395=CARTESIAN_POINT('',(0.03225,-0.022,0.022));
#3396=CARTESIAN_POINT('',(0.03225,-0.022,0.022));
#3397=CARTESIAN_POINT('',(0.02775,-0.02425,0.022));
#3398=CARTESIAN_POINT('',(0.02775,-0.0265,0.022));
#3399=CARTESIAN_POINT('',(0.02775,-0.0265,0.022));
#3400=CARTESIAN_POINT('',(0.02775,-0.02425,0.022));
#3401=CARTESIAN_POINT('',(0.03,-0.0265,0.022));
#3402=CARTESIAN_POINT('',(0.03225,-0.0265,0.022));
#3403=CARTESIAN_POINT('',(0.03225,-0.0265,0.022));
#3404=CARTESIAN_POINT('',(0.03,-0.0265,0.022));
#3405=CARTESIAN_POINT('',(0.03225,-0.02425,0.022));
#3406=CARTESIAN_POINT('',(0.03225,-0.02425,0.022));
#3407=CARTESIAN_POINT('',(0.,0.,0.022));
#3408=CARTESIAN_POINT('',(0.00106179772410542,5.89887640671771E-5,-0.0139999998946447));
#3409=CARTESIAN_POINT('',(0.,0.,0.02));
#3410=CARTESIAN_POINT('',(-0.043,0.0315,0.02));
#3411=CARTESIAN_POINT('',(-0.043,0.028,0.02));
#3412=CARTESIAN_POINT('',(-0.043,0.033,0.02));
#3413=CARTESIAN_POINT('',(-0.0444,0.033,0.02));
#3414=CARTESIAN_POINT('',(0.043,0.033,0.02));
#3415=CARTESIAN_POINT('',(0.043,0.0315,0.02));
#3416=CARTESIAN_POINT('',(0.043,0.028,0.02));
#3417=CARTESIAN_POINT('',(0.0465,0.028,0.02));
#3418=CARTESIAN_POINT('',(0.048,0.028,0.02));
#3419=CARTESIAN_POINT('',(0.048,0.0285,0.02));
#3420=CARTESIAN_POINT('',(0.048,-0.028,0.02));
#3421=CARTESIAN_POINT('',(0.0465,-0.028,0.02));
#3422=CARTESIAN_POINT('',(0.043,-0.028,0.02));
#3423=CARTESIAN_POINT('',(0.043,-0.0315,0.02));
#3424=CARTESIAN_POINT('',(0.043,-0.033,0.02));
#3425=CARTESIAN_POINT('',(-0.0437,-0.033,0.02));
#3426=CARTESIAN_POINT('',(-0.043,-0.033,0.02));
#3427=CARTESIAN_POINT('',(-0.043,-0.0315,0.02));
#3428=CARTESIAN_POINT('',(-0.043,-0.028,0.02));
#3429=CARTESIAN_POINT('',(-0.0465,-0.028,0.02));
#3430=CARTESIAN_POINT('',(-0.048,-0.028,0.02));
#3431=CARTESIAN_POINT('',(-0.048,0.0285,0.02));
#3432=CARTESIAN_POINT('',(-0.048,0.028,0.02));
#3433=CARTESIAN_POINT('',(-0.0465,0.028,0.02));
#3434=CARTESIAN_POINT('',(0.03,-0.017,0.02));
#3435=CARTESIAN_POINT('',(0.045,-0.017,0.02));
#3436=CARTESIAN_POINT('',(0.015,-0.017,0.02));
#3437=CARTESIAN_POINT('',(0.045,-3.46944695195361E-18,0.02));
#3438=CARTESIAN_POINT('',(0.045,0.017,0.02));
#3439=CARTESIAN_POINT('',(0.03,0.017,0.02));
#3440=CARTESIAN_POINT('',(0.015,0.017,0.02));
#3441=CARTESIAN_POINT('',(0.015,-0.0085,0.02));
#3442=CARTESIAN_POINT('',(-0.03,-0.017,0.02));
#3443=CARTESIAN_POINT('',(-0.015,-0.017,0.02));
#3444=CARTESIAN_POINT('',(-0.045,-0.017,0.02));
#3445=CARTESIAN_POINT('',(-0.015,0.0085,0.02));
#3446=CARTESIAN_POINT('',(-0.015,0.017,0.02));
#3447=CARTESIAN_POINT('',(-0.03,0.017,0.02));
#3448=CARTESIAN_POINT('',(-0.045,0.017,0.02));
#3449=CARTESIAN_POINT('',(-0.045,0.,0.02));
#3450=CARTESIAN_POINT('',(-0.0275,-0.02425,0.02));
#3451=CARTESIAN_POINT('',(-0.0275,-0.02175,0.02));
#3452=CARTESIAN_POINT('',(-0.0275,-0.02675,0.02));
#3453=CARTESIAN_POINT('',(-0.02875,-0.02175,0.02));
#3454=CARTESIAN_POINT('',(-0.0325,-0.02175,0.02));
#3455=CARTESIAN_POINT('',(-0.0325,-0.02425,0.02));
#3456=CARTESIAN_POINT('',(-0.0325,-0.02675,0.02));
#3457=CARTESIAN_POINT('',(-0.03,-0.02675,0.02));
#3458=CARTESIAN_POINT('',(0.0325,-0.02425,0.02));
#3459=CARTESIAN_POINT('',(0.0325,-0.02175,0.02));
#3460=CARTESIAN_POINT('',(0.0325,-0.02675,0.02));
#3461=CARTESIAN_POINT('',(0.03125,-0.02175,0.02));
#3462=CARTESIAN_POINT('',(0.0275,-0.02175,0.02));
#3463=CARTESIAN_POINT('',(0.0275,-0.02425,0.02));
#3464=CARTESIAN_POINT('',(0.0275,-0.02675,0.02));
#3465=CARTESIAN_POINT('',(0.03,-0.02675,0.02));
#3466=CARTESIAN_POINT('',(-0.01,0.,0.02));
#3467=CARTESIAN_POINT('',(-0.01,0.0213,0.02));
#3468=CARTESIAN_POINT('',(-0.01,-0.0087,0.02));
#3469=CARTESIAN_POINT('',(0.,-0.0087,0.02));
#3470=CARTESIAN_POINT('',(0.01,-0.0087,0.02));
#3471=CARTESIAN_POINT('',(0.01,1.7347234759768E-18,0.02));
#3472=CARTESIAN_POINT('',(0.01,0.0213,0.02));
#3473=CARTESIAN_POINT('',(0.,0.0213,0.02));
#3474=CARTESIAN_POINT('',(0.,0.,0.022));
#3475=CARTESIAN_POINT('',(0.05,0.,0.022));
#3476=CARTESIAN_POINT('',(0.05,0.035,0.022));
#3477=CARTESIAN_POINT('',(0.05,-0.035,0.022));
#3478=CARTESIAN_POINT('',(6.93889390390723E-18,0.035,0.022));
#3479=CARTESIAN_POINT('',(-0.05,0.035,0.022));
#3480=CARTESIAN_POINT('',(-0.05,0.,0.022));
#3481=CARTESIAN_POINT('',(-0.05,-0.035,0.022));
#3482=CARTESIAN_POINT('',(0.,-0.035,0.022));
#3483=CARTESIAN_POINT('',(3.93203987888076E-18,0.017,0.022));
#3484=CARTESIAN_POINT('',(0.015,0.017,0.022));
#3485=CARTESIAN_POINT('',(0.045,0.017,0.022));
#3486=CARTESIAN_POINT('',(0.045,0.,0.022));
#3487=CARTESIAN_POINT('',(0.045,-0.017,0.022));
#3488=CARTESIAN_POINT('',(-1.96601993944038E-18,-0.017,0.022));
#3489=CARTESIAN_POINT('',(0.015,-0.017,0.022));
#3490=CARTESIAN_POINT('',(0.015,-1.530638361156E-18,0.022));
#3491=CARTESIAN_POINT('',(-3.93203987888076E-18,0.017,0.022));
#3492=CARTESIAN_POINT('',(-0.045,0.017,0.022));
#3493=CARTESIAN_POINT('',(-0.015,0.017,0.022));
#3494=CARTESIAN_POINT('',(-0.015,-3.06127672231201E-18,0.022));
#3495=CARTESIAN_POINT('',(-0.015,-0.017,0.022));
#3496=CARTESIAN_POINT('',(1.96601993944038E-18,-0.017,0.022));
#3497=CARTESIAN_POINT('',(-0.045,-0.017,0.022));
#3498=CARTESIAN_POINT('',(-0.045,-9.18383016693604E-18,0.022));
#3499=CARTESIAN_POINT('',(-0.0325,0.,0.022));
#3500=CARTESIAN_POINT('',(-0.0325,-0.02675,0.022));
#3501=CARTESIAN_POINT('',(-0.0325,-0.02175,0.022));
#3502=CARTESIAN_POINT('',(0.,-0.02175,0.022));
#3503=CARTESIAN_POINT('',(-0.0275,-0.02175,0.022));
#3504=CARTESIAN_POINT('',(-0.0275,0.,0.022));
#3505=CARTESIAN_POINT('',(-0.0275,-0.02675,0.022));
#3506=CARTESIAN_POINT('',(0.,-0.02675,0.022));
#3507=CARTESIAN_POINT('',(0.0275,0.,0.022));
#3508=CARTESIAN_POINT('',(0.0275,-0.02675,0.022));
#3509=CARTESIAN_POINT('',(0.0275,-0.02175,0.022));
#3510=CARTESIAN_POINT('',(0.,-0.02175,0.022));
#3511=CARTESIAN_POINT('',(0.0325,-0.02175,0.022));
#3512=CARTESIAN_POINT('',(0.0325,0.,0.022));
#3513=CARTESIAN_POINT('',(0.0325,-0.02675,0.022));
#3514=CARTESIAN_POINT('',(0.,-0.02675,0.022));
#3515=CARTESIAN_POINT('',(0.01,0.0063,0.022));
#3516=CARTESIAN_POINT('',(0.01,-0.0087,0.022));
#3517=CARTESIAN_POINT('',(0.01,0.0213,0.022));
#3518=CARTESIAN_POINT('',(-0.005,-0.0087,0.022));
#3519=CARTESIAN_POINT('',(-0.01,-0.0087,0.022));
#3520=CARTESIAN_POINT('',(-0.01,0.0063,0.022));
#3521=CARTESIAN_POINT('',(-0.01,0.0213,0.022));
#3522=CARTESIAN_POINT('',(-8.67361737988404E-18,0.0213,0.022));
#3523=CARTESIAN_POINT('',(0.,-0.035,0.022));
#3524=CARTESIAN_POINT('',(-0.05,-0.035,0.022));
#3525=CARTESIAN_POINT('',(-0.05,-0.035,0.));
#3526=CARTESIAN_POINT('',(0.,-0.035,0.));
#3527=CARTESIAN_POINT('',(0.05,-0.035,0.));
#3528=CARTESIAN_POINT('',(0.05,-0.035,0.022));
#3529=CARTESIAN_POINT('',(0.,-0.035,0.0166));
#3530=CARTESIAN_POINT('',(-0.005,-0.035,0.0166));
#3531=CARTESIAN_POINT('',(0.005,-0.035,0.0166));
#3532=CARTESIAN_POINT('',(0.005,-0.035,0.022));
#3533=CARTESIAN_POINT('',(0.005,-0.035,0.0116));
#3534=CARTESIAN_POINT('',(0.,-0.035,0.0116));
#3535=CARTESIAN_POINT('',(-0.005,-0.035,0.0116));
#3536=CARTESIAN_POINT('',(-0.005,-0.035,0.022));
#3537=CARTESIAN_POINT('',(6.93889390390723E-18,0.035,0.022));
#3538=CARTESIAN_POINT('',(6.93889390390723E-18,0.035,0.));
#3539=CARTESIAN_POINT('',(0.05,0.035,0.));
#3540=CARTESIAN_POINT('',(-0.05,0.035,0.));
#3541=CARTESIAN_POINT('',(-0.05,0.035,0.022));
#3542=CARTESIAN_POINT('',(0.05,0.035,0.022));
#3543=CARTESIAN_POINT('',(0.005,0.035,0.0141));
#3544=CARTESIAN_POINT('',(0.005,0.035,0.0116));
#3545=CARTESIAN_POINT('',(0.005,0.035,0.0166));
#3546=CARTESIAN_POINT('',(8.67361737988404E-19,0.035,0.0166));
#3547=CARTESIAN_POINT('',(-0.005,0.035,0.0166));
#3548=CARTESIAN_POINT('',(-0.005,0.035,0.0141));
#3549=CARTESIAN_POINT('',(-0.005,0.035,0.0116));
#3550=CARTESIAN_POINT('',(0.0025,0.035,0.0116));
#3551=CARTESIAN_POINT('',(-0.0437,-0.033,0.01));
#3552=CARTESIAN_POINT('',(-0.043,-0.033,0.02));
#3553=CARTESIAN_POINT('',(-0.043,-0.033,0.));
#3554=CARTESIAN_POINT('',(0.043,-0.033,0.01));
#3555=CARTESIAN_POINT('',(0.043,-0.033,0.));
#3556=CARTESIAN_POINT('',(-0.0437,-0.033,0.));
#3557=CARTESIAN_POINT('',(-0.0437,-0.033,0.0116));
#3558=CARTESIAN_POINT('',(-0.005,-0.033,0.0116));
#3559=CARTESIAN_POINT('',(0.005,-0.033,0.0116));
#3560=CARTESIAN_POINT('',(0.005,-0.033,0.01));
#3561=CARTESIAN_POINT('',(0.005,-0.033,0.0166));
#3562=CARTESIAN_POINT('',(-0.0437,-0.033,0.0166));
#3563=CARTESIAN_POINT('',(-0.005,-0.033,0.0166));
#3564=CARTESIAN_POINT('',(-0.005,-0.033,0.01));
#3565=CARTESIAN_POINT('',(-0.0444,0.033,0.01));
#3566=CARTESIAN_POINT('',(-0.043,0.033,0.02));
#3567=CARTESIAN_POINT('',(-0.043,0.033,0.));
#3568=CARTESIAN_POINT('',(-0.0444,0.033,0.));
#3569=CARTESIAN_POINT('',(0.043,0.033,0.));
#3570=CARTESIAN_POINT('',(0.043,0.033,0.01));
#3571=CARTESIAN_POINT('',(0.005,0.033,0.01));
#3572=CARTESIAN_POINT('',(0.005,0.033,0.0116));
#3573=CARTESIAN_POINT('',(0.005,0.033,0.0166));
#3574=CARTESIAN_POINT('',(-0.0444,0.033,0.0116));
#3575=CARTESIAN_POINT('',(-0.005,0.033,0.0116));
#3576=CARTESIAN_POINT('',(-0.005,0.033,0.01));
#3577=CARTESIAN_POINT('',(-0.005,0.033,0.0166));
#3578=CARTESIAN_POINT('',(-0.0444,0.033,0.0166));
#3579=CARTESIAN_POINT('',(-0.043,0.0315,0.02));
#3580=CARTESIAN_POINT('',(-0.043,0.028,0.02));
#3581=CARTESIAN_POINT('',(-0.043,0.028,0.));
#3582=CARTESIAN_POINT('',(-0.043,0.0315,0.));
#3583=CARTESIAN_POINT('',(0.0465,0.028,0.02));
#3584=CARTESIAN_POINT('',(0.048,0.028,0.02));
#3585=CARTESIAN_POINT('',(0.048,0.028,0.));
#3586=CARTESIAN_POINT('',(0.043,0.028,0.02));
#3587=CARTESIAN_POINT('',(0.043,0.028,0.));
#3588=CARTESIAN_POINT('',(0.0465,0.028,0.));
#3589=CARTESIAN_POINT('',(-0.0465,-0.028,0.02));
#3590=CARTESIAN_POINT('',(-0.0465,-0.028,0.));
#3591=CARTESIAN_POINT('',(-0.048,-0.028,0.));
#3592=CARTESIAN_POINT('',(-0.043,-0.028,0.));
#3593=CARTESIAN_POINT('',(-0.048,-0.028,0.01));
#3594=CARTESIAN_POINT('',(-0.043,-0.028,0.02));
#3595=CARTESIAN_POINT('',(0.05,0.,0.022));
#3596=CARTESIAN_POINT('',(0.05,0.,0.));
#3597=CARTESIAN_POINT('',(-0.05,0.,0.022));
#3598=CARTESIAN_POINT('',(-0.05,0.,0.));
#3599=CARTESIAN_POINT('',(0.,0.,0.));
#3600=CARTESIAN_POINT('',(0.043,0.0315,0.));
#3601=CARTESIAN_POINT('',(-0.0465,0.028,0.));
#3602=CARTESIAN_POINT('',(-0.048,0.028,0.));
#3603=CARTESIAN_POINT('',(-0.048,0.0285,0.));
#3604=CARTESIAN_POINT('',(-0.043,-0.0315,0.));
#3605=CARTESIAN_POINT('',(0.043,-0.0315,0.));
#3606=CARTESIAN_POINT('',(0.043,-0.028,0.));
#3607=CARTESIAN_POINT('',(0.0465,-0.028,0.));
#3608=CARTESIAN_POINT('',(0.048,-0.028,0.));
#3609=CARTESIAN_POINT('',(0.048,0.0285,0.));
#3610=CARTESIAN_POINT('',(0.046,0.031,0.));
#3611=CARTESIAN_POINT('',(0.043825,0.031,0.));
#3612=CARTESIAN_POINT('',(0.046,-0.031,0.));
#3613=CARTESIAN_POINT('',(0.043825,-0.031,0.));
#3614=CARTESIAN_POINT('',(-0.046,0.031,0.));
#3615=CARTESIAN_POINT('',(-0.048175,0.031,0.));
#3616=CARTESIAN_POINT('',(-0.046,-0.031,0.));
#3617=CARTESIAN_POINT('',(-0.048175,-0.031,0.));
#3618=CARTESIAN_POINT('',(-0.046,-0.031,0.0051));
#3619=CARTESIAN_POINT('',(-0.046,-0.031,0.0051));
#3620=CARTESIAN_POINT('',(-0.048175,-0.031,0.0051));
#3621=CARTESIAN_POINT('',(0.,0.,0.0051));
#3622=CARTESIAN_POINT('',(0.046,-0.031,0.0051));
#3623=CARTESIAN_POINT('',(0.046,-0.031,0.0051));
#3624=CARTESIAN_POINT('',(0.043825,-0.031,0.0051));
#3625=CARTESIAN_POINT('',(0.,0.,0.0051));
#3626=CARTESIAN_POINT('',(0.046,0.031,0.0051));
#3627=CARTESIAN_POINT('',(0.046,0.031,0.0051));
#3628=CARTESIAN_POINT('',(0.043825,0.031,0.0051));
#3629=CARTESIAN_POINT('',(0.,0.,0.0051));
#3630=CARTESIAN_POINT('',(-0.046,0.031,0.0051));
#3631=CARTESIAN_POINT('',(-0.046,0.031,0.0051));
#3632=CARTESIAN_POINT('',(-0.048175,0.031,0.0051));
#3633=CARTESIAN_POINT('',(0.,0.,0.0051));
#3634=CARTESIAN_POINT('',(0.0465,-0.028,0.02));
#3635=CARTESIAN_POINT('',(0.048,-0.028,0.01));
#3636=CARTESIAN_POINT('',(0.043,-0.028,0.02));
#3637=CARTESIAN_POINT('',(0.043,-0.0315,0.02));
#3638=CARTESIAN_POINT('',(-0.043,-0.0315,0.02));
#3639=CARTESIAN_POINT('',(-0.0465,0.028,0.02));
#3640=CARTESIAN_POINT('',(-0.048,0.028,0.02));
#3641=CARTESIAN_POINT('',(0.043,0.0315,0.02));
#3642=CARTESIAN_POINT('',(-0.048,0.0285,0.01));
#3643=CARTESIAN_POINT('',(0.048,0.0285,0.01));
#3644=CARTESIAN_POINT('',(0.045,-3.46944695195361E-18,0.045));
#3645=CARTESIAN_POINT('',(0.045,0.017,0.045));
#3646=CARTESIAN_POINT('',(0.045,-0.017,0.045));
#3647=CARTESIAN_POINT('',(0.03,-0.017,0.045));
#3648=CARTESIAN_POINT('',(0.015,-0.017,0.045));
#3649=CARTESIAN_POINT('',(0.015,-0.0085,0.045));
#3650=CARTESIAN_POINT('',(0.015,0.017,0.045));
#3651=CARTESIAN_POINT('',(0.03,0.017,0.045));
#3652=CARTESIAN_POINT('',(-0.015,0.0085,0.045));
#3653=CARTESIAN_POINT('',(-0.015,0.017,0.045));
#3654=CARTESIAN_POINT('',(-0.015,-0.017,0.045));
#3655=CARTESIAN_POINT('',(-0.03,-0.017,0.045));
#3656=CARTESIAN_POINT('',(-0.045,-0.017,0.045));
#3657=CARTESIAN_POINT('',(-0.045,0.,0.045));
#3658=CARTESIAN_POINT('',(-0.045,0.017,0.045));
#3659=CARTESIAN_POINT('',(-0.03,0.017,0.045));
#3660=CARTESIAN_POINT('',(8.67361737988404E-19,-0.0818,0.0166));
#3661=CARTESIAN_POINT('',(-0.005,-0.0818,0.0166));
#3662=CARTESIAN_POINT('',(0.005,-0.0818,0.0166));
#3663=CARTESIAN_POINT('',(-0.005,-0.0818,0.0141));
#3664=CARTESIAN_POINT('',(-0.005,-0.0818,0.0116));
#3665=CARTESIAN_POINT('',(0.0025,-0.0818,0.0116));
#3666=CARTESIAN_POINT('',(0.005,-0.0818,0.0116));
#3667=CARTESIAN_POINT('',(0.005,-0.0818,0.0141));
#3668=CARTESIAN_POINT('',(0.005,-0.0818,0.0141));
#3669=CARTESIAN_POINT('',(0.005,-0.0818,0.0166));
#3670=CARTESIAN_POINT('',(0.005,-0.0818,0.0116));
#3671=CARTESIAN_POINT('',(0.0025,-0.0818,0.0116));
#3672=CARTESIAN_POINT('',(-0.005,-0.0818,0.0116));
#3673=CARTESIAN_POINT('',(-0.005,-0.0818,0.0141));
#3674=CARTESIAN_POINT('',(-0.005,-0.0818,0.0166));
#3675=CARTESIAN_POINT('',(8.67361737988404E-19,-0.0818,0.0166));
#3676=CARTESIAN_POINT('',(-0.02875,-0.02175,0.045));
#3677=CARTESIAN_POINT('',(-0.0325,-0.02175,0.045));
#3678=CARTESIAN_POINT('',(-0.0275,-0.02175,0.045));
#3679=CARTESIAN_POINT('',(-0.0275,-0.02425,0.045));
#3680=CARTESIAN_POINT('',(-0.0275,-0.02675,0.045));
#3681=CARTESIAN_POINT('',(-0.03,-0.02675,0.045));
#3682=CARTESIAN_POINT('',(-0.0325,-0.02675,0.045));
#3683=CARTESIAN_POINT('',(-0.0325,-0.02425,0.045));
#3684=CARTESIAN_POINT('',(0.03125,-0.02175,0.045));
#3685=CARTESIAN_POINT('',(0.0275,-0.02175,0.045));
#3686=CARTESIAN_POINT('',(0.0325,-0.02175,0.045));
#3687=CARTESIAN_POINT('',(0.0325,-0.02425,0.045));
#3688=CARTESIAN_POINT('',(0.0325,-0.02675,0.045));
#3689=CARTESIAN_POINT('',(0.03,-0.02675,0.045));
#3690=CARTESIAN_POINT('',(0.0275,-0.02675,0.045));
#3691=CARTESIAN_POINT('',(0.0275,-0.02425,0.045));
#3692=CARTESIAN_POINT('',(-0.005,-0.0087,-0.003));
#3693=CARTESIAN_POINT('',(-0.01,-0.0087,-0.003));
#3694=CARTESIAN_POINT('',(0.01,-0.0087,-0.003));
#3695=CARTESIAN_POINT('',(0.01,0.0063,-0.003));
#3696=CARTESIAN_POINT('',(0.01,0.0213,-0.003));
#3697=CARTESIAN_POINT('',(-8.67361737988404E-18,0.0213,-0.003));
#3698=CARTESIAN_POINT('',(-0.01,0.0213,-0.003));
#3699=CARTESIAN_POINT('',(-0.01,0.0063,-0.003));
#3700=CARTESIAN_POINT('',(0.00106179772410542,5.89887640671798E-5,-0.0109999998946447));
#3701=MECHANICAL_DESIGN_GEOMETRIC_PRESENTATION_REPRESENTATION('',(#2310,
#2311),#3702);
#3702=(
GEOMETRIC_REPRESENTATION_CONTEXT(3)
GLOBAL_UNCERTAINTY_ASSIGNED_CONTEXT((#3705))
GLOBAL_UNIT_ASSIGNED_CONTEXT((#3710,#3709,#3708))
REPRESENTATION_CONTEXT('Controller','TOP_LEVEL_ASSEMBLY_PART')
);
#3703=(
GEOMETRIC_REPRESENTATION_CONTEXT(3)
GLOBAL_UNCERTAINTY_ASSIGNED_CONTEXT((#3706))
GLOBAL_UNIT_ASSIGNED_CONTEXT((#3710,#3709,#3708))
REPRESENTATION_CONTEXT('Part 1','COMPONENT_PART')
);
#3704=(
GEOMETRIC_REPRESENTATION_CONTEXT(3)
GLOBAL_UNCERTAINTY_ASSIGNED_CONTEXT((#3707))
GLOBAL_UNIT_ASSIGNED_CONTEXT((#3710,#3709,#3708))
REPRESENTATION_CONTEXT('Part 1','COMPONENT_PART')
);
#3705=UNCERTAINTY_MEASURE_WITH_UNIT(LENGTH_MEASURE(1.E-8),#3710,
'DISTANCE_ACCURACY_VALUE','Maximum Tolerance applied to model');
#3706=UNCERTAINTY_MEASURE_WITH_UNIT(LENGTH_MEASURE(1.E-8),#3710,
'DISTANCE_ACCURACY_VALUE','Maximum Tolerance applied to model');
#3707=UNCERTAINTY_MEASURE_WITH_UNIT(LENGTH_MEASURE(1.E-8),#3710,
'DISTANCE_ACCURACY_VALUE','Maximum Tolerance applied to model');
#3708=(
NAMED_UNIT(*)
SI_UNIT($,.STERADIAN.)
SOLID_ANGLE_UNIT()
);
#3709=(
NAMED_UNIT(*)
PLANE_ANGLE_UNIT()
SI_UNIT($,.RADIAN.)
);
#3710=(
LENGTH_UNIT()
NAMED_UNIT(*)
SI_UNIT($,.METRE.)
);
#3711=PRODUCT_DEFINITION_SHAPE('','',#3716);
#3712=PRODUCT_DEFINITION_SHAPE('','',#3717);
#3713=PRODUCT_DEFINITION_SHAPE(' ','NAUO PRDDFN',#12);
#3714=PRODUCT_DEFINITION_SHAPE('','',#3718);
#3715=PRODUCT_DEFINITION_SHAPE(' ','NAUO PRDDFN',#13);
#3716=PRODUCT_DEFINITION('','',#3722,#3719);
#3717=PRODUCT_DEFINITION('','',#3723,#3720);
#3718=PRODUCT_DEFINITION('','',#3724,#3721);
#3719=PRODUCT_DEFINITION_CONTEXT('',#3738,'design');
#3720=PRODUCT_DEFINITION_CONTEXT('',#3738,'design');
#3721=PRODUCT_DEFINITION_CONTEXT('',#3738,'design');
#3722=PRODUCT_DEFINITION_FORMATION_WITH_SPECIFIED_SOURCE('','',#3728,
 .NOT_KNOWN.);
#3723=PRODUCT_DEFINITION_FORMATION_WITH_SPECIFIED_SOURCE('','',#3729,
 .NOT_KNOWN.);
#3724=PRODUCT_DEFINITION_FORMATION_WITH_SPECIFIED_SOURCE('','',#3730,
 .NOT_KNOWN.);
#3725=PRODUCT_RELATED_PRODUCT_CATEGORY('','',(#3728));
#3726=PRODUCT_RELATED_PRODUCT_CATEGORY('','',(#3729));
#3727=PRODUCT_RELATED_PRODUCT_CATEGORY('','',(#3730));
#3728=PRODUCT('Controller','Controller','Controller',(#3734));
#3729=PRODUCT('Part 1','Part 1','Part 1',(#3735));
#3730=PRODUCT('Part 1','Part 1','Part 1',(#3736));
#3731=PRODUCT_CATEGORY('','');
#3732=PRODUCT_CATEGORY('','');
#3733=PRODUCT_CATEGORY('','');
#3734=PRODUCT_CONTEXT('',#3738,'mechanical');
#3735=PRODUCT_CONTEXT('',#3738,'mechanical');
#3736=PRODUCT_CONTEXT('',#3738,'mechanical');
#3737=APPLICATION_PROTOCOL_DEFINITION('international standard',
'ap242_managed_model_based_3d_engineering',2020,#3738);
#3738=APPLICATION_CONTEXT('managed model based 3d engineering');
ENDSEC;
END-ISO-10303-21;
