ISO-10303-21;
HEADER;
/* Generated by software containing ST-Developer
 * from STEP Tools, Inc. (www.steptools.com) 
 */
/* OPTION: using custom renumber hook */

FILE_DESCRIPTION(
/* description */ ('STEP AP242 Edition 2',
'CAx-IF Rec.Pracs.---Representation and Presentation of Product Manufa
cturing Information (PMI)---4.0---2014-10-13',
'CAx-IF Rec.Pracs.---3D Tessellated Geometry---0.4---2014-09-14','2;1',
'CAx-IF Rec.Pracs.---User Defined Attributes---1.5---2016-08-15'),
/* implementation_level */ '2;1');

FILE_NAME(
/* name */ '6a9666560236ce69a3a58cd1',
/* time_stamp */ '2026-09-01T05:44:55Z',
/* author */ (''),
/* organization */ (''),
/* preprocessor_version */ 'ST-DEVELOPER v20',
/* originating_system */ 'ONSHAPE BY PTC INC, 1.220',
/* authorisation */ '  ');

FILE_SCHEMA (('AP242_MANAGED_MODEL_BASED_3D_ENGINEERING_MIM_LF { 1 0 10303 442 3 1 4 }'));
ENDSEC;

DATA;
#10=SPHERICAL_SURFACE('',#7807,0.0065);
#11=SPHERICAL_SURFACE('',#7810,0.0065);
#12=SPHERICAL_SURFACE('',#7827,0.0065);
#13=SPHERICAL_SURFACE('',#7829,0.0065);
#14=SPHERICAL_SURFACE('',#7831,0.0065);
#15=SPHERICAL_SURFACE('',#7833,0.0065);
#16=SPHERICAL_SURFACE('',#7843,0.0065);
#17=SPHERICAL_SURFACE('',#7845,0.0065);
#18=SPHERICAL_SURFACE('',#7935,0.001);
#19=B_SPLINE_SURFACE_WITH_KNOTS('',3,1,((#10602,#10603),(#10604,#10605),
(#10606,#10607),(#10608,#10609)),.SURF_OF_LINEAR_EXTRUSION.,.F.,.F.,.F.,
(4,4),(2,2),(-2.78022050921529E-16,1.),(0.,1.),.PIECEWISE_BEZIER_KNOTS.);
#20=B_SPLINE_SURFACE_WITH_KNOTS('',3,1,((#10618,#10619),(#10620,#10621),
(#10622,#10623),(#10624,#10625)),.SURF_OF_LINEAR_EXTRUSION.,.F.,.F.,.F.,
(4,4),(2,2),(-2.78022050921529E-16,1.),(0.,1.),.PIECEWISE_BEZIER_KNOTS.);
#21=B_SPLINE_SURFACE_WITH_KNOTS('',3,1,((#10634,#10635),(#10636,#10637),
(#10638,#10639),(#10640,#10641)),.SURF_OF_LINEAR_EXTRUSION.,.F.,.F.,.F.,
(4,4),(2,2),(-2.78022050921529E-16,1.),(0.,1.),.PIECEWISE_BEZIER_KNOTS.);
#22=B_SPLINE_SURFACE_WITH_KNOTS('',3,1,((#10650,#10651),(#10652,#10653),
(#10654,#10655),(#10656,#10657)),.SURF_OF_LINEAR_EXTRUSION.,.F.,.F.,.F.,
(4,4),(2,2),(-2.78022050921529E-16,1.),(0.,1.),.PIECEWISE_BEZIER_KNOTS.);
#23=B_SPLINE_SURFACE_WITH_KNOTS('',1,3,((#10678,#10679,#10680,#10681,#10682,
#10683,#10684,#10685,#10686,#10687),(#10688,#10689,#10690,#10691,#10692,
#10693,#10694,#10695,#10696,#10697)),.RULED_SURF.,.F.,.F.,.F.,(2,2),(4,
2,2,2,4),(0.,1.),(0.,0.00154738709721588,0.00309477419443175,0.00464216129164762,
0.00585000153224482),.UNSPECIFIED.);
#24=B_SPLINE_SURFACE_WITH_KNOTS('',1,3,((#10698,#10699,#10700,#10701,#10702,
#10703,#10704,#10705,#10706,#10707),(#10708,#10709,#10710,#10711,#10712,
#10713,#10714,#10715,#10716,#10717)),.RULED_SURF.,.F.,.F.,.F.,(2,2),(4,
2,2,2,4),(0.,1.),(0.000339515732282427,0.00154738709721588,0.00309477419443175,
0.00464216129164762,0.0061895483888635),.UNSPECIFIED.);
#25=B_SPLINE_SURFACE_WITH_KNOTS('',1,3,((#10723,#10724,#10725,#10726,#10727,
#10728,#10729,#10730,#10731,#10732),(#10733,#10734,#10735,#10736,#10737,
#10738,#10739,#10740,#10741,#10742)),.RULED_SURF.,.F.,.F.,.F.,(2,2),(4,
2,2,2,4),(0.,1.),(0.000339515732282432,0.00154738709721588,0.00309477419443175,
0.00464216129164763,0.0061895483888635),.UNSPECIFIED.);
#26=B_SPLINE_SURFACE_WITH_KNOTS('',1,3,((#10753,#10754,#10755,#10756,#10757,
#10758,#10759,#10760,#10761,#10762),(#10763,#10764,#10765,#10766,#10767,
#10768,#10769,#10770,#10771,#10772)),.RULED_SURF.,.F.,.F.,.F.,(2,2),(4,
2,2,2,4),(0.,1.),(0.,0.00154738709721588,0.00309477419443174,0.00464216129164762,
0.00585000153224482),.UNSPECIFIED.);
#27=B_SPLINE_SURFACE_WITH_KNOTS('',1,3,((#10773,#10774,#10775,#10776,#10777,
#10778,#10779,#10780,#10781,#10782),(#10783,#10784,#10785,#10786,#10787,
#10788,#10789,#10790,#10791,#10792)),.RULED_SURF.,.F.,.F.,.F.,(2,2),(4,
2,2,2,4),(0.,1.),(0.000339515732282428,0.00154738709721588,0.00309477419443175,
0.00464216129164762,0.0061895483888635),.UNSPECIFIED.);
#28=B_SPLINE_SURFACE_WITH_KNOTS('',1,3,((#10803,#10804,#10805,#10806,#10807,
#10808,#10809,#10810,#10811,#10812),(#10813,#10814,#10815,#10816,#10817,
#10818,#10819,#10820,#10821,#10822)),.RULED_SURF.,.F.,.F.,.F.,(2,2),(4,
2,2,2,4),(0.,1.),(0.,0.00154738709721588,0.00309477419443175,0.00464216129164762,
0.00585000153224482),.UNSPECIFIED.);
#29=B_SPLINE_SURFACE_WITH_KNOTS('',1,3,((#10828,#10829,#10830,#10831,#10832,
#10833,#10834,#10835,#10836,#10837),(#10838,#10839,#10840,#10841,#10842,
#10843,#10844,#10845,#10846,#10847)),.RULED_SURF.,.F.,.F.,.F.,(2,2),(4,
2,2,2,4),(0.,1.),(0.,0.00154738709721588,0.00309477419443175,0.00464216129164763,
0.00585000153224483),.UNSPECIFIED.);
#30=B_SPLINE_SURFACE_WITH_KNOTS('',1,3,((#10848,#10849,#10850,#10851,#10852,
#10853,#10854,#10855,#10856,#10857),(#10858,#10859,#10860,#10861,#10862,
#10863,#10864,#10865,#10866,#10867)),.RULED_SURF.,.F.,.F.,.F.,(2,2),(4,
2,2,2,4),(0.,1.),(0.000339515732282429,0.00154738709721588,0.00309477419443175,
0.00464216129164763,0.0061895483888635),.UNSPECIFIED.);
#31=B_SPLINE_CURVE_WITH_KNOTS('',3,(#10251,#10252,#10253,#10254),
 .UNSPECIFIED.,.F.,.F.,(4,4),(0.5,1.),.UNSPECIFIED.);
#32=B_SPLINE_CURVE_WITH_KNOTS('',3,(#10258,#10259,#10260,#10261),
 .UNSPECIFIED.,.F.,.F.,(4,4),(0.,0.5),.UNSPECIFIED.);
#33=B_SPLINE_CURVE_WITH_KNOTS('',3,(#10265,#10266,#10267,#10268),
 .UNSPECIFIED.,.F.,.F.,(4,4),(0.5,1.),.UNSPECIFIED.);
#34=B_SPLINE_CURVE_WITH_KNOTS('',3,(#10272,#10273,#10274,#10275),
 .UNSPECIFIED.,.F.,.F.,(4,4),(0.,0.5),.UNSPECIFIED.);
#35=B_SPLINE_CURVE_WITH_KNOTS('',3,(#10279,#10280,#10281,#10282),
 .UNSPECIFIED.,.F.,.F.,(4,4),(0.5,1.),.UNSPECIFIED.);
#36=B_SPLINE_CURVE_WITH_KNOTS('',3,(#10286,#10287,#10288,#10289),
 .UNSPECIFIED.,.F.,.F.,(4,4),(0.,0.499999999999978),.UNSPECIFIED.);
#37=B_SPLINE_CURVE_WITH_KNOTS('',3,(#10291,#10292,#10293,#10294,#10295,
#10296,#10297),.UNSPECIFIED.,.F.,.F.,(4,1,1,1,4),(0.,0.25,0.5,0.75,1.),
 .UNSPECIFIED.);
#38=B_SPLINE_CURVE_WITH_KNOTS('',3,(#10306,#10307,#10308,#10309),
 .UNSPECIFIED.,.F.,.F.,(4,4),(0.,1.),.UNSPECIFIED.);
#39=B_SPLINE_CURVE_WITH_KNOTS('',3,(#10311,#10312,#10313,#10314),
 .UNSPECIFIED.,.F.,.F.,(4,4),(0.,1.),.UNSPECIFIED.);
#40=B_SPLINE_CURVE_WITH_KNOTS('',3,(#10316,#10317,#10318,#10319),
 .UNSPECIFIED.,.F.,.F.,(4,4),(0.,0.00142543775007912),.UNSPECIFIED.);
#41=B_SPLINE_CURVE_WITH_KNOTS('',3,(#10324,#10325,#10326,#10327),
 .UNSPECIFIED.,.F.,.F.,(4,4),(7.00380408838384E-9,0.00142411130872896),
 .UNSPECIFIED.);
#42=B_SPLINE_CURVE_WITH_KNOTS('',3,(#10329,#10330,#10331,#10332),
 .UNSPECIFIED.,.F.,.F.,(4,4),(0.,1.),.UNSPECIFIED.);
#43=B_SPLINE_CURVE_WITH_KNOTS('',3,(#10334,#10335,#10336,#10337),
 .UNSPECIFIED.,.F.,.F.,(4,4),(0.,1.),.UNSPECIFIED.);
#44=B_SPLINE_CURVE_WITH_KNOTS('',3,(#10342,#10343,#10344,#10345,#10346,
#10347,#10348),.UNSPECIFIED.,.F.,.F.,(4,1,1,1,4),(0.,0.25,0.5,0.75,1.),
 .UNSPECIFIED.);
#45=B_SPLINE_CURVE_WITH_KNOTS('',3,(#10351,#10352,#10353,#10354),
 .UNSPECIFIED.,.F.,.F.,(4,4),(0.333333333333333,0.666666666666666),
 .UNSPECIFIED.);
#46=B_SPLINE_CURVE_WITH_KNOTS('',3,(#10363,#10364,#10365,#10366,#10367,
#10368,#10369),.UNSPECIFIED.,.F.,.F.,(4,1,1,1,4),(0.,0.25,0.5,0.75,1.),
 .UNSPECIFIED.);
#47=B_SPLINE_CURVE_WITH_KNOTS('',3,(#10381,#10382,#10383,#10384),
 .UNSPECIFIED.,.F.,.F.,(4,4),(7.00380413861779E-9,0.001424111308729),
 .UNSPECIFIED.);
#48=B_SPLINE_CURVE_WITH_KNOTS('',3,(#10386,#10387,#10388,#10389),
 .UNSPECIFIED.,.F.,.F.,(4,4),(0.,1.),.UNSPECIFIED.);
#49=B_SPLINE_CURVE_WITH_KNOTS('',3,(#10391,#10392,#10393,#10394),
 .UNSPECIFIED.,.F.,.F.,(4,4),(0.,1.),.UNSPECIFIED.);
#50=B_SPLINE_CURVE_WITH_KNOTS('',3,(#10395,#10396,#10397,#10398),
 .UNSPECIFIED.,.F.,.F.,(4,4),(0.,1.),.UNSPECIFIED.);
#51=B_SPLINE_CURVE_WITH_KNOTS('',3,(#10400,#10401,#10402,#10403),
 .UNSPECIFIED.,.F.,.F.,(4,4),(0.,1.),.UNSPECIFIED.);
#52=B_SPLINE_CURVE_WITH_KNOTS('',3,(#10405,#10406,#10407,#10408),
 .UNSPECIFIED.,.F.,.F.,(4,4),(0.,0.00142543775007912),.UNSPECIFIED.);
#53=B_SPLINE_CURVE_WITH_KNOTS('',3,(#10414,#10415,#10416,#10417,#10418,
#10419,#10420),.UNSPECIFIED.,.F.,.F.,(4,1,1,1,4),(0.,0.25,0.5,0.75,1.),
 .UNSPECIFIED.);
#54=B_SPLINE_CURVE_WITH_KNOTS('',3,(#10428,#10429,#10430,#10431),
 .UNSPECIFIED.,.F.,.F.,(4,4),(0.333333333333333,0.666666666666667),
 .UNSPECIFIED.);
#55=B_SPLINE_CURVE_WITH_KNOTS('',3,(#10435,#10436,#10437,#10438,#10439,
#10440,#10441),.UNSPECIFIED.,.F.,.F.,(4,1,1,1,4),(0.,0.25,0.5,0.75,1.),
 .UNSPECIFIED.);
#56=B_SPLINE_CURVE_WITH_KNOTS('',3,(#10450,#10451,#10452,#10453),
 .UNSPECIFIED.,.F.,.F.,(4,4),(0.,1.),.UNSPECIFIED.);
#57=B_SPLINE_CURVE_WITH_KNOTS('',3,(#10455,#10456,#10457,#10458),
 .UNSPECIFIED.,.F.,.F.,(4,4),(0.,1.),.UNSPECIFIED.);
#58=B_SPLINE_CURVE_WITH_KNOTS('',3,(#10460,#10461,#10462,#10463),
 .UNSPECIFIED.,.F.,.F.,(4,4),(0.,0.00142543775007912),.UNSPECIFIED.);
#59=B_SPLINE_CURVE_WITH_KNOTS('',3,(#10468,#10469,#10470,#10471),
 .UNSPECIFIED.,.F.,.F.,(4,4),(7.00380412765021E-9,0.00142411130872896),
 .UNSPECIFIED.);
#60=B_SPLINE_CURVE_WITH_KNOTS('',3,(#10473,#10474,#10475,#10476),
 .UNSPECIFIED.,.F.,.F.,(4,4),(0.,1.),.UNSPECIFIED.);
#61=B_SPLINE_CURVE_WITH_KNOTS('',3,(#10478,#10479,#10480,#10481),
 .UNSPECIFIED.,.F.,.F.,(4,4),(0.,1.),.UNSPECIFIED.);
#62=B_SPLINE_CURVE_WITH_KNOTS('',3,(#10486,#10487,#10488,#10489,#10490,
#10491,#10492),.UNSPECIFIED.,.F.,.F.,(4,1,1,1,4),(0.,0.25,0.5,0.75,1.),
 .UNSPECIFIED.);
#63=B_SPLINE_CURVE_WITH_KNOTS('',3,(#10500,#10501,#10502,#10503),
 .UNSPECIFIED.,.F.,.F.,(4,4),(0.333333333333333,0.666666666666666),
 .UNSPECIFIED.);
#64=B_SPLINE_CURVE_WITH_KNOTS('',3,(#10507,#10508,#10509,#10510,#10511,
#10512,#10513),.UNSPECIFIED.,.F.,.F.,(4,1,1,1,4),(0.,0.25,0.5,0.75,1.),
 .UNSPECIFIED.);
#65=B_SPLINE_CURVE_WITH_KNOTS('',3,(#10525,#10526,#10527,#10528),
 .UNSPECIFIED.,.F.,.F.,(4,4),(7.00380408951173E-9,0.00142411130872896),
 .UNSPECIFIED.);
#66=B_SPLINE_CURVE_WITH_KNOTS('',3,(#10530,#10531,#10532,#10533),
 .UNSPECIFIED.,.F.,.F.,(4,4),(0.,1.),.UNSPECIFIED.);
#67=B_SPLINE_CURVE_WITH_KNOTS('',3,(#10535,#10536,#10537,#10538),
 .UNSPECIFIED.,.F.,.F.,(4,4),(0.,1.),.UNSPECIFIED.);
#68=B_SPLINE_CURVE_WITH_KNOTS('',3,(#10542,#10543,#10544,#10545),
 .UNSPECIFIED.,.F.,.F.,(4,4),(0.,1.),.UNSPECIFIED.);
#69=B_SPLINE_CURVE_WITH_KNOTS('',3,(#10547,#10548,#10549,#10550),
 .UNSPECIFIED.,.F.,.F.,(4,4),(0.,1.),.UNSPECIFIED.);
#70=B_SPLINE_CURVE_WITH_KNOTS('',3,(#10552,#10553,#10554,#10555),
 .UNSPECIFIED.,.F.,.F.,(4,4),(0.,0.00142543775007912),.UNSPECIFIED.);
#71=B_SPLINE_CURVE_WITH_KNOTS('',3,(#10561,#10562,#10563,#10564,#10565,
#10566,#10567),.UNSPECIFIED.,.F.,.F.,(4,1,1,1,4),(0.,0.25,0.5,0.75,1.),
 .UNSPECIFIED.);
#72=B_SPLINE_CURVE_WITH_KNOTS('',3,(#10570,#10571,#10572,#10573),
 .UNSPECIFIED.,.F.,.F.,(4,4),(0.333333333333333,0.666666666666667),
 .UNSPECIFIED.);
#73=B_SPLINE_CURVE_WITH_KNOTS('',3,(#10583,#10584,#10585,#10586),
 .UNSPECIFIED.,.F.,.F.,(4,4),(0.499999999999978,1.),.UNSPECIFIED.);
#74=B_SPLINE_CURVE_WITH_KNOTS('',3,(#10587,#10588,#10589,#10590),
 .UNSPECIFIED.,.F.,.F.,(4,4),(0.,0.5),.UNSPECIFIED.);
#75=B_SPLINE_CURVE_WITH_KNOTS('',3,(#10610,#10611,#10612,#10613),
 .UNSPECIFIED.,.F.,.F.,(4,4),(2.12656540921253E-8,1.),.UNSPECIFIED.);
#76=B_SPLINE_CURVE_WITH_KNOTS('',3,(#10614,#10615,#10616,#10617),
 .UNSPECIFIED.,.F.,.F.,(4,4),(0.,0.999999978749033),.UNSPECIFIED.);
#77=B_SPLINE_CURVE_WITH_KNOTS('',3,(#10626,#10627,#10628,#10629),
 .UNSPECIFIED.,.F.,.F.,(4,4),(0.,0.999999978749033),.UNSPECIFIED.);
#78=B_SPLINE_CURVE_WITH_KNOTS('',3,(#10630,#10631,#10632,#10633),
 .UNSPECIFIED.,.F.,.F.,(4,4),(2.12656540921253E-8,1.),.UNSPECIFIED.);
#79=B_SPLINE_CURVE_WITH_KNOTS('',3,(#10642,#10643,#10644,#10645),
 .UNSPECIFIED.,.F.,.F.,(4,4),(0.,0.999999978749033),.UNSPECIFIED.);
#80=B_SPLINE_CURVE_WITH_KNOTS('',3,(#10646,#10647,#10648,#10649),
 .UNSPECIFIED.,.F.,.F.,(4,4),(2.12656539376302E-8,1.),.UNSPECIFIED.);
#81=B_SPLINE_CURVE_WITH_KNOTS('',3,(#10658,#10659,#10660,#10661),
 .UNSPECIFIED.,.F.,.F.,(4,4),(2.12656539376302E-8,1.),.UNSPECIFIED.);
#82=B_SPLINE_CURVE_WITH_KNOTS('',3,(#10662,#10663,#10664,#10665),
 .UNSPECIFIED.,.F.,.F.,(4,4),(0.,0.999999978749033),.UNSPECIFIED.);
#83=B_SPLINE_CURVE_WITH_KNOTS('',3,(#10674,#10675,#10676,#10677),
 .UNSPECIFIED.,.F.,.F.,(4,4),(0.,1.),.UNSPECIFIED.);
#84=B_SPLINE_CURVE_WITH_KNOTS('',3,(#10718,#10719,#10720,#10721),
 .UNSPECIFIED.,.F.,.F.,(4,4),(0.,1.),.UNSPECIFIED.);
#85=B_SPLINE_CURVE_WITH_KNOTS('',3,(#10743,#10744,#10745,#10746),
 .UNSPECIFIED.,.F.,.F.,(4,4),(0.,1.),.UNSPECIFIED.);
#86=B_SPLINE_CURVE_WITH_KNOTS('',3,(#10749,#10750,#10751,#10752),
 .UNSPECIFIED.,.F.,.F.,(4,4),(0.,1.),.UNSPECIFIED.);
#87=B_SPLINE_CURVE_WITH_KNOTS('',3,(#10793,#10794,#10795,#10796),
 .UNSPECIFIED.,.F.,.F.,(4,4),(0.,1.),.UNSPECIFIED.);
#88=B_SPLINE_CURVE_WITH_KNOTS('',3,(#10799,#10800,#10801,#10802),
 .UNSPECIFIED.,.F.,.F.,(4,4),(0.,1.),.UNSPECIFIED.);
#89=B_SPLINE_CURVE_WITH_KNOTS('',3,(#10824,#10825,#10826,#10827),
 .UNSPECIFIED.,.F.,.F.,(4,4),(0.,1.),.UNSPECIFIED.);
#90=B_SPLINE_CURVE_WITH_KNOTS('',3,(#10868,#10869,#10870,#10871),
 .UNSPECIFIED.,.F.,.F.,(4,4),(0.,1.),.UNSPECIFIED.);
#91=TOROIDAL_SURFACE('',#7280,0.00795,0.004);
#92=TOROIDAL_SURFACE('',#7936,0.0015,0.001);
#93=LINE('',#10004,#582);
#94=LINE('',#10007,#583);
#95=LINE('',#10009,#584);
#96=LINE('',#10011,#585);
#97=LINE('',#10013,#586);
#98=LINE('',#10015,#587);
#99=LINE('',#10017,#588);
#100=LINE('',#10019,#589);
#101=LINE('',#10021,#590);
#102=LINE('',#10023,#591);
#103=LINE('',#10025,#592);
#104=LINE('',#10027,#593);
#105=LINE('',#10029,#594);
#106=LINE('',#10031,#595);
#107=LINE('',#10033,#596);
#108=LINE('',#10035,#597);
#109=LINE('',#10042,#598);
#110=LINE('',#10043,#599);
#111=LINE('',#10102,#600);
#112=LINE('',#10105,#601);
#113=LINE('',#10107,#602);
#114=LINE('',#10111,#603);
#115=LINE('',#10113,#604);
#116=LINE('',#10115,#605);
#117=LINE('',#10117,#606);
#118=LINE('',#10120,#607);
#119=LINE('',#10121,#608);
#120=LINE('',#10123,#609);
#121=LINE('',#10125,#610);
#122=LINE('',#10127,#611);
#123=LINE('',#10129,#612);
#124=LINE('',#10131,#613);
#125=LINE('',#10135,#614);
#126=LINE('',#10137,#615);
#127=LINE('',#10139,#616);
#128=LINE('',#10142,#617);
#129=LINE('',#10144,#618);
#130=LINE('',#10145,#619);
#131=LINE('',#10147,#620);
#132=LINE('',#10148,#621);
#133=LINE('',#10155,#622);
#134=LINE('',#10157,#623);
#135=LINE('',#10159,#624);
#136=LINE('',#10300,#625);
#137=LINE('',#10302,#626);
#138=LINE('',#10304,#627);
#139=LINE('',#10322,#628);
#140=LINE('',#10339,#629);
#141=LINE('',#10349,#630);
#142=LINE('',#10357,#631);
#143=LINE('',#10359,#632);
#144=LINE('',#10361,#633);
#145=LINE('',#10372,#634);
#146=LINE('',#10374,#635);
#147=LINE('',#10376,#636);
#148=LINE('',#10378,#637);
#149=LINE('',#10411,#638);
#150=LINE('',#10421,#639);
#151=LINE('',#10423,#640);
#152=LINE('',#10426,#641);
#153=LINE('',#10433,#642);
#154=LINE('',#10444,#643);
#155=LINE('',#10446,#644);
#156=LINE('',#10448,#645);
#157=LINE('',#10466,#646);
#158=LINE('',#10483,#647);
#159=LINE('',#10493,#648);
#160=LINE('',#10495,#649);
#161=LINE('',#10498,#650);
#162=LINE('',#10505,#651);
#163=LINE('',#10516,#652);
#164=LINE('',#10518,#653);
#165=LINE('',#10520,#654);
#166=LINE('',#10522,#655);
#167=LINE('',#10558,#656);
#168=LINE('',#10568,#657);
#169=LINE('',#10576,#658);
#170=LINE('',#10578,#659);
#171=LINE('',#10580,#660);
#172=LINE('',#10594,#661);
#173=LINE('',#10595,#662);
#174=LINE('',#10596,#663);
#175=LINE('',#10597,#664);
#176=LINE('',#10598,#665);
#177=LINE('',#10599,#666);
#178=LINE('',#10600,#667);
#179=LINE('',#10601,#668);
#180=LINE('',#10875,#669);
#181=LINE('',#10878,#670);
#182=LINE('',#10880,#671);
#183=LINE('',#10882,#672);
#184=LINE('',#10884,#673);
#185=LINE('',#10886,#674);
#186=LINE('',#10888,#675);
#187=LINE('',#10890,#676);
#188=LINE('',#10892,#677);
#189=LINE('',#10894,#678);
#190=LINE('',#10896,#679);
#191=LINE('',#10897,#680);
#192=LINE('',#10929,#681);
#193=LINE('',#10932,#682);
#194=LINE('',#10934,#683);
#195=LINE('',#10936,#684);
#196=LINE('',#10938,#685);
#197=LINE('',#10940,#686);
#198=LINE('',#10942,#687);
#199=LINE('',#10944,#688);
#200=LINE('',#10946,#689);
#201=LINE('',#10948,#690);
#202=LINE('',#10950,#691);
#203=LINE('',#10951,#692);
#204=LINE('',#11011,#693);
#205=LINE('',#11014,#694);
#206=LINE('',#11016,#695);
#207=LINE('',#11018,#696);
#208=LINE('',#11020,#697);
#209=LINE('',#11022,#698);
#210=LINE('',#11024,#699);
#211=LINE('',#11026,#700);
#212=LINE('',#11028,#701);
#213=LINE('',#11040,#702);
#214=LINE('',#11042,#703);
#215=LINE('',#11044,#704);
#216=LINE('',#11046,#705);
#217=LINE('',#11050,#706);
#218=LINE('',#11052,#707);
#219=LINE('',#11054,#708);
#220=LINE('',#11056,#709);
#221=LINE('',#11057,#710);
#222=LINE('',#11059,#711);
#223=LINE('',#11061,#712);
#224=LINE('',#11065,#713);
#225=LINE('',#11067,#714);
#226=LINE('',#11074,#715);
#227=LINE('',#11076,#716);
#228=LINE('',#11078,#717);
#229=LINE('',#11127,#718);
#230=LINE('',#11130,#719);
#231=LINE('',#11132,#720);
#232=LINE('',#11134,#721);
#233=LINE('',#11136,#722);
#234=LINE('',#11138,#723);
#235=LINE('',#11140,#724);
#236=LINE('',#11142,#725);
#237=LINE('',#11144,#726);
#238=LINE('',#11146,#727);
#239=LINE('',#11148,#728);
#240=LINE('',#11150,#729);
#241=LINE('',#11152,#730);
#242=LINE('',#11154,#731);
#243=LINE('',#11156,#732);
#244=LINE('',#11158,#733);
#245=LINE('',#11165,#734);
#246=LINE('',#11166,#735);
#247=LINE('',#11177,#736);
#248=LINE('',#11180,#737);
#249=LINE('',#11182,#738);
#250=LINE('',#11184,#739);
#251=LINE('',#11186,#740);
#252=LINE('',#11188,#741);
#253=LINE('',#11250,#742);
#254=LINE('',#11253,#743);
#255=LINE('',#11255,#744);
#256=LINE('',#11257,#745);
#257=LINE('',#11259,#746);
#258=LINE('',#11262,#747);
#259=LINE('',#11264,#748);
#260=LINE('',#11266,#749);
#261=LINE('',#11279,#750);
#262=LINE('',#11282,#751);
#263=LINE('',#11284,#752);
#264=LINE('',#11286,#753);
#265=LINE('',#11287,#754);
#266=LINE('',#11290,#755);
#267=LINE('',#11292,#756);
#268=LINE('',#11294,#757);
#269=LINE('',#11295,#758);
#270=LINE('',#11298,#759);
#271=LINE('',#11300,#760);
#272=LINE('',#11302,#761);
#273=LINE('',#11303,#762);
#274=LINE('',#11306,#763);
#275=LINE('',#11308,#764);
#276=LINE('',#11310,#765);
#277=LINE('',#11311,#766);
#278=LINE('',#11314,#767);
#279=LINE('',#11316,#768);
#280=LINE('',#11318,#769);
#281=LINE('',#11319,#770);
#282=LINE('',#11322,#771);
#283=LINE('',#11324,#772);
#284=LINE('',#11326,#773);
#285=LINE('',#11327,#774);
#286=LINE('',#11330,#775);
#287=LINE('',#11331,#776);
#288=LINE('',#11333,#777);
#289=LINE('',#11335,#778);
#290=LINE('',#11337,#779);
#291=LINE('',#11339,#780);
#292=LINE('',#11341,#781);
#293=LINE('',#11343,#782);
#294=LINE('',#11345,#783);
#295=LINE('',#11347,#784);
#296=LINE('',#11349,#785);
#297=LINE('',#11351,#786);
#298=LINE('',#11353,#787);
#299=LINE('',#11355,#788);
#300=LINE('',#11357,#789);
#301=LINE('',#11359,#790);
#302=LINE('',#11361,#791);
#303=LINE('',#11363,#792);
#304=LINE('',#11365,#793);
#305=LINE('',#11367,#794);
#306=LINE('',#11389,#795);
#307=LINE('',#11392,#796);
#308=LINE('',#11394,#797);
#309=LINE('',#11396,#798);
#310=LINE('',#11397,#799);
#311=LINE('',#11400,#800);
#312=LINE('',#11402,#801);
#313=LINE('',#11404,#802);
#314=LINE('',#11405,#803);
#315=LINE('',#11407,#804);
#316=LINE('',#11409,#805);
#317=LINE('',#11411,#806);
#318=LINE('',#11413,#807);
#319=LINE('',#11415,#808);
#320=LINE('',#11417,#809);
#321=LINE('',#11419,#810);
#322=LINE('',#11421,#811);
#323=LINE('',#11423,#812);
#324=LINE('',#11425,#813);
#325=LINE('',#11427,#814);
#326=LINE('',#11429,#815);
#327=LINE('',#11431,#816);
#328=LINE('',#11433,#817);
#329=LINE('',#11435,#818);
#330=LINE('',#11437,#819);
#331=LINE('',#11439,#820);
#332=LINE('',#11441,#821);
#333=LINE('',#11443,#822);
#334=LINE('',#11445,#823);
#335=LINE('',#11447,#824);
#336=LINE('',#11448,#825);
#337=LINE('',#11450,#826);
#338=LINE('',#11451,#827);
#339=LINE('',#11453,#828);
#340=LINE('',#11454,#829);
#341=LINE('',#11456,#830);
#342=LINE('',#11458,#831);
#343=LINE('',#11460,#832);
#344=LINE('',#11462,#833);
#345=LINE('',#11464,#834);
#346=LINE('',#11466,#835);
#347=LINE('',#11468,#836);
#348=LINE('',#11471,#837);
#349=LINE('',#11473,#838);
#350=LINE('',#11475,#839);
#351=LINE('',#11477,#840);
#352=LINE('',#11479,#841);
#353=LINE('',#11481,#842);
#354=LINE('',#11484,#843);
#355=LINE('',#11485,#844);
#356=LINE('',#11486,#845);
#357=LINE('',#11488,#846);
#358=LINE('',#11490,#847);
#359=LINE('',#11492,#848);
#360=LINE('',#11493,#849);
#361=LINE('',#11495,#850);
#362=LINE('',#11497,#851);
#363=LINE('',#11499,#852);
#364=LINE('',#11501,#853);
#365=LINE('',#11503,#854);
#366=LINE('',#11504,#855);
#367=LINE('',#11506,#856);
#368=LINE('',#11508,#857);
#369=LINE('',#11510,#858);
#370=LINE('',#11512,#859);
#371=LINE('',#11514,#860);
#372=LINE('',#11516,#861);
#373=LINE('',#11518,#862);
#374=LINE('',#11519,#863);
#375=LINE('',#11521,#864);
#376=LINE('',#11523,#865);
#377=LINE('',#11526,#866);
#378=LINE('',#11527,#867);
#379=LINE('',#11529,#868);
#380=LINE('',#11531,#869);
#381=LINE('',#11532,#870);
#382=LINE('',#11534,#871);
#383=LINE('',#11535,#872);
#384=LINE('',#11537,#873);
#385=LINE('',#11539,#874);
#386=LINE('',#11541,#875);
#387=LINE('',#11544,#876);
#388=LINE('',#11547,#877);
#389=LINE('',#11548,#878);
#390=LINE('',#11550,#879);
#391=LINE('',#11552,#880);
#392=LINE('',#11555,#881);
#393=LINE('',#11556,#882);
#394=LINE('',#11558,#883);
#395=LINE('',#11561,#884);
#396=LINE('',#11562,#885);
#397=LINE('',#11564,#886);
#398=LINE('',#11566,#887);
#399=LINE('',#11568,#888);
#400=LINE('',#11570,#889);
#401=LINE('',#11572,#890);
#402=LINE('',#11574,#891);
#403=LINE('',#11576,#892);
#404=LINE('',#11579,#893);
#405=LINE('',#11581,#894);
#406=LINE('',#11583,#895);
#407=LINE('',#11586,#896);
#408=LINE('',#11588,#897);
#409=LINE('',#11590,#898);
#410=LINE('',#11593,#899);
#411=LINE('',#11595,#900);
#412=LINE('',#11597,#901);
#413=LINE('',#11600,#902);
#414=LINE('',#11601,#903);
#415=LINE('',#11603,#904);
#416=LINE('',#11605,#905);
#417=LINE('',#11607,#906);
#418=LINE('',#11608,#907);
#419=LINE('',#11610,#908);
#420=LINE('',#11612,#909);
#421=LINE('',#11618,#910);
#422=LINE('',#11619,#911);
#423=LINE('',#11621,#912);
#424=LINE('',#11623,#913);
#425=LINE('',#11625,#914);
#426=LINE('',#11630,#915);
#427=LINE('',#11632,#916);
#428=LINE('',#11633,#917);
#429=LINE('',#11635,#918);
#430=LINE('',#11639,#919);
#431=LINE('',#11672,#920);
#432=LINE('',#11674,#921);
#433=LINE('',#11676,#922);
#434=LINE('',#11678,#923);
#435=LINE('',#11680,#924);
#436=LINE('',#11682,#925);
#437=LINE('',#11684,#926);
#438=LINE('',#11686,#927);
#439=LINE('',#11689,#928);
#440=LINE('',#11691,#929);
#441=LINE('',#11693,#930);
#442=LINE('',#11703,#931);
#443=LINE('',#11706,#932);
#444=LINE('',#11708,#933);
#445=LINE('',#11710,#934);
#446=LINE('',#11712,#935);
#447=LINE('',#11714,#936);
#448=LINE('',#11716,#937);
#449=LINE('',#11718,#938);
#450=LINE('',#11720,#939);
#451=LINE('',#11723,#940);
#452=LINE('',#11726,#941);
#453=LINE('',#11728,#942);
#454=LINE('',#11730,#943);
#455=LINE('',#11734,#944);
#456=LINE('',#11736,#945);
#457=LINE('',#11738,#946);
#458=LINE('',#11740,#947);
#459=LINE('',#11742,#948);
#460=LINE('',#11744,#949);
#461=LINE('',#11746,#950);
#462=LINE('',#11750,#951);
#463=LINE('',#11752,#952);
#464=LINE('',#11754,#953);
#465=LINE('',#11758,#954);
#466=LINE('',#11759,#955);
#467=LINE('',#11761,#956);
#468=LINE('',#11763,#957);
#469=LINE('',#11765,#958);
#470=LINE('',#11767,#959);
#471=LINE('',#11769,#960);
#472=LINE('',#11777,#961);
#473=LINE('',#11780,#962);
#474=LINE('',#11782,#963);
#475=LINE('',#11784,#964);
#476=LINE('',#11785,#965);
#477=LINE('',#11788,#966);
#478=LINE('',#11790,#967);
#479=LINE('',#11792,#968);
#480=LINE('',#11832,#969);
#481=LINE('',#11834,#970);
#482=LINE('',#11835,#971);
#483=LINE('',#11836,#972);
#484=LINE('',#11838,#973);
#485=LINE('',#11840,#974);
#486=LINE('',#11843,#975);
#487=LINE('',#11847,#976);
#488=LINE('',#11850,#977);
#489=LINE('',#11852,#978);
#490=LINE('',#11854,#979);
#491=LINE('',#11855,#980);
#492=LINE('',#11856,#981);
#493=LINE('',#11858,#982);
#494=LINE('',#11891,#983);
#495=LINE('',#11896,#984);
#496=LINE('',#11902,#985);
#497=LINE('',#11906,#986);
#498=LINE('',#11907,#987);
#499=LINE('',#11912,#988);
#500=LINE('',#11925,#989);
#501=LINE('',#11929,#990);
#502=LINE('',#11934,#991);
#503=LINE('',#11938,#992);
#504=LINE('',#11940,#993);
#505=LINE('',#11943,#994);
#506=LINE('',#11945,#995);
#507=LINE('',#11947,#996);
#508=LINE('',#11962,#997);
#509=LINE('',#11966,#998);
#510=LINE('',#11968,#999);
#511=LINE('',#11971,#1000);
#512=LINE('',#11973,#1001);
#513=LINE('',#11975,#1002);
#514=LINE('',#11980,#1003);
#515=LINE('',#11984,#1004);
#516=LINE('',#11999,#1005);
#517=LINE('',#12003,#1006);
#518=LINE('',#12005,#1007);
#519=LINE('',#12008,#1008);
#520=LINE('',#12010,#1009);
#521=LINE('',#12012,#1010);
#522=LINE('',#12017,#1011);
#523=LINE('',#12021,#1012);
#524=LINE('',#12050,#1013);
#525=LINE('',#12053,#1014);
#526=LINE('',#12055,#1015);
#527=LINE('',#12057,#1016);
#528=LINE('',#12059,#1017);
#529=LINE('',#12062,#1018);
#530=LINE('',#12064,#1019);
#531=LINE('',#12066,#1020);
#532=LINE('',#12068,#1021);
#533=LINE('',#12071,#1022);
#534=LINE('',#12073,#1023);
#535=LINE('',#12075,#1024);
#536=LINE('',#12077,#1025);
#537=LINE('',#12080,#1026);
#538=LINE('',#12082,#1027);
#539=LINE('',#12084,#1028);
#540=LINE('',#12086,#1029);
#541=LINE('',#12089,#1030);
#542=LINE('',#12091,#1031);
#543=LINE('',#12093,#1032);
#544=LINE('',#12095,#1033);
#545=LINE('',#12098,#1034);
#546=LINE('',#12100,#1035);
#547=LINE('',#12102,#1036);
#548=LINE('',#12199,#1037);
#549=LINE('',#12202,#1038);
#550=LINE('',#12204,#1039);
#551=LINE('',#12206,#1040);
#552=LINE('',#12208,#1041);
#553=LINE('',#12210,#1042);
#554=LINE('',#12212,#1043);
#555=LINE('',#12214,#1044);
#556=LINE('',#12216,#1045);
#557=LINE('',#12218,#1046);
#558=LINE('',#12220,#1047);
#559=LINE('',#12221,#1048);
#560=LINE('',#12247,#1049);
#561=LINE('',#12250,#1050);
#562=LINE('',#12252,#1051);
#563=LINE('',#12254,#1052);
#564=LINE('',#12256,#1053);
#565=LINE('',#12258,#1054);
#566=LINE('',#12260,#1055);
#567=LINE('',#12262,#1056);
#568=LINE('',#12264,#1057);
#569=LINE('',#12266,#1058);
#570=LINE('',#12268,#1059);
#571=LINE('',#12270,#1060);
#572=LINE('',#12272,#1061);
#573=LINE('',#12274,#1062);
#574=LINE('',#12276,#1063);
#575=LINE('',#12278,#1064);
#576=LINE('',#12279,#1065);
#577=LINE('',#12283,#1066);
#578=LINE('',#12285,#1067);
#579=LINE('',#12297,#1068);
#580=LINE('',#12299,#1069);
#581=LINE('',#12301,#1070);
#582=VECTOR('',#7974,1.);
#583=VECTOR('',#7975,1.);
#584=VECTOR('',#7976,1.);
#585=VECTOR('',#7977,1.);
#586=VECTOR('',#7980,1.);
#587=VECTOR('',#7981,1.);
#588=VECTOR('',#7982,1.);
#589=VECTOR('',#7985,1.);
#590=VECTOR('',#7986,1.);
#591=VECTOR('',#7987,1.);
#592=VECTOR('',#7990,1.);
#593=VECTOR('',#7991,1.);
#594=VECTOR('',#7992,1.);
#595=VECTOR('',#7995,1.);
#596=VECTOR('',#7996,1.);
#597=VECTOR('',#7997,1.);
#598=VECTOR('',#8006,1.);
#599=VECTOR('',#8007,1.);
#600=VECTOR('',#8082,1.);
#601=VECTOR('',#8083,1.);
#602=VECTOR('',#8084,1.);
#603=VECTOR('',#8087,1.);
#604=VECTOR('',#8088,1.);
#605=VECTOR('',#8089,1.);
#606=VECTOR('',#8092,1.);
#607=VECTOR('',#8093,1.);
#608=VECTOR('',#8094,1.);
#609=VECTOR('',#8095,1.);
#610=VECTOR('',#8096,1.);
#611=VECTOR('',#8099,1.);
#612=VECTOR('',#8100,1.);
#613=VECTOR('',#8103,1.);
#614=VECTOR('',#8108,1.);
#615=VECTOR('',#8109,1.);
#616=VECTOR('',#8112,1.);
#617=VECTOR('',#8113,1.);
#618=VECTOR('',#8114,1.);
#619=VECTOR('',#8115,1.);
#620=VECTOR('',#8118,1.);
#621=VECTOR('',#8119,1.);
#622=VECTOR('',#8128,1.);
#623=VECTOR('',#8129,1.);
#624=VECTOR('',#8132,1.);
#625=VECTOR('',#8277,1.);
#626=VECTOR('',#8278,1.);
#627=VECTOR('',#8279,1.);
#628=VECTOR('',#8284,1.);
#629=VECTOR('',#8287,1.);
#630=VECTOR('',#8288,1.);
#631=VECTOR('',#8291,1.);
#632=VECTOR('',#8292,1.);
#633=VECTOR('',#8293,1.);
#634=VECTOR('',#8296,1.);
#635=VECTOR('',#8297,1.);
#636=VECTOR('',#8298,1.);
#637=VECTOR('',#8301,1.);
#638=VECTOR('',#8306,1.);
#639=VECTOR('',#8307,1.);
#640=VECTOR('',#8310,1.);
#641=VECTOR('',#8311,1.);
#642=VECTOR('',#8312,1.);
#643=VECTOR('',#8315,1.);
#644=VECTOR('',#8316,1.);
#645=VECTOR('',#8317,1.);
#646=VECTOR('',#8322,1.);
#647=VECTOR('',#8325,1.);
#648=VECTOR('',#8326,1.);
#649=VECTOR('',#8329,1.);
#650=VECTOR('',#8330,1.);
#651=VECTOR('',#8331,1.);
#652=VECTOR('',#8334,1.);
#653=VECTOR('',#8335,1.);
#654=VECTOR('',#8336,1.);
#655=VECTOR('',#8339,1.);
#656=VECTOR('',#8346,1.);
#657=VECTOR('',#8347,1.);
#658=VECTOR('',#8350,1.);
#659=VECTOR('',#8351,1.);
#660=VECTOR('',#8352,1.);
#661=VECTOR('',#8361,1.);
#662=VECTOR('',#8362,1.);
#663=VECTOR('',#8363,1.);
#664=VECTOR('',#8364,1.);
#665=VECTOR('',#8365,1.);
#666=VECTOR('',#8366,1.);
#667=VECTOR('',#8367,1.);
#668=VECTOR('',#8368,1.);
#669=VECTOR('',#8399,1.);
#670=VECTOR('',#8400,1.);
#671=VECTOR('',#8401,1.);
#672=VECTOR('',#8402,1.);
#673=VECTOR('',#8405,1.);
#674=VECTOR('',#8406,1.);
#675=VECTOR('',#8407,1.);
#676=VECTOR('',#8410,1.);
#677=VECTOR('',#8411,1.);
#678=VECTOR('',#8412,1.);
#679=VECTOR('',#8415,1.);
#680=VECTOR('',#8416,1.);
#681=VECTOR('',#8455,1.);
#682=VECTOR('',#8456,1.);
#683=VECTOR('',#8457,1.);
#684=VECTOR('',#8458,1.);
#685=VECTOR('',#8461,1.);
#686=VECTOR('',#8462,1.);
#687=VECTOR('',#8463,1.);
#688=VECTOR('',#8466,1.);
#689=VECTOR('',#8467,1.);
#690=VECTOR('',#8468,1.);
#691=VECTOR('',#8471,1.);
#692=VECTOR('',#8472,1.);
#693=VECTOR('',#8551,1.);
#694=VECTOR('',#8552,1.);
#695=VECTOR('',#8553,1.);
#696=VECTOR('',#8554,1.);
#697=VECTOR('',#8555,1.);
#698=VECTOR('',#8556,1.);
#699=VECTOR('',#8559,1.);
#700=VECTOR('',#8560,1.);
#701=VECTOR('',#8561,1.);
#702=VECTOR('',#8574,1.);
#703=VECTOR('',#8575,1.);
#704=VECTOR('',#8576,1.);
#705=VECTOR('',#8577,1.);
#706=VECTOR('',#8580,1.);
#707=VECTOR('',#8583,1.);
#708=VECTOR('',#8584,1.);
#709=VECTOR('',#8585,1.);
#710=VECTOR('',#8586,1.);
#711=VECTOR('',#8589,1.);
#712=VECTOR('',#8590,1.);
#713=VECTOR('',#8595,1.);
#714=VECTOR('',#8598,1.);
#715=VECTOR('',#8607,1.);
#716=VECTOR('',#8608,1.);
#717=VECTOR('',#8611,1.);
#718=VECTOR('',#8686,1.);
#719=VECTOR('',#8687,1.);
#720=VECTOR('',#8688,1.);
#721=VECTOR('',#8689,1.);
#722=VECTOR('',#8692,1.);
#723=VECTOR('',#8693,1.);
#724=VECTOR('',#8694,1.);
#725=VECTOR('',#8697,1.);
#726=VECTOR('',#8698,1.);
#727=VECTOR('',#8699,1.);
#728=VECTOR('',#8702,1.);
#729=VECTOR('',#8703,1.);
#730=VECTOR('',#8704,1.);
#731=VECTOR('',#8707,1.);
#732=VECTOR('',#8708,1.);
#733=VECTOR('',#8709,1.);
#734=VECTOR('',#8718,1.);
#735=VECTOR('',#8719,1.);
#736=VECTOR('',#8736,1.);
#737=VECTOR('',#8737,1.);
#738=VECTOR('',#8738,1.);
#739=VECTOR('',#8739,1.);
#740=VECTOR('',#8740,1.);
#741=VECTOR('',#8741,1.);
#742=VECTOR('',#8816,1.);
#743=VECTOR('',#8817,1.);
#744=VECTOR('',#8818,1.);
#745=VECTOR('',#8819,1.);
#746=VECTOR('',#8822,1.);
#747=VECTOR('',#8823,1.);
#748=VECTOR('',#8824,1.);
#749=VECTOR('',#8825,1.);
#750=VECTOR('',#8838,1.);
#751=VECTOR('',#8839,1.);
#752=VECTOR('',#8840,1.);
#753=VECTOR('',#8841,1.);
#754=VECTOR('',#8842,1.);
#755=VECTOR('',#8843,1.);
#756=VECTOR('',#8844,1.);
#757=VECTOR('',#8845,1.);
#758=VECTOR('',#8846,1.);
#759=VECTOR('',#8847,1.);
#760=VECTOR('',#8848,1.);
#761=VECTOR('',#8849,1.);
#762=VECTOR('',#8850,1.);
#763=VECTOR('',#8851,1.);
#764=VECTOR('',#8852,1.);
#765=VECTOR('',#8853,1.);
#766=VECTOR('',#8854,1.);
#767=VECTOR('',#8855,1.);
#768=VECTOR('',#8856,1.);
#769=VECTOR('',#8857,1.);
#770=VECTOR('',#8858,1.);
#771=VECTOR('',#8859,1.);
#772=VECTOR('',#8860,1.);
#773=VECTOR('',#8861,1.);
#774=VECTOR('',#8862,1.);
#775=VECTOR('',#8863,1.);
#776=VECTOR('',#8864,1.);
#777=VECTOR('',#8865,1.);
#778=VECTOR('',#8866,1.);
#779=VECTOR('',#8867,1.);
#780=VECTOR('',#8868,1.);
#781=VECTOR('',#8869,1.);
#782=VECTOR('',#8870,1.);
#783=VECTOR('',#8871,1.);
#784=VECTOR('',#8872,1.);
#785=VECTOR('',#8873,1.);
#786=VECTOR('',#8874,1.);
#787=VECTOR('',#8875,1.);
#788=VECTOR('',#8876,1.);
#789=VECTOR('',#8877,1.);
#790=VECTOR('',#8878,1.);
#791=VECTOR('',#8879,1.);
#792=VECTOR('',#8880,1.);
#793=VECTOR('',#8881,1.);
#794=VECTOR('',#8882,1.);
#795=VECTOR('',#8905,1.);
#796=VECTOR('',#8906,1.);
#797=VECTOR('',#8907,1.);
#798=VECTOR('',#8908,1.);
#799=VECTOR('',#8909,1.);
#800=VECTOR('',#8910,1.);
#801=VECTOR('',#8911,1.);
#802=VECTOR('',#8912,1.);
#803=VECTOR('',#8913,1.);
#804=VECTOR('',#8914,1.);
#805=VECTOR('',#8915,1.);
#806=VECTOR('',#8916,1.);
#807=VECTOR('',#8917,1.);
#808=VECTOR('',#8918,1.);
#809=VECTOR('',#8919,1.);
#810=VECTOR('',#8920,1.);
#811=VECTOR('',#8921,1.);
#812=VECTOR('',#8922,1.);
#813=VECTOR('',#8923,1.);
#814=VECTOR('',#8924,1.);
#815=VECTOR('',#8925,1.);
#816=VECTOR('',#8926,1.);
#817=VECTOR('',#8927,1.);
#818=VECTOR('',#8928,1.);
#819=VECTOR('',#8929,1.);
#820=VECTOR('',#8930,1.);
#821=VECTOR('',#8931,1.);
#822=VECTOR('',#8932,1.);
#823=VECTOR('',#8933,1.);
#824=VECTOR('',#8936,1.);
#825=VECTOR('',#8937,1.);
#826=VECTOR('',#8940,1.);
#827=VECTOR('',#8941,1.);
#828=VECTOR('',#8944,1.);
#829=VECTOR('',#8945,1.);
#830=VECTOR('',#8948,1.);
#831=VECTOR('',#8949,1.);
#832=VECTOR('',#8950,1.);
#833=VECTOR('',#8953,1.);
#834=VECTOR('',#8954,1.);
#835=VECTOR('',#8955,1.);
#836=VECTOR('',#8958,1.);
#837=VECTOR('',#8959,1.);
#838=VECTOR('',#8960,1.);
#839=VECTOR('',#8961,1.);
#840=VECTOR('',#8962,1.);
#841=VECTOR('',#8963,1.);
#842=VECTOR('',#8966,1.);
#843=VECTOR('',#8967,1.);
#844=VECTOR('',#8968,1.);
#845=VECTOR('',#8969,1.);
#846=VECTOR('',#8972,1.);
#847=VECTOR('',#8973,1.);
#848=VECTOR('',#8974,1.);
#849=VECTOR('',#8975,1.);
#850=VECTOR('',#8976,1.);
#851=VECTOR('',#8977,1.);
#852=VECTOR('',#8980,1.);
#853=VECTOR('',#8981,1.);
#854=VECTOR('',#8982,1.);
#855=VECTOR('',#8983,1.);
#856=VECTOR('',#8984,1.);
#857=VECTOR('',#8987,1.);
#858=VECTOR('',#8988,1.);
#859=VECTOR('',#8991,1.);
#860=VECTOR('',#8992,1.);
#861=VECTOR('',#8995,1.);
#862=VECTOR('',#8996,1.);
#863=VECTOR('',#8997,1.);
#864=VECTOR('',#9000,1.);
#865=VECTOR('',#9003,1.);
#866=VECTOR('',#9004,1.);
#867=VECTOR('',#9005,1.);
#868=VECTOR('',#9006,1.);
#869=VECTOR('',#9009,1.);
#870=VECTOR('',#9010,1.);
#871=VECTOR('',#9013,1.);
#872=VECTOR('',#9014,1.);
#873=VECTOR('',#9017,1.);
#874=VECTOR('',#9018,1.);
#875=VECTOR('',#9021,1.);
#876=VECTOR('',#9026,1.);
#877=VECTOR('',#9027,1.);
#878=VECTOR('',#9028,1.);
#879=VECTOR('',#9029,1.);
#880=VECTOR('',#9032,1.);
#881=VECTOR('',#9033,1.);
#882=VECTOR('',#9034,1.);
#883=VECTOR('',#9037,1.);
#884=VECTOR('',#9038,1.);
#885=VECTOR('',#9039,1.);
#886=VECTOR('',#9042,1.);
#887=VECTOR('',#9043,1.);
#888=VECTOR('',#9046,1.);
#889=VECTOR('',#9047,1.);
#890=VECTOR('',#9050,1.);
#891=VECTOR('',#9051,1.);
#892=VECTOR('',#9054,1.);
#893=VECTOR('',#9059,1.);
#894=VECTOR('',#9060,1.);
#895=VECTOR('',#9063,1.);
#896=VECTOR('',#9068,1.);
#897=VECTOR('',#9069,1.);
#898=VECTOR('',#9072,1.);
#899=VECTOR('',#9077,1.);
#900=VECTOR('',#9078,1.);
#901=VECTOR('',#9081,1.);
#902=VECTOR('',#9086,1.);
#903=VECTOR('',#9087,1.);
#904=VECTOR('',#9090,1.);
#905=VECTOR('',#9093,1.);
#906=VECTOR('',#9096,1.);
#907=VECTOR('',#9097,1.);
#908=VECTOR('',#9100,1.);
#909=VECTOR('',#9103,1.);
#910=VECTOR('',#9114,1.);
#911=VECTOR('',#9115,1.);
#912=VECTOR('',#9118,1.);
#913=VECTOR('',#9121,1.);
#914=VECTOR('',#9124,1.);
#915=VECTOR('',#9133,1.);
#916=VECTOR('',#9136,1.);
#917=VECTOR('',#9137,1.);
#918=VECTOR('',#9140,1.);
#919=VECTOR('',#9147,1.);
#920=VECTOR('',#9204,1.);
#921=VECTOR('',#9205,1.);
#922=VECTOR('',#9206,1.);
#923=VECTOR('',#9209,1.);
#924=VECTOR('',#9210,1.);
#925=VECTOR('',#9213,1.);
#926=VECTOR('',#9214,1.);
#927=VECTOR('',#9217,1.);
#928=VECTOR('',#9222,1.);
#929=VECTOR('',#9223,1.);
#930=VECTOR('',#9226,1.);
#931=VECTOR('',#9239,1.);
#932=VECTOR('',#9240,1.);
#933=VECTOR('',#9241,1.);
#934=VECTOR('',#9242,1.);
#935=VECTOR('',#9243,1.);
#936=VECTOR('',#9244,1.);
#937=VECTOR('',#9245,1.);
#938=VECTOR('',#9246,1.);
#939=VECTOR('',#9249,1.);
#940=VECTOR('',#9250,1.);
#941=VECTOR('',#9253,1.);
#942=VECTOR('',#9254,1.);
#943=VECTOR('',#9255,1.);
#944=VECTOR('',#9258,1.);
#945=VECTOR('',#9259,1.);
#946=VECTOR('',#9262,1.);
#947=VECTOR('',#9263,1.);
#948=VECTOR('',#9266,1.);
#949=VECTOR('',#9267,1.);
#950=VECTOR('',#9268,1.);
#951=VECTOR('',#9271,1.);
#952=VECTOR('',#9272,1.);
#953=VECTOR('',#9273,1.);
#954=VECTOR('',#9278,1.);
#955=VECTOR('',#9279,1.);
#956=VECTOR('',#9282,1.);
#957=VECTOR('',#9283,1.);
#958=VECTOR('',#9284,1.);
#959=VECTOR('',#9285,1.);
#960=VECTOR('',#9286,1.);
#961=VECTOR('',#9295,1.);
#962=VECTOR('',#9296,1.);
#963=VECTOR('',#9297,1.);
#964=VECTOR('',#9298,1.);
#965=VECTOR('',#9299,1.);
#966=VECTOR('',#9300,1.);
#967=VECTOR('',#9301,1.);
#968=VECTOR('',#9302,1.);
#969=VECTOR('',#9353,1.);
#970=VECTOR('',#9354,1.);
#971=VECTOR('',#9355,1.);
#972=VECTOR('',#9356,1.);
#973=VECTOR('',#9357,1.);
#974=VECTOR('',#9360,1.);
#975=VECTOR('',#9365,1.);
#976=VECTOR('',#9372,1.);
#977=VECTOR('',#9375,1.);
#978=VECTOR('',#9378,1.);
#979=VECTOR('',#9379,1.);
#980=VECTOR('',#9380,1.);
#981=VECTOR('',#9381,1.);
#982=VECTOR('',#9384,1.);
#983=VECTOR('',#9437,1.);
#984=VECTOR('',#9440,1.);
#985=VECTOR('',#9445,1.);
#986=VECTOR('',#9448,1.);
#987=VECTOR('',#9449,1.);
#988=VECTOR('',#9452,1.);
#989=VECTOR('',#9467,1.);
#990=VECTOR('',#9470,1.);
#991=VECTOR('',#9475,1.);
#992=VECTOR('',#9478,1.);
#993=VECTOR('',#9481,1.);
#994=VECTOR('',#9482,1.);
#995=VECTOR('',#9483,1.);
#996=VECTOR('',#9484,1.);
#997=VECTOR('',#9509,1.);
#998=VECTOR('',#9512,1.);
#999=VECTOR('',#9515,1.);
#1000=VECTOR('',#9516,1.);
#1001=VECTOR('',#9517,1.);
#1002=VECTOR('',#9518,1.);
#1003=VECTOR('',#9523,1.);
#1004=VECTOR('',#9526,1.);
#1005=VECTOR('',#9551,1.);
#1006=VECTOR('',#9554,1.);
#1007=VECTOR('',#9557,1.);
#1008=VECTOR('',#9558,1.);
#1009=VECTOR('',#9559,1.);
#1010=VECTOR('',#9560,1.);
#1011=VECTOR('',#9565,1.);
#1012=VECTOR('',#9568,1.);
#1013=VECTOR('',#9625,1.);
#1014=VECTOR('',#9626,1.);
#1015=VECTOR('',#9627,1.);
#1016=VECTOR('',#9628,1.);
#1017=VECTOR('',#9631,1.);
#1018=VECTOR('',#9632,1.);
#1019=VECTOR('',#9633,1.);
#1020=VECTOR('',#9634,1.);
#1021=VECTOR('',#9637,1.);
#1022=VECTOR('',#9638,1.);
#1023=VECTOR('',#9639,1.);
#1024=VECTOR('',#9640,1.);
#1025=VECTOR('',#9643,1.);
#1026=VECTOR('',#9644,1.);
#1027=VECTOR('',#9645,1.);
#1028=VECTOR('',#9646,1.);
#1029=VECTOR('',#9649,1.);
#1030=VECTOR('',#9650,1.);
#1031=VECTOR('',#9651,1.);
#1032=VECTOR('',#9652,1.);
#1033=VECTOR('',#9655,1.);
#1034=VECTOR('',#9656,1.);
#1035=VECTOR('',#9657,1.);
#1036=VECTOR('',#9658,1.);
#1037=VECTOR('',#9843,1.);
#1038=VECTOR('',#9844,1.);
#1039=VECTOR('',#9845,1.);
#1040=VECTOR('',#9846,1.);
#1041=VECTOR('',#9849,1.);
#1042=VECTOR('',#9850,1.);
#1043=VECTOR('',#9851,1.);
#1044=VECTOR('',#9854,1.);
#1045=VECTOR('',#9855,1.);
#1046=VECTOR('',#9856,1.);
#1047=VECTOR('',#9859,1.);
#1048=VECTOR('',#9860,1.);
#1049=VECTOR('',#9911,1.);
#1050=VECTOR('',#9912,1.);
#1051=VECTOR('',#9913,1.);
#1052=VECTOR('',#9914,1.);
#1053=VECTOR('',#9915,1.);
#1054=VECTOR('',#9918,1.);
#1055=VECTOR('',#9919,1.);
#1056=VECTOR('',#9920,1.);
#1057=VECTOR('',#9921,1.);
#1058=VECTOR('',#9922,1.);
#1059=VECTOR('',#9925,1.);
#1060=VECTOR('',#9926,1.);
#1061=VECTOR('',#9927,1.);
#1062=VECTOR('',#9928,1.);
#1063=VECTOR('',#9929,1.);
#1064=VECTOR('',#9932,1.);
#1065=VECTOR('',#9933,1.);
#1066=VECTOR('',#9940,1.);
#1067=VECTOR('',#9941,1.);
#1068=VECTOR('',#9958,1.);
#1069=VECTOR('',#9959,1.);
#1070=VECTOR('',#9962,1.);
#1071=CONTEXT_DEPENDENT_SHAPE_REPRESENTATION(#1267,#12361);
#1072=CONTEXT_DEPENDENT_SHAPE_REPRESENTATION(#1268,#12363);
#1073=CONTEXT_DEPENDENT_SHAPE_REPRESENTATION(#1269,#12365);
#1074=CONTEXT_DEPENDENT_SHAPE_REPRESENTATION(#1270,#12367);
#1075=CONTEXT_DEPENDENT_SHAPE_REPRESENTATION(#1271,#12369);
#1076=CONTEXT_DEPENDENT_SHAPE_REPRESENTATION(#1272,#12371);
#1077=CONTEXT_DEPENDENT_SHAPE_REPRESENTATION(#1273,#12373);
#1078=CONTEXT_DEPENDENT_SHAPE_REPRESENTATION(#1274,#12375);
#1079=CONTEXT_DEPENDENT_SHAPE_REPRESENTATION(#1275,#12377);
#1080=CONTEXT_DEPENDENT_SHAPE_REPRESENTATION(#1276,#12378);
#1081=CONTEXT_DEPENDENT_SHAPE_REPRESENTATION(#1277,#12379);
#1082=CONTEXT_DEPENDENT_SHAPE_REPRESENTATION(#1278,#12380);
#1083=CONTEXT_DEPENDENT_SHAPE_REPRESENTATION(#1279,#12382);
#1084=CONTEXT_DEPENDENT_SHAPE_REPRESENTATION(#1280,#12384);
#1085=CONTEXT_DEPENDENT_SHAPE_REPRESENTATION(#1281,#12386);
#1086=CONTEXT_DEPENDENT_SHAPE_REPRESENTATION(#1282,#12388);
#1087=CONTEXT_DEPENDENT_SHAPE_REPRESENTATION(#1283,#12390);
#1088=CONTEXT_DEPENDENT_SHAPE_REPRESENTATION(#1284,#12391);
#1089=CONTEXT_DEPENDENT_SHAPE_REPRESENTATION(#1285,#12392);
#1090=CONTEXT_DEPENDENT_SHAPE_REPRESENTATION(#1286,#12393);
#1091=CONTEXT_DEPENDENT_SHAPE_REPRESENTATION(#1287,#12394);
#1092=CONTEXT_DEPENDENT_SHAPE_REPRESENTATION(#1288,#12396);
#1093=CONTEXT_DEPENDENT_SHAPE_REPRESENTATION(#1289,#12397);
#1094=CONTEXT_DEPENDENT_SHAPE_REPRESENTATION(#1290,#12398);
#1095=CONTEXT_DEPENDENT_SHAPE_REPRESENTATION(#1291,#12399);
#1096=CONTEXT_DEPENDENT_SHAPE_REPRESENTATION(#1292,#12400);
#1097=CONTEXT_DEPENDENT_SHAPE_REPRESENTATION(#1293,#12402);
#1098=CONTEXT_DEPENDENT_SHAPE_REPRESENTATION(#1294,#12403);
#1099=CONTEXT_DEPENDENT_SHAPE_REPRESENTATION(#1295,#12404);
#1100=CONTEXT_DEPENDENT_SHAPE_REPRESENTATION(#1296,#12405);
#1101=CONTEXT_DEPENDENT_SHAPE_REPRESENTATION(#1297,#12406);
#1102=CONTEXT_DEPENDENT_SHAPE_REPRESENTATION(#1298,#12407);
#1103=CONTEXT_DEPENDENT_SHAPE_REPRESENTATION(#1299,#12408);
#1104=CONTEXT_DEPENDENT_SHAPE_REPRESENTATION(#1300,#12409);
#1105=CONTEXT_DEPENDENT_SHAPE_REPRESENTATION(#1301,#12410);
#1106=CONTEXT_DEPENDENT_SHAPE_REPRESENTATION(#1302,#12411);
#1107=CONTEXT_DEPENDENT_SHAPE_REPRESENTATION(#1303,#12413);
#1108=CONTEXT_DEPENDENT_SHAPE_REPRESENTATION(#1304,#12414);
#1109=CONTEXT_DEPENDENT_SHAPE_REPRESENTATION(#1305,#12415);
#1110=CONTEXT_DEPENDENT_SHAPE_REPRESENTATION(#1306,#12416);
#1111=CONTEXT_DEPENDENT_SHAPE_REPRESENTATION(#1307,#12417);
#1112=CONTEXT_DEPENDENT_SHAPE_REPRESENTATION(#1308,#12418);
#1113=CONTEXT_DEPENDENT_SHAPE_REPRESENTATION(#1309,#12419);
#1114=CONTEXT_DEPENDENT_SHAPE_REPRESENTATION(#1310,#12420);
#1115=CONTEXT_DEPENDENT_SHAPE_REPRESENTATION(#1311,#12421);
#1116=CONTEXT_DEPENDENT_SHAPE_REPRESENTATION(#1312,#12422);
#1117=CONTEXT_DEPENDENT_SHAPE_REPRESENTATION(#1313,#12423);
#1118=CONTEXT_DEPENDENT_SHAPE_REPRESENTATION(#1314,#12424);
#1119=CONTEXT_DEPENDENT_SHAPE_REPRESENTATION(#1315,#12425);
#1120=CONTEXT_DEPENDENT_SHAPE_REPRESENTATION(#1316,#12426);
#1121=CONTEXT_DEPENDENT_SHAPE_REPRESENTATION(#1317,#12427);
#1122=CONTEXT_DEPENDENT_SHAPE_REPRESENTATION(#1318,#12428);
#1123=CONTEXT_DEPENDENT_SHAPE_REPRESENTATION(#1319,#12429);
#1124=CONTEXT_DEPENDENT_SHAPE_REPRESENTATION(#1320,#12430);
#1125=CONTEXT_DEPENDENT_SHAPE_REPRESENTATION(#1321,#12431);
#1126=CONTEXT_DEPENDENT_SHAPE_REPRESENTATION(#1322,#12432);
#1127=CONTEXT_DEPENDENT_SHAPE_REPRESENTATION(#1323,#12433);
#1128=CONTEXT_DEPENDENT_SHAPE_REPRESENTATION(#1324,#12434);
#1129=CONTEXT_DEPENDENT_SHAPE_REPRESENTATION(#1325,#12435);
#1130=CONTEXT_DEPENDENT_SHAPE_REPRESENTATION(#1326,#12436);
#1131=CONTEXT_DEPENDENT_SHAPE_REPRESENTATION(#1327,#12437);
#1132=CONTEXT_DEPENDENT_SHAPE_REPRESENTATION(#1328,#12438);
#1133=CONTEXT_DEPENDENT_SHAPE_REPRESENTATION(#1329,#12439);
#1134=CONTEXT_DEPENDENT_SHAPE_REPRESENTATION(#1330,#12440);
#1135=CONTEXT_DEPENDENT_SHAPE_REPRESENTATION(#1331,#12442);
#1136=CONTEXT_DEPENDENT_SHAPE_REPRESENTATION(#1332,#12443);
#1137=CONTEXT_DEPENDENT_SHAPE_REPRESENTATION(#1333,#12444);
#1138=CONTEXT_DEPENDENT_SHAPE_REPRESENTATION(#1334,#12445);
#1139=CONTEXT_DEPENDENT_SHAPE_REPRESENTATION(#1335,#12446);
#1140=CONTEXT_DEPENDENT_SHAPE_REPRESENTATION(#1336,#12447);
#1141=CONTEXT_DEPENDENT_SHAPE_REPRESENTATION(#1337,#12448);
#1142=CONTEXT_DEPENDENT_SHAPE_REPRESENTATION(#1338,#12449);
#1143=CONTEXT_DEPENDENT_SHAPE_REPRESENTATION(#1339,#12450);
#1144=CONTEXT_DEPENDENT_SHAPE_REPRESENTATION(#1340,#12451);
#1145=CONTEXT_DEPENDENT_SHAPE_REPRESENTATION(#1341,#12452);
#1146=CONTEXT_DEPENDENT_SHAPE_REPRESENTATION(#1342,#12453);
#1147=CONTEXT_DEPENDENT_SHAPE_REPRESENTATION(#1343,#12454);
#1148=CONTEXT_DEPENDENT_SHAPE_REPRESENTATION(#1344,#12455);
#1149=CONTEXT_DEPENDENT_SHAPE_REPRESENTATION(#1345,#12456);
#1150=CONTEXT_DEPENDENT_SHAPE_REPRESENTATION(#1346,#12457);
#1151=CONTEXT_DEPENDENT_SHAPE_REPRESENTATION(#1347,#12458);
#1152=CONTEXT_DEPENDENT_SHAPE_REPRESENTATION(#1348,#12459);
#1153=CONTEXT_DEPENDENT_SHAPE_REPRESENTATION(#1349,#12460);
#1154=CONTEXT_DEPENDENT_SHAPE_REPRESENTATION(#1350,#12461);
#1155=CONTEXT_DEPENDENT_SHAPE_REPRESENTATION(#1351,#12462);
#1156=CONTEXT_DEPENDENT_SHAPE_REPRESENTATION(#1352,#12463);
#1157=CONTEXT_DEPENDENT_SHAPE_REPRESENTATION(#1353,#12465);
#1158=CONTEXT_DEPENDENT_SHAPE_REPRESENTATION(#1354,#12466);
#1159=CONTEXT_DEPENDENT_SHAPE_REPRESENTATION(#1355,#12467);
#1160=CONTEXT_DEPENDENT_SHAPE_REPRESENTATION(#1356,#12468);
#1161=CONTEXT_DEPENDENT_SHAPE_REPRESENTATION(#1357,#12469);
#1162=CONTEXT_DEPENDENT_SHAPE_REPRESENTATION(#1358,#12470);
#1163=CONTEXT_DEPENDENT_SHAPE_REPRESENTATION(#1359,#12471);
#1164=CONTEXT_DEPENDENT_SHAPE_REPRESENTATION(#1360,#12472);
#1165=CONTEXT_DEPENDENT_SHAPE_REPRESENTATION(#1361,#12473);
#1166=CONTEXT_DEPENDENT_SHAPE_REPRESENTATION(#1362,#12474);
#1167=CONTEXT_DEPENDENT_SHAPE_REPRESENTATION(#1363,#12475);
#1168=CONTEXT_DEPENDENT_SHAPE_REPRESENTATION(#1364,#12476);
#1169=NEXT_ASSEMBLY_USAGE_OCCURRENCE('NAUO1','Part 1','Part 1',#12477,#12478,
'');
#1170=NEXT_ASSEMBLY_USAGE_OCCURRENCE('NAUO2','Part 1','Part 1',#12477,#12479,
'');
#1171=NEXT_ASSEMBLY_USAGE_OCCURRENCE('NAUO3','Part 1','Part 1',#12477,#12480,
'');
#1172=NEXT_ASSEMBLY_USAGE_OCCURRENCE('NAUO4','Part 1','Part 1',#12477,#12481,
'');
#1173=NEXT_ASSEMBLY_USAGE_OCCURRENCE('NAUO5','Part 1','Part 1',#12477,#12482,
'');
#1174=NEXT_ASSEMBLY_USAGE_OCCURRENCE('NAUO6','Part 1','Part 1',#12477,#12483,
'');
#1175=NEXT_ASSEMBLY_USAGE_OCCURRENCE('NAUO7','Part 1','Part 1',#12477,#12484,
'');
#1176=NEXT_ASSEMBLY_USAGE_OCCURRENCE('NAUO8','Part 1','Part 1',#12477,#12485,
'');
#1177=NEXT_ASSEMBLY_USAGE_OCCURRENCE('NAUO9','Part 1','Part 1',#12477,#12486,
'');
#1178=NEXT_ASSEMBLY_USAGE_OCCURRENCE('NAUO10','Part 1','Part 1',#12477,
#12485,'');
#1179=NEXT_ASSEMBLY_USAGE_OCCURRENCE('NAUO11','Part 1','Part 1',#12477,
#12483,'');
#1180=NEXT_ASSEMBLY_USAGE_OCCURRENCE('NAUO12','Part 1','Part 1',#12477,
#12481,'');
#1181=NEXT_ASSEMBLY_USAGE_OCCURRENCE('NAUO13','Part 1','Part 1',#12477,
#12487,'');
#1182=NEXT_ASSEMBLY_USAGE_OCCURRENCE('NAUO14','Part 1','Part 1',#12477,
#12488,'');
#1183=NEXT_ASSEMBLY_USAGE_OCCURRENCE('NAUO15','Part 1','Part 1',#12477,
#12489,'');
#1184=NEXT_ASSEMBLY_USAGE_OCCURRENCE('NAUO16','Part 1','Part 1',#12477,
#12490,'');
#1185=NEXT_ASSEMBLY_USAGE_OCCURRENCE('NAUO17','Part 1','Part 1',#12477,
#12491,'');
#1186=NEXT_ASSEMBLY_USAGE_OCCURRENCE('NAUO18','Part 1','Part 1',#12477,
#12479,'');
#1187=NEXT_ASSEMBLY_USAGE_OCCURRENCE('NAUO19','Part 1','Part 1',#12477,
#12479,'');
#1188=NEXT_ASSEMBLY_USAGE_OCCURRENCE('NAUO20','Part 1','Part 1',#12477,
#12479,'');
#1189=NEXT_ASSEMBLY_USAGE_OCCURRENCE('NAUO21','Part 1','Part 1',#12477,
#12485,'');
#1190=NEXT_ASSEMBLY_USAGE_OCCURRENCE('NAUO22','Part 1','Part 1',#12477,
#12492,'');
#1191=NEXT_ASSEMBLY_USAGE_OCCURRENCE('NAUO23','Part 1','Part 1',#12477,
#12479,'');
#1192=NEXT_ASSEMBLY_USAGE_OCCURRENCE('NAUO24','Part 1','Part 1',#12477,
#12479,'');
#1193=NEXT_ASSEMBLY_USAGE_OCCURRENCE('NAUO25','Part 1','Part 1',#12477,
#12479,'');
#1194=NEXT_ASSEMBLY_USAGE_OCCURRENCE('NAUO26','Part 1','Part 1',#12477,
#12491,'');
#1195=NEXT_ASSEMBLY_USAGE_OCCURRENCE('NAUO27','Part 1','Part 1',#12477,
#12493,'');
#1196=NEXT_ASSEMBLY_USAGE_OCCURRENCE('NAUO28','Part 1','Part 1',#12477,
#12491,'');
#1197=NEXT_ASSEMBLY_USAGE_OCCURRENCE('NAUO29','Part 1','Part 1',#12477,
#12479,'');
#1198=NEXT_ASSEMBLY_USAGE_OCCURRENCE('NAUO30','Part 1','Part 1',#12477,
#12485,'');
#1199=NEXT_ASSEMBLY_USAGE_OCCURRENCE('NAUO31','Part 1','Part 1',#12477,
#12487,'');
#1200=NEXT_ASSEMBLY_USAGE_OCCURRENCE('NAUO32','Part 1','Part 1',#12477,
#12487,'');
#1201=NEXT_ASSEMBLY_USAGE_OCCURRENCE('NAUO33','Part 1','Part 1',#12477,
#12491,'');
#1202=NEXT_ASSEMBLY_USAGE_OCCURRENCE('NAUO34','Part 1','Part 1',#12477,
#12479,'');
#1203=NEXT_ASSEMBLY_USAGE_OCCURRENCE('NAUO35','Part 1','Part 1',#12477,
#12487,'');
#1204=NEXT_ASSEMBLY_USAGE_OCCURRENCE('NAUO36','Part 1','Part 1',#12477,
#12487,'');
#1205=NEXT_ASSEMBLY_USAGE_OCCURRENCE('NAUO37','Part 1','Part 1',#12477,
#12494,'');
#1206=NEXT_ASSEMBLY_USAGE_OCCURRENCE('NAUO38','Part 1','Part 1',#12477,
#12491,'');
#1207=NEXT_ASSEMBLY_USAGE_OCCURRENCE('NAUO39','Part 1','Part 1',#12477,
#12479,'');
#1208=NEXT_ASSEMBLY_USAGE_OCCURRENCE('NAUO40','Part 1','Part 1',#12477,
#12485,'');
#1209=NEXT_ASSEMBLY_USAGE_OCCURRENCE('NAUO41','Part 1','Part 1',#12477,
#12479,'');
#1210=NEXT_ASSEMBLY_USAGE_OCCURRENCE('NAUO42','Part 1','Part 1',#12477,
#12480,'');
#1211=NEXT_ASSEMBLY_USAGE_OCCURRENCE('NAUO43','Part 1','Part 1',#12477,
#12479,'');
#1212=NEXT_ASSEMBLY_USAGE_OCCURRENCE('NAUO44','Part 1','Part 1',#12477,
#12478,'');
#1213=NEXT_ASSEMBLY_USAGE_OCCURRENCE('NAUO45','Part 1','Part 1',#12477,
#12479,'');
#1214=NEXT_ASSEMBLY_USAGE_OCCURRENCE('NAUO46','Part 1','Part 1',#12477,
#12491,'');
#1215=NEXT_ASSEMBLY_USAGE_OCCURRENCE('NAUO47','Part 1','Part 1',#12477,
#12487,'');
#1216=NEXT_ASSEMBLY_USAGE_OCCURRENCE('NAUO48','Part 1','Part 1',#12477,
#12486,'');
#1217=NEXT_ASSEMBLY_USAGE_OCCURRENCE('NAUO49','Part 1','Part 1',#12477,
#12491,'');
#1218=NEXT_ASSEMBLY_USAGE_OCCURRENCE('NAUO50','Part 1','Part 1',#12477,
#12480,'');
#1219=NEXT_ASSEMBLY_USAGE_OCCURRENCE('NAUO51','Part 1','Part 1',#12477,
#12478,'');
#1220=NEXT_ASSEMBLY_USAGE_OCCURRENCE('NAUO52','Part 1','Part 1',#12477,
#12487,'');
#1221=NEXT_ASSEMBLY_USAGE_OCCURRENCE('NAUO53','Part 1','Part 1',#12477,
#12479,'');
#1222=NEXT_ASSEMBLY_USAGE_OCCURRENCE('NAUO54','Part 1','Part 1',#12477,
#12482,'');
#1223=NEXT_ASSEMBLY_USAGE_OCCURRENCE('NAUO55','Part 1','Part 1',#12477,
#12479,'');
#1224=NEXT_ASSEMBLY_USAGE_OCCURRENCE('NAUO56','Part 1','Part 1',#12477,
#12480,'');
#1225=NEXT_ASSEMBLY_USAGE_OCCURRENCE('NAUO57','Part 1','Part 1',#12477,
#12479,'');
#1226=NEXT_ASSEMBLY_USAGE_OCCURRENCE('NAUO58','Part 1','Part 1',#12477,
#12480,'');
#1227=NEXT_ASSEMBLY_USAGE_OCCURRENCE('NAUO59','Part 1','Part 1',#12477,
#12488,'');
#1228=NEXT_ASSEMBLY_USAGE_OCCURRENCE('NAUO60','Part 1','Part 1',#12477,
#12485,'');
#1229=NEXT_ASSEMBLY_USAGE_OCCURRENCE('NAUO61','Part 1','Part 1',#12477,
#12491,'');
#1230=NEXT_ASSEMBLY_USAGE_OCCURRENCE('NAUO62','Part 1','Part 1',#12477,
#12488,'');
#1231=NEXT_ASSEMBLY_USAGE_OCCURRENCE('NAUO63','Part 1','Part 1',#12477,
#12487,'');
#1232=NEXT_ASSEMBLY_USAGE_OCCURRENCE('NAUO64','Part 1','Part 1',#12477,
#12479,'');
#1233=NEXT_ASSEMBLY_USAGE_OCCURRENCE('NAUO65','Part 1','Part 1',#12477,
#12495,'');
#1234=NEXT_ASSEMBLY_USAGE_OCCURRENCE('NAUO66','Part 1','Part 1',#12477,
#12483,'');
#1235=NEXT_ASSEMBLY_USAGE_OCCURRENCE('NAUO67','Part 1','Part 1',#12477,
#12491,'');
#1236=NEXT_ASSEMBLY_USAGE_OCCURRENCE('NAUO68','Part 1','Part 1',#12477,
#12478,'');
#1237=NEXT_ASSEMBLY_USAGE_OCCURRENCE('NAUO69','Part 1','Part 1',#12477,
#12479,'');
#1238=NEXT_ASSEMBLY_USAGE_OCCURRENCE('NAUO70','Part 1','Part 1',#12477,
#12491,'');
#1239=NEXT_ASSEMBLY_USAGE_OCCURRENCE('NAUO71','Part 1','Part 1',#12477,
#12485,'');
#1240=NEXT_ASSEMBLY_USAGE_OCCURRENCE('NAUO72','Part 1','Part 1',#12477,
#12487,'');
#1241=NEXT_ASSEMBLY_USAGE_OCCURRENCE('NAUO73','Part 1','Part 1',#12477,
#12487,'');
#1242=NEXT_ASSEMBLY_USAGE_OCCURRENCE('NAUO74','Part 1','Part 1',#12477,
#12492,'');
#1243=NEXT_ASSEMBLY_USAGE_OCCURRENCE('NAUO75','Part 1','Part 1',#12477,
#12480,'');
#1244=NEXT_ASSEMBLY_USAGE_OCCURRENCE('NAUO76','Part 1','Part 1',#12477,
#12487,'');
#1245=NEXT_ASSEMBLY_USAGE_OCCURRENCE('NAUO77','Part 1','Part 1',#12477,
#12479,'');
#1246=NEXT_ASSEMBLY_USAGE_OCCURRENCE('NAUO78','Part 1','Part 1',#12477,
#12479,'');
#1247=NEXT_ASSEMBLY_USAGE_OCCURRENCE('NAUO79','Part 1','Part 1',#12477,
#12488,'');
#1248=NEXT_ASSEMBLY_USAGE_OCCURRENCE('NAUO80','Part 1','Part 1',#12477,
#12491,'');
#1249=NEXT_ASSEMBLY_USAGE_OCCURRENCE('NAUO81','Part 1','Part 1',#12477,
#12482,'');
#1250=NEXT_ASSEMBLY_USAGE_OCCURRENCE('NAUO82','Part 1','Part 1',#12477,
#12491,'');
#1251=NEXT_ASSEMBLY_USAGE_OCCURRENCE('NAUO83','Part 1','Part 1',#12477,
#12492,'');
#1252=NEXT_ASSEMBLY_USAGE_OCCURRENCE('NAUO84','Part 1','Part 1',#12477,
#12479,'');
#1253=NEXT_ASSEMBLY_USAGE_OCCURRENCE('NAUO85','Part 1','Part 1',#12477,
#12491,'');
#1254=NEXT_ASSEMBLY_USAGE_OCCURRENCE('NAUO86','Part 1','Part 1',#12477,
#12494,'');
#1255=NEXT_ASSEMBLY_USAGE_OCCURRENCE('NAUO87','Part 1','Part 1',#12477,
#12496,'');
#1256=NEXT_ASSEMBLY_USAGE_OCCURRENCE('NAUO88','Part 1','Part 1',#12477,
#12491,'');
#1257=NEXT_ASSEMBLY_USAGE_OCCURRENCE('NAUO89','Part 1','Part 1',#12477,
#12485,'');
#1258=NEXT_ASSEMBLY_USAGE_OCCURRENCE('NAUO90','Part 1','Part 1',#12477,
#12487,'');
#1259=NEXT_ASSEMBLY_USAGE_OCCURRENCE('NAUO91','Part 1','Part 1',#12477,
#12482,'');
#1260=NEXT_ASSEMBLY_USAGE_OCCURRENCE('NAUO92','Part 1','Part 1',#12477,
#12491,'');
#1261=NEXT_ASSEMBLY_USAGE_OCCURRENCE('NAUO93','Part 1','Part 1',#12477,
#12492,'');
#1262=NEXT_ASSEMBLY_USAGE_OCCURRENCE('NAUO94','Part 1','Part 1',#12477,
#12494,'');
#1263=NEXT_ASSEMBLY_USAGE_OCCURRENCE('NAUO95','Part 1','Part 1',#12477,
#12479,'');
#1264=NEXT_ASSEMBLY_USAGE_OCCURRENCE('NAUO96','Part 1','Part 1',#12477,
#12494,'');
#1265=NEXT_ASSEMBLY_USAGE_OCCURRENCE('NAUO97','Part 1','Part 1',#12477,
#12483,'');
#1266=NEXT_ASSEMBLY_USAGE_OCCURRENCE('NAUO98','Part 1','Part 1',#12477,
#12491,'');
#1267=(
REPRESENTATION_RELATIONSHIP(' ',' ',#7159,#7158)
REPRESENTATION_RELATIONSHIP_WITH_TRANSFORMATION(#1365)
SHAPE_REPRESENTATION_RELATIONSHIP()
);
#1268=(
REPRESENTATION_RELATIONSHIP(' ',' ',#7160,#7158)
REPRESENTATION_RELATIONSHIP_WITH_TRANSFORMATION(#1366)
SHAPE_REPRESENTATION_RELATIONSHIP()
);
#1269=(
REPRESENTATION_RELATIONSHIP(' ',' ',#7161,#7158)
REPRESENTATION_RELATIONSHIP_WITH_TRANSFORMATION(#1367)
SHAPE_REPRESENTATION_RELATIONSHIP()
);
#1270=(
REPRESENTATION_RELATIONSHIP(' ',' ',#7162,#7158)
REPRESENTATION_RELATIONSHIP_WITH_TRANSFORMATION(#1368)
SHAPE_REPRESENTATION_RELATIONSHIP()
);
#1271=(
REPRESENTATION_RELATIONSHIP(' ',' ',#7163,#7158)
REPRESENTATION_RELATIONSHIP_WITH_TRANSFORMATION(#1369)
SHAPE_REPRESENTATION_RELATIONSHIP()
);
#1272=(
REPRESENTATION_RELATIONSHIP(' ',' ',#7164,#7158)
REPRESENTATION_RELATIONSHIP_WITH_TRANSFORMATION(#1370)
SHAPE_REPRESENTATION_RELATIONSHIP()
);
#1273=(
REPRESENTATION_RELATIONSHIP(' ',' ',#7165,#7158)
REPRESENTATION_RELATIONSHIP_WITH_TRANSFORMATION(#1371)
SHAPE_REPRESENTATION_RELATIONSHIP()
);
#1274=(
REPRESENTATION_RELATIONSHIP(' ',' ',#7166,#7158)
REPRESENTATION_RELATIONSHIP_WITH_TRANSFORMATION(#1372)
SHAPE_REPRESENTATION_RELATIONSHIP()
);
#1275=(
REPRESENTATION_RELATIONSHIP(' ',' ',#7167,#7158)
REPRESENTATION_RELATIONSHIP_WITH_TRANSFORMATION(#1373)
SHAPE_REPRESENTATION_RELATIONSHIP()
);
#1276=(
REPRESENTATION_RELATIONSHIP(' ',' ',#7166,#7158)
REPRESENTATION_RELATIONSHIP_WITH_TRANSFORMATION(#1374)
SHAPE_REPRESENTATION_RELATIONSHIP()
);
#1277=(
REPRESENTATION_RELATIONSHIP(' ',' ',#7164,#7158)
REPRESENTATION_RELATIONSHIP_WITH_TRANSFORMATION(#1375)
SHAPE_REPRESENTATION_RELATIONSHIP()
);
#1278=(
REPRESENTATION_RELATIONSHIP(' ',' ',#7162,#7158)
REPRESENTATION_RELATIONSHIP_WITH_TRANSFORMATION(#1376)
SHAPE_REPRESENTATION_RELATIONSHIP()
);
#1279=(
REPRESENTATION_RELATIONSHIP(' ',' ',#7168,#7158)
REPRESENTATION_RELATIONSHIP_WITH_TRANSFORMATION(#1377)
SHAPE_REPRESENTATION_RELATIONSHIP()
);
#1280=(
REPRESENTATION_RELATIONSHIP(' ',' ',#7169,#7158)
REPRESENTATION_RELATIONSHIP_WITH_TRANSFORMATION(#1378)
SHAPE_REPRESENTATION_RELATIONSHIP()
);
#1281=(
REPRESENTATION_RELATIONSHIP(' ',' ',#7170,#7158)
REPRESENTATION_RELATIONSHIP_WITH_TRANSFORMATION(#1379)
SHAPE_REPRESENTATION_RELATIONSHIP()
);
#1282=(
REPRESENTATION_RELATIONSHIP(' ',' ',#7171,#7158)
REPRESENTATION_RELATIONSHIP_WITH_TRANSFORMATION(#1380)
SHAPE_REPRESENTATION_RELATIONSHIP()
);
#1283=(
REPRESENTATION_RELATIONSHIP(' ',' ',#7172,#7158)
REPRESENTATION_RELATIONSHIP_WITH_TRANSFORMATION(#1381)
SHAPE_REPRESENTATION_RELATIONSHIP()
);
#1284=(
REPRESENTATION_RELATIONSHIP(' ',' ',#7160,#7158)
REPRESENTATION_RELATIONSHIP_WITH_TRANSFORMATION(#1382)
SHAPE_REPRESENTATION_RELATIONSHIP()
);
#1285=(
REPRESENTATION_RELATIONSHIP(' ',' ',#7160,#7158)
REPRESENTATION_RELATIONSHIP_WITH_TRANSFORMATION(#1383)
SHAPE_REPRESENTATION_RELATIONSHIP()
);
#1286=(
REPRESENTATION_RELATIONSHIP(' ',' ',#7160,#7158)
REPRESENTATION_RELATIONSHIP_WITH_TRANSFORMATION(#1384)
SHAPE_REPRESENTATION_RELATIONSHIP()
);
#1287=(
REPRESENTATION_RELATIONSHIP(' ',' ',#7166,#7158)
REPRESENTATION_RELATIONSHIP_WITH_TRANSFORMATION(#1385)
SHAPE_REPRESENTATION_RELATIONSHIP()
);
#1288=(
REPRESENTATION_RELATIONSHIP(' ',' ',#7173,#7158)
REPRESENTATION_RELATIONSHIP_WITH_TRANSFORMATION(#1386)
SHAPE_REPRESENTATION_RELATIONSHIP()
);
#1289=(
REPRESENTATION_RELATIONSHIP(' ',' ',#7160,#7158)
REPRESENTATION_RELATIONSHIP_WITH_TRANSFORMATION(#1387)
SHAPE_REPRESENTATION_RELATIONSHIP()
);
#1290=(
REPRESENTATION_RELATIONSHIP(' ',' ',#7160,#7158)
REPRESENTATION_RELATIONSHIP_WITH_TRANSFORMATION(#1388)
SHAPE_REPRESENTATION_RELATIONSHIP()
);
#1291=(
REPRESENTATION_RELATIONSHIP(' ',' ',#7160,#7158)
REPRESENTATION_RELATIONSHIP_WITH_TRANSFORMATION(#1389)
SHAPE_REPRESENTATION_RELATIONSHIP()
);
#1292=(
REPRESENTATION_RELATIONSHIP(' ',' ',#7172,#7158)
REPRESENTATION_RELATIONSHIP_WITH_TRANSFORMATION(#1390)
SHAPE_REPRESENTATION_RELATIONSHIP()
);
#1293=(
REPRESENTATION_RELATIONSHIP(' ',' ',#7174,#7158)
REPRESENTATION_RELATIONSHIP_WITH_TRANSFORMATION(#1391)
SHAPE_REPRESENTATION_RELATIONSHIP()
);
#1294=(
REPRESENTATION_RELATIONSHIP(' ',' ',#7172,#7158)
REPRESENTATION_RELATIONSHIP_WITH_TRANSFORMATION(#1392)
SHAPE_REPRESENTATION_RELATIONSHIP()
);
#1295=(
REPRESENTATION_RELATIONSHIP(' ',' ',#7160,#7158)
REPRESENTATION_RELATIONSHIP_WITH_TRANSFORMATION(#1393)
SHAPE_REPRESENTATION_RELATIONSHIP()
);
#1296=(
REPRESENTATION_RELATIONSHIP(' ',' ',#7166,#7158)
REPRESENTATION_RELATIONSHIP_WITH_TRANSFORMATION(#1394)
SHAPE_REPRESENTATION_RELATIONSHIP()
);
#1297=(
REPRESENTATION_RELATIONSHIP(' ',' ',#7168,#7158)
REPRESENTATION_RELATIONSHIP_WITH_TRANSFORMATION(#1395)
SHAPE_REPRESENTATION_RELATIONSHIP()
);
#1298=(
REPRESENTATION_RELATIONSHIP(' ',' ',#7168,#7158)
REPRESENTATION_RELATIONSHIP_WITH_TRANSFORMATION(#1396)
SHAPE_REPRESENTATION_RELATIONSHIP()
);
#1299=(
REPRESENTATION_RELATIONSHIP(' ',' ',#7172,#7158)
REPRESENTATION_RELATIONSHIP_WITH_TRANSFORMATION(#1397)
SHAPE_REPRESENTATION_RELATIONSHIP()
);
#1300=(
REPRESENTATION_RELATIONSHIP(' ',' ',#7160,#7158)
REPRESENTATION_RELATIONSHIP_WITH_TRANSFORMATION(#1398)
SHAPE_REPRESENTATION_RELATIONSHIP()
);
#1301=(
REPRESENTATION_RELATIONSHIP(' ',' ',#7168,#7158)
REPRESENTATION_RELATIONSHIP_WITH_TRANSFORMATION(#1399)
SHAPE_REPRESENTATION_RELATIONSHIP()
);
#1302=(
REPRESENTATION_RELATIONSHIP(' ',' ',#7168,#7158)
REPRESENTATION_RELATIONSHIP_WITH_TRANSFORMATION(#1400)
SHAPE_REPRESENTATION_RELATIONSHIP()
);
#1303=(
REPRESENTATION_RELATIONSHIP(' ',' ',#7175,#7158)
REPRESENTATION_RELATIONSHIP_WITH_TRANSFORMATION(#1401)
SHAPE_REPRESENTATION_RELATIONSHIP()
);
#1304=(
REPRESENTATION_RELATIONSHIP(' ',' ',#7172,#7158)
REPRESENTATION_RELATIONSHIP_WITH_TRANSFORMATION(#1402)
SHAPE_REPRESENTATION_RELATIONSHIP()
);
#1305=(
REPRESENTATION_RELATIONSHIP(' ',' ',#7160,#7158)
REPRESENTATION_RELATIONSHIP_WITH_TRANSFORMATION(#1403)
SHAPE_REPRESENTATION_RELATIONSHIP()
);
#1306=(
REPRESENTATION_RELATIONSHIP(' ',' ',#7166,#7158)
REPRESENTATION_RELATIONSHIP_WITH_TRANSFORMATION(#1404)
SHAPE_REPRESENTATION_RELATIONSHIP()
);
#1307=(
REPRESENTATION_RELATIONSHIP(' ',' ',#7160,#7158)
REPRESENTATION_RELATIONSHIP_WITH_TRANSFORMATION(#1405)
SHAPE_REPRESENTATION_RELATIONSHIP()
);
#1308=(
REPRESENTATION_RELATIONSHIP(' ',' ',#7161,#7158)
REPRESENTATION_RELATIONSHIP_WITH_TRANSFORMATION(#1406)
SHAPE_REPRESENTATION_RELATIONSHIP()
);
#1309=(
REPRESENTATION_RELATIONSHIP(' ',' ',#7160,#7158)
REPRESENTATION_RELATIONSHIP_WITH_TRANSFORMATION(#1407)
SHAPE_REPRESENTATION_RELATIONSHIP()
);
#1310=(
REPRESENTATION_RELATIONSHIP(' ',' ',#7159,#7158)
REPRESENTATION_RELATIONSHIP_WITH_TRANSFORMATION(#1408)
SHAPE_REPRESENTATION_RELATIONSHIP()
);
#1311=(
REPRESENTATION_RELATIONSHIP(' ',' ',#7160,#7158)
REPRESENTATION_RELATIONSHIP_WITH_TRANSFORMATION(#1409)
SHAPE_REPRESENTATION_RELATIONSHIP()
);
#1312=(
REPRESENTATION_RELATIONSHIP(' ',' ',#7172,#7158)
REPRESENTATION_RELATIONSHIP_WITH_TRANSFORMATION(#1410)
SHAPE_REPRESENTATION_RELATIONSHIP()
);
#1313=(
REPRESENTATION_RELATIONSHIP(' ',' ',#7168,#7158)
REPRESENTATION_RELATIONSHIP_WITH_TRANSFORMATION(#1411)
SHAPE_REPRESENTATION_RELATIONSHIP()
);
#1314=(
REPRESENTATION_RELATIONSHIP(' ',' ',#7167,#7158)
REPRESENTATION_RELATIONSHIP_WITH_TRANSFORMATION(#1412)
SHAPE_REPRESENTATION_RELATIONSHIP()
);
#1315=(
REPRESENTATION_RELATIONSHIP(' ',' ',#7172,#7158)
REPRESENTATION_RELATIONSHIP_WITH_TRANSFORMATION(#1413)
SHAPE_REPRESENTATION_RELATIONSHIP()
);
#1316=(
REPRESENTATION_RELATIONSHIP(' ',' ',#7161,#7158)
REPRESENTATION_RELATIONSHIP_WITH_TRANSFORMATION(#1414)
SHAPE_REPRESENTATION_RELATIONSHIP()
);
#1317=(
REPRESENTATION_RELATIONSHIP(' ',' ',#7159,#7158)
REPRESENTATION_RELATIONSHIP_WITH_TRANSFORMATION(#1415)
SHAPE_REPRESENTATION_RELATIONSHIP()
);
#1318=(
REPRESENTATION_RELATIONSHIP(' ',' ',#7168,#7158)
REPRESENTATION_RELATIONSHIP_WITH_TRANSFORMATION(#1416)
SHAPE_REPRESENTATION_RELATIONSHIP()
);
#1319=(
REPRESENTATION_RELATIONSHIP(' ',' ',#7160,#7158)
REPRESENTATION_RELATIONSHIP_WITH_TRANSFORMATION(#1417)
SHAPE_REPRESENTATION_RELATIONSHIP()
);
#1320=(
REPRESENTATION_RELATIONSHIP(' ',' ',#7163,#7158)
REPRESENTATION_RELATIONSHIP_WITH_TRANSFORMATION(#1418)
SHAPE_REPRESENTATION_RELATIONSHIP()
);
#1321=(
REPRESENTATION_RELATIONSHIP(' ',' ',#7160,#7158)
REPRESENTATION_RELATIONSHIP_WITH_TRANSFORMATION(#1419)
SHAPE_REPRESENTATION_RELATIONSHIP()
);
#1322=(
REPRESENTATION_RELATIONSHIP(' ',' ',#7161,#7158)
REPRESENTATION_RELATIONSHIP_WITH_TRANSFORMATION(#1420)
SHAPE_REPRESENTATION_RELATIONSHIP()
);
#1323=(
REPRESENTATION_RELATIONSHIP(' ',' ',#7160,#7158)
REPRESENTATION_RELATIONSHIP_WITH_TRANSFORMATION(#1421)
SHAPE_REPRESENTATION_RELATIONSHIP()
);
#1324=(
REPRESENTATION_RELATIONSHIP(' ',' ',#7161,#7158)
REPRESENTATION_RELATIONSHIP_WITH_TRANSFORMATION(#1422)
SHAPE_REPRESENTATION_RELATIONSHIP()
);
#1325=(
REPRESENTATION_RELATIONSHIP(' ',' ',#7169,#7158)
REPRESENTATION_RELATIONSHIP_WITH_TRANSFORMATION(#1423)
SHAPE_REPRESENTATION_RELATIONSHIP()
);
#1326=(
REPRESENTATION_RELATIONSHIP(' ',' ',#7166,#7158)
REPRESENTATION_RELATIONSHIP_WITH_TRANSFORMATION(#1424)
SHAPE_REPRESENTATION_RELATIONSHIP()
);
#1327=(
REPRESENTATION_RELATIONSHIP(' ',' ',#7172,#7158)
REPRESENTATION_RELATIONSHIP_WITH_TRANSFORMATION(#1425)
SHAPE_REPRESENTATION_RELATIONSHIP()
);
#1328=(
REPRESENTATION_RELATIONSHIP(' ',' ',#7169,#7158)
REPRESENTATION_RELATIONSHIP_WITH_TRANSFORMATION(#1426)
SHAPE_REPRESENTATION_RELATIONSHIP()
);
#1329=(
REPRESENTATION_RELATIONSHIP(' ',' ',#7168,#7158)
REPRESENTATION_RELATIONSHIP_WITH_TRANSFORMATION(#1427)
SHAPE_REPRESENTATION_RELATIONSHIP()
);
#1330=(
REPRESENTATION_RELATIONSHIP(' ',' ',#7160,#7158)
REPRESENTATION_RELATIONSHIP_WITH_TRANSFORMATION(#1428)
SHAPE_REPRESENTATION_RELATIONSHIP()
);
#1331=(
REPRESENTATION_RELATIONSHIP(' ',' ',#7176,#7158)
REPRESENTATION_RELATIONSHIP_WITH_TRANSFORMATION(#1429)
SHAPE_REPRESENTATION_RELATIONSHIP()
);
#1332=(
REPRESENTATION_RELATIONSHIP(' ',' ',#7164,#7158)
REPRESENTATION_RELATIONSHIP_WITH_TRANSFORMATION(#1430)
SHAPE_REPRESENTATION_RELATIONSHIP()
);
#1333=(
REPRESENTATION_RELATIONSHIP(' ',' ',#7172,#7158)
REPRESENTATION_RELATIONSHIP_WITH_TRANSFORMATION(#1431)
SHAPE_REPRESENTATION_RELATIONSHIP()
);
#1334=(
REPRESENTATION_RELATIONSHIP(' ',' ',#7159,#7158)
REPRESENTATION_RELATIONSHIP_WITH_TRANSFORMATION(#1432)
SHAPE_REPRESENTATION_RELATIONSHIP()
);
#1335=(
REPRESENTATION_RELATIONSHIP(' ',' ',#7160,#7158)
REPRESENTATION_RELATIONSHIP_WITH_TRANSFORMATION(#1433)
SHAPE_REPRESENTATION_RELATIONSHIP()
);
#1336=(
REPRESENTATION_RELATIONSHIP(' ',' ',#7172,#7158)
REPRESENTATION_RELATIONSHIP_WITH_TRANSFORMATION(#1434)
SHAPE_REPRESENTATION_RELATIONSHIP()
);
#1337=(
REPRESENTATION_RELATIONSHIP(' ',' ',#7166,#7158)
REPRESENTATION_RELATIONSHIP_WITH_TRANSFORMATION(#1435)
SHAPE_REPRESENTATION_RELATIONSHIP()
);
#1338=(
REPRESENTATION_RELATIONSHIP(' ',' ',#7168,#7158)
REPRESENTATION_RELATIONSHIP_WITH_TRANSFORMATION(#1436)
SHAPE_REPRESENTATION_RELATIONSHIP()
);
#1339=(
REPRESENTATION_RELATIONSHIP(' ',' ',#7168,#7158)
REPRESENTATION_RELATIONSHIP_WITH_TRANSFORMATION(#1437)
SHAPE_REPRESENTATION_RELATIONSHIP()
);
#1340=(
REPRESENTATION_RELATIONSHIP(' ',' ',#7173,#7158)
REPRESENTATION_RELATIONSHIP_WITH_TRANSFORMATION(#1438)
SHAPE_REPRESENTATION_RELATIONSHIP()
);
#1341=(
REPRESENTATION_RELATIONSHIP(' ',' ',#7161,#7158)
REPRESENTATION_RELATIONSHIP_WITH_TRANSFORMATION(#1439)
SHAPE_REPRESENTATION_RELATIONSHIP()
);
#1342=(
REPRESENTATION_RELATIONSHIP(' ',' ',#7168,#7158)
REPRESENTATION_RELATIONSHIP_WITH_TRANSFORMATION(#1440)
SHAPE_REPRESENTATION_RELATIONSHIP()
);
#1343=(
REPRESENTATION_RELATIONSHIP(' ',' ',#7160,#7158)
REPRESENTATION_RELATIONSHIP_WITH_TRANSFORMATION(#1441)
SHAPE_REPRESENTATION_RELATIONSHIP()
);
#1344=(
REPRESENTATION_RELATIONSHIP(' ',' ',#7160,#7158)
REPRESENTATION_RELATIONSHIP_WITH_TRANSFORMATION(#1442)
SHAPE_REPRESENTATION_RELATIONSHIP()
);
#1345=(
REPRESENTATION_RELATIONSHIP(' ',' ',#7169,#7158)
REPRESENTATION_RELATIONSHIP_WITH_TRANSFORMATION(#1443)
SHAPE_REPRESENTATION_RELATIONSHIP()
);
#1346=(
REPRESENTATION_RELATIONSHIP(' ',' ',#7172,#7158)
REPRESENTATION_RELATIONSHIP_WITH_TRANSFORMATION(#1444)
SHAPE_REPRESENTATION_RELATIONSHIP()
);
#1347=(
REPRESENTATION_RELATIONSHIP(' ',' ',#7163,#7158)
REPRESENTATION_RELATIONSHIP_WITH_TRANSFORMATION(#1445)
SHAPE_REPRESENTATION_RELATIONSHIP()
);
#1348=(
REPRESENTATION_RELATIONSHIP(' ',' ',#7172,#7158)
REPRESENTATION_RELATIONSHIP_WITH_TRANSFORMATION(#1446)
SHAPE_REPRESENTATION_RELATIONSHIP()
);
#1349=(
REPRESENTATION_RELATIONSHIP(' ',' ',#7173,#7158)
REPRESENTATION_RELATIONSHIP_WITH_TRANSFORMATION(#1447)
SHAPE_REPRESENTATION_RELATIONSHIP()
);
#1350=(
REPRESENTATION_RELATIONSHIP(' ',' ',#7160,#7158)
REPRESENTATION_RELATIONSHIP_WITH_TRANSFORMATION(#1448)
SHAPE_REPRESENTATION_RELATIONSHIP()
);
#1351=(
REPRESENTATION_RELATIONSHIP(' ',' ',#7172,#7158)
REPRESENTATION_RELATIONSHIP_WITH_TRANSFORMATION(#1449)
SHAPE_REPRESENTATION_RELATIONSHIP()
);
#1352=(
REPRESENTATION_RELATIONSHIP(' ',' ',#7175,#7158)
REPRESENTATION_RELATIONSHIP_WITH_TRANSFORMATION(#1450)
SHAPE_REPRESENTATION_RELATIONSHIP()
);
#1353=(
REPRESENTATION_RELATIONSHIP(' ',' ',#7177,#7158)
REPRESENTATION_RELATIONSHIP_WITH_TRANSFORMATION(#1451)
SHAPE_REPRESENTATION_RELATIONSHIP()
);
#1354=(
REPRESENTATION_RELATIONSHIP(' ',' ',#7172,#7158)
REPRESENTATION_RELATIONSHIP_WITH_TRANSFORMATION(#1452)
SHAPE_REPRESENTATION_RELATIONSHIP()
);
#1355=(
REPRESENTATION_RELATIONSHIP(' ',' ',#7166,#7158)
REPRESENTATION_RELATIONSHIP_WITH_TRANSFORMATION(#1453)
SHAPE_REPRESENTATION_RELATIONSHIP()
);
#1356=(
REPRESENTATION_RELATIONSHIP(' ',' ',#7168,#7158)
REPRESENTATION_RELATIONSHIP_WITH_TRANSFORMATION(#1454)
SHAPE_REPRESENTATION_RELATIONSHIP()
);
#1357=(
REPRESENTATION_RELATIONSHIP(' ',' ',#7163,#7158)
REPRESENTATION_RELATIONSHIP_WITH_TRANSFORMATION(#1455)
SHAPE_REPRESENTATION_RELATIONSHIP()
);
#1358=(
REPRESENTATION_RELATIONSHIP(' ',' ',#7172,#7158)
REPRESENTATION_RELATIONSHIP_WITH_TRANSFORMATION(#1456)
SHAPE_REPRESENTATION_RELATIONSHIP()
);
#1359=(
REPRESENTATION_RELATIONSHIP(' ',' ',#7173,#7158)
REPRESENTATION_RELATIONSHIP_WITH_TRANSFORMATION(#1457)
SHAPE_REPRESENTATION_RELATIONSHIP()
);
#1360=(
REPRESENTATION_RELATIONSHIP(' ',' ',#7175,#7158)
REPRESENTATION_RELATIONSHIP_WITH_TRANSFORMATION(#1458)
SHAPE_REPRESENTATION_RELATIONSHIP()
);
#1361=(
REPRESENTATION_RELATIONSHIP(' ',' ',#7160,#7158)
REPRESENTATION_RELATIONSHIP_WITH_TRANSFORMATION(#1459)
SHAPE_REPRESENTATION_RELATIONSHIP()
);
#1362=(
REPRESENTATION_RELATIONSHIP(' ',' ',#7175,#7158)
REPRESENTATION_RELATIONSHIP_WITH_TRANSFORMATION(#1460)
SHAPE_REPRESENTATION_RELATIONSHIP()
);
#1363=(
REPRESENTATION_RELATIONSHIP(' ',' ',#7164,#7158)
REPRESENTATION_RELATIONSHIP_WITH_TRANSFORMATION(#1461)
SHAPE_REPRESENTATION_RELATIONSHIP()
);
#1364=(
REPRESENTATION_RELATIONSHIP(' ',' ',#7172,#7158)
REPRESENTATION_RELATIONSHIP_WITH_TRANSFORMATION(#1462)
SHAPE_REPRESENTATION_RELATIONSHIP()
);
#1365=ITEM_DEFINED_TRANSFORMATION(' ',' ',#7178,#7187);
#1366=ITEM_DEFINED_TRANSFORMATION(' ',' ',#7178,#7199);
#1367=ITEM_DEFINED_TRANSFORMATION(' ',' ',#7178,#7209);
#1368=ITEM_DEFINED_TRANSFORMATION(' ',' ',#7178,#7269);
#1369=ITEM_DEFINED_TRANSFORMATION(' ',' ',#7178,#7308);
#1370=ITEM_DEFINED_TRANSFORMATION(' ',' ',#7178,#7356);
#1371=ITEM_DEFINED_TRANSFORMATION(' ',' ',#7178,#7393);
#1372=ITEM_DEFINED_TRANSFORMATION(' ',' ',#7178,#7402);
#1373=ITEM_DEFINED_TRANSFORMATION(' ',' ',#7178,#7462);
#1374=ITEM_DEFINED_TRANSFORMATION(' ',' ',#7178,#7463);
#1375=ITEM_DEFINED_TRANSFORMATION(' ',' ',#7178,#7464);
#1376=ITEM_DEFINED_TRANSFORMATION(' ',' ',#7178,#7465);
#1377=ITEM_DEFINED_TRANSFORMATION(' ',' ',#7178,#7475);
#1378=ITEM_DEFINED_TRANSFORMATION(' ',' ',#7178,#7491);
#1379=ITEM_DEFINED_TRANSFORMATION(' ',' ',#7178,#7642);
#1380=ITEM_DEFINED_TRANSFORMATION(' ',' ',#7178,#7701);
#1381=ITEM_DEFINED_TRANSFORMATION(' ',' ',#7178,#7711);
#1382=ITEM_DEFINED_TRANSFORMATION(' ',' ',#7178,#7712);
#1383=ITEM_DEFINED_TRANSFORMATION(' ',' ',#7178,#7713);
#1384=ITEM_DEFINED_TRANSFORMATION(' ',' ',#7178,#7714);
#1385=ITEM_DEFINED_TRANSFORMATION(' ',' ',#7178,#7715);
#1386=ITEM_DEFINED_TRANSFORMATION(' ',' ',#7178,#7793);
#1387=ITEM_DEFINED_TRANSFORMATION(' ',' ',#7178,#7794);
#1388=ITEM_DEFINED_TRANSFORMATION(' ',' ',#7178,#7795);
#1389=ITEM_DEFINED_TRANSFORMATION(' ',' ',#7178,#7796);
#1390=ITEM_DEFINED_TRANSFORMATION(' ',' ',#7178,#7797);
#1391=ITEM_DEFINED_TRANSFORMATION(' ',' ',#7178,#7848);
#1392=ITEM_DEFINED_TRANSFORMATION(' ',' ',#7178,#7849);
#1393=ITEM_DEFINED_TRANSFORMATION(' ',' ',#7178,#7850);
#1394=ITEM_DEFINED_TRANSFORMATION(' ',' ',#7178,#7851);
#1395=ITEM_DEFINED_TRANSFORMATION(' ',' ',#7178,#7852);
#1396=ITEM_DEFINED_TRANSFORMATION(' ',' ',#7178,#7853);
#1397=ITEM_DEFINED_TRANSFORMATION(' ',' ',#7178,#7854);
#1398=ITEM_DEFINED_TRANSFORMATION(' ',' ',#7178,#7855);
#1399=ITEM_DEFINED_TRANSFORMATION(' ',' ',#7178,#7856);
#1400=ITEM_DEFINED_TRANSFORMATION(' ',' ',#7178,#7857);
#1401=ITEM_DEFINED_TRANSFORMATION(' ',' ',#7178,#7867);
#1402=ITEM_DEFINED_TRANSFORMATION(' ',' ',#7178,#7868);
#1403=ITEM_DEFINED_TRANSFORMATION(' ',' ',#7178,#7869);
#1404=ITEM_DEFINED_TRANSFORMATION(' ',' ',#7178,#7870);
#1405=ITEM_DEFINED_TRANSFORMATION(' ',' ',#7178,#7871);
#1406=ITEM_DEFINED_TRANSFORMATION(' ',' ',#7178,#7872);
#1407=ITEM_DEFINED_TRANSFORMATION(' ',' ',#7178,#7873);
#1408=ITEM_DEFINED_TRANSFORMATION(' ',' ',#7178,#7874);
#1409=ITEM_DEFINED_TRANSFORMATION(' ',' ',#7178,#7875);
#1410=ITEM_DEFINED_TRANSFORMATION(' ',' ',#7178,#7876);
#1411=ITEM_DEFINED_TRANSFORMATION(' ',' ',#7178,#7877);
#1412=ITEM_DEFINED_TRANSFORMATION(' ',' ',#7178,#7878);
#1413=ITEM_DEFINED_TRANSFORMATION(' ',' ',#7178,#7879);
#1414=ITEM_DEFINED_TRANSFORMATION(' ',' ',#7178,#7880);
#1415=ITEM_DEFINED_TRANSFORMATION(' ',' ',#7178,#7881);
#1416=ITEM_DEFINED_TRANSFORMATION(' ',' ',#7178,#7882);
#1417=ITEM_DEFINED_TRANSFORMATION(' ',' ',#7178,#7883);
#1418=ITEM_DEFINED_TRANSFORMATION(' ',' ',#7178,#7884);
#1419=ITEM_DEFINED_TRANSFORMATION(' ',' ',#7178,#7885);
#1420=ITEM_DEFINED_TRANSFORMATION(' ',' ',#7178,#7886);
#1421=ITEM_DEFINED_TRANSFORMATION(' ',' ',#7178,#7887);
#1422=ITEM_DEFINED_TRANSFORMATION(' ',' ',#7178,#7888);
#1423=ITEM_DEFINED_TRANSFORMATION(' ',' ',#7178,#7889);
#1424=ITEM_DEFINED_TRANSFORMATION(' ',' ',#7178,#7890);
#1425=ITEM_DEFINED_TRANSFORMATION(' ',' ',#7178,#7891);
#1426=ITEM_DEFINED_TRANSFORMATION(' ',' ',#7178,#7892);
#1427=ITEM_DEFINED_TRANSFORMATION(' ',' ',#7178,#7893);
#1428=ITEM_DEFINED_TRANSFORMATION(' ',' ',#7178,#7894);
#1429=ITEM_DEFINED_TRANSFORMATION(' ',' ',#7178,#7901);
#1430=ITEM_DEFINED_TRANSFORMATION(' ',' ',#7178,#7902);
#1431=ITEM_DEFINED_TRANSFORMATION(' ',' ',#7178,#7903);
#1432=ITEM_DEFINED_TRANSFORMATION(' ',' ',#7178,#7904);
#1433=ITEM_DEFINED_TRANSFORMATION(' ',' ',#7178,#7905);
#1434=ITEM_DEFINED_TRANSFORMATION(' ',' ',#7178,#7906);
#1435=ITEM_DEFINED_TRANSFORMATION(' ',' ',#7178,#7907);
#1436=ITEM_DEFINED_TRANSFORMATION(' ',' ',#7178,#7908);
#1437=ITEM_DEFINED_TRANSFORMATION(' ',' ',#7178,#7909);
#1438=ITEM_DEFINED_TRANSFORMATION(' ',' ',#7178,#7910);
#1439=ITEM_DEFINED_TRANSFORMATION(' ',' ',#7178,#7911);
#1440=ITEM_DEFINED_TRANSFORMATION(' ',' ',#7178,#7912);
#1441=ITEM_DEFINED_TRANSFORMATION(' ',' ',#7178,#7913);
#1442=ITEM_DEFINED_TRANSFORMATION(' ',' ',#7178,#7914);
#1443=ITEM_DEFINED_TRANSFORMATION(' ',' ',#7178,#7915);
#1444=ITEM_DEFINED_TRANSFORMATION(' ',' ',#7178,#7916);
#1445=ITEM_DEFINED_TRANSFORMATION(' ',' ',#7178,#7917);
#1446=ITEM_DEFINED_TRANSFORMATION(' ',' ',#7178,#7918);
#1447=ITEM_DEFINED_TRANSFORMATION(' ',' ',#7178,#7919);
#1448=ITEM_DEFINED_TRANSFORMATION(' ',' ',#7178,#7920);
#1449=ITEM_DEFINED_TRANSFORMATION(' ',' ',#7178,#7921);
#1450=ITEM_DEFINED_TRANSFORMATION(' ',' ',#7178,#7922);
#1451=ITEM_DEFINED_TRANSFORMATION(' ',' ',#7178,#7940);
#1452=ITEM_DEFINED_TRANSFORMATION(' ',' ',#7178,#7941);
#1453=ITEM_DEFINED_TRANSFORMATION(' ',' ',#7178,#7942);
#1454=ITEM_DEFINED_TRANSFORMATION(' ',' ',#7178,#7943);
#1455=ITEM_DEFINED_TRANSFORMATION(' ',' ',#7178,#7944);
#1456=ITEM_DEFINED_TRANSFORMATION(' ',' ',#7178,#7945);
#1457=ITEM_DEFINED_TRANSFORMATION(' ',' ',#7178,#7946);
#1458=ITEM_DEFINED_TRANSFORMATION(' ',' ',#7178,#7947);
#1459=ITEM_DEFINED_TRANSFORMATION(' ',' ',#7178,#7948);
#1460=ITEM_DEFINED_TRANSFORMATION(' ',' ',#7178,#7949);
#1461=ITEM_DEFINED_TRANSFORMATION(' ',' ',#7178,#7950);
#1462=ITEM_DEFINED_TRANSFORMATION(' ',' ',#7178,#7951);
#1463=SHAPE_REPRESENTATION_RELATIONSHIP('','',#7159,#1482);
#1464=SHAPE_REPRESENTATION_RELATIONSHIP('','',#7160,#1483);
#1465=SHAPE_REPRESENTATION_RELATIONSHIP('','',#7161,#1484);
#1466=SHAPE_REPRESENTATION_RELATIONSHIP('','',#7162,#1485);
#1467=SHAPE_REPRESENTATION_RELATIONSHIP('','',#7163,#1486);
#1468=SHAPE_REPRESENTATION_RELATIONSHIP('','',#7164,#1487);
#1469=SHAPE_REPRESENTATION_RELATIONSHIP('','',#7165,#1488);
#1470=SHAPE_REPRESENTATION_RELATIONSHIP('','',#7166,#1489);
#1471=SHAPE_REPRESENTATION_RELATIONSHIP('','',#7167,#1490);
#1472=SHAPE_REPRESENTATION_RELATIONSHIP('','',#7168,#1491);
#1473=SHAPE_REPRESENTATION_RELATIONSHIP('','',#7169,#1492);
#1474=SHAPE_REPRESENTATION_RELATIONSHIP('','',#7170,#1493);
#1475=SHAPE_REPRESENTATION_RELATIONSHIP('','',#7171,#1494);
#1476=SHAPE_REPRESENTATION_RELATIONSHIP('','',#7172,#1495);
#1477=SHAPE_REPRESENTATION_RELATIONSHIP('','',#7173,#1496);
#1478=SHAPE_REPRESENTATION_RELATIONSHIP('','',#7174,#1497);
#1479=SHAPE_REPRESENTATION_RELATIONSHIP('','',#7175,#1498);
#1480=SHAPE_REPRESENTATION_RELATIONSHIP('','',#7176,#1499);
#1481=SHAPE_REPRESENTATION_RELATIONSHIP('','',#7177,#1500);
#1482=ADVANCED_BREP_SHAPE_REPRESENTATION('',(#7119),#12317);
#1483=ADVANCED_BREP_SHAPE_REPRESENTATION('',(#7120),#12318);
#1484=ADVANCED_BREP_SHAPE_REPRESENTATION('',(#7121),#12319);
#1485=ADVANCED_BREP_SHAPE_REPRESENTATION('',(#7122),#12320);
#1486=ADVANCED_BREP_SHAPE_REPRESENTATION('',(#7123),#12321);
#1487=ADVANCED_BREP_SHAPE_REPRESENTATION('',(#7124),#12322);
#1488=ADVANCED_BREP_SHAPE_REPRESENTATION('',(#7125),#12323);
#1489=ADVANCED_BREP_SHAPE_REPRESENTATION('',(#7126),#12324);
#1490=ADVANCED_BREP_SHAPE_REPRESENTATION('',(#7127),#12325);
#1491=ADVANCED_BREP_SHAPE_REPRESENTATION('',(#7128),#12326);
#1492=ADVANCED_BREP_SHAPE_REPRESENTATION('',(#7129),#12327);
#1493=ADVANCED_BREP_SHAPE_REPRESENTATION('',(#7130),#12328);
#1494=ADVANCED_BREP_SHAPE_REPRESENTATION('',(#7131),#12329);
#1495=ADVANCED_BREP_SHAPE_REPRESENTATION('',(#7132),#12330);
#1496=ADVANCED_BREP_SHAPE_REPRESENTATION('',(#7133),#12331);
#1497=ADVANCED_BREP_SHAPE_REPRESENTATION('',(#7134),#12332);
#1498=ADVANCED_BREP_SHAPE_REPRESENTATION('',(#7135),#12333);
#1499=ADVANCED_BREP_SHAPE_REPRESENTATION('',(#7136),#12334);
#1500=ADVANCED_BREP_SHAPE_REPRESENTATION('',(#7137),#12335);
#1501=PLANE('',#7185);
#1502=PLANE('',#7186);
#1503=PLANE('',#7188);
#1504=PLANE('',#7189);
#1505=PLANE('',#7190);
#1506=PLANE('',#7191);
#1507=PLANE('',#7192);
#1508=PLANE('',#7196);
#1509=PLANE('',#7197);
#1510=PLANE('',#7198);
#1511=PLANE('',#7203);
#1512=PLANE('',#7205);
#1513=PLANE('',#7208);
#1514=PLANE('',#7228);
#1515=PLANE('',#7235);
#1516=PLANE('',#7236);
#1517=PLANE('',#7239);
#1518=PLANE('',#7240);
#1519=PLANE('',#7241);
#1520=PLANE('',#7242);
#1521=PLANE('',#7245);
#1522=PLANE('',#7246);
#1523=PLANE('',#7247);
#1524=PLANE('',#7250);
#1525=PLANE('',#7253);
#1526=PLANE('',#7256);
#1527=PLANE('',#7259);
#1528=PLANE('',#7262);
#1529=PLANE('',#7265);
#1530=PLANE('',#7268);
#1531=PLANE('',#7276);
#1532=PLANE('',#7278);
#1533=PLANE('',#7284);
#1534=PLANE('',#7285);
#1535=PLANE('',#7294);
#1536=PLANE('',#7299);
#1537=PLANE('',#7309);
#1538=PLANE('',#7312);
#1539=PLANE('',#7315);
#1540=PLANE('',#7318);
#1541=PLANE('',#7321);
#1542=PLANE('',#7322);
#1543=PLANE('',#7323);
#1544=PLANE('',#7326);
#1545=PLANE('',#7327);
#1546=PLANE('',#7328);
#1547=PLANE('',#7331);
#1548=PLANE('',#7332);
#1549=PLANE('',#7333);
#1550=PLANE('',#7337);
#1551=PLANE('',#7338);
#1552=PLANE('',#7339);
#1553=PLANE('',#7341);
#1554=PLANE('',#7345);
#1555=PLANE('',#7348);
#1556=PLANE('',#7349);
#1557=PLANE('',#7350);
#1558=PLANE('',#7351);
#1559=PLANE('',#7352);
#1560=PLANE('',#7353);
#1561=PLANE('',#7354);
#1562=PLANE('',#7355);
#1563=PLANE('',#7357);
#1564=PLANE('',#7358);
#1565=PLANE('',#7359);
#1566=PLANE('',#7360);
#1567=PLANE('',#7361);
#1568=PLANE('',#7366);
#1569=PLANE('',#7379);
#1570=PLANE('',#7380);
#1571=PLANE('',#7381);
#1572=PLANE('',#7382);
#1573=PLANE('',#7383);
#1574=PLANE('',#7388);
#1575=PLANE('',#7400);
#1576=PLANE('',#7401);
#1577=PLANE('',#7421);
#1578=PLANE('',#7422);
#1579=PLANE('',#7423);
#1580=PLANE('',#7430);
#1581=PLANE('',#7431);
#1582=PLANE('',#7434);
#1583=PLANE('',#7435);
#1584=PLANE('',#7438);
#1585=PLANE('',#7439);
#1586=PLANE('',#7440);
#1587=PLANE('',#7443);
#1588=PLANE('',#7446);
#1589=PLANE('',#7449);
#1590=PLANE('',#7450);
#1591=PLANE('',#7453);
#1592=PLANE('',#7456);
#1593=PLANE('',#7459);
#1594=PLANE('',#7469);
#1595=PLANE('',#7471);
#1596=PLANE('',#7474);
#1597=PLANE('',#7476);
#1598=PLANE('',#7477);
#1599=PLANE('',#7478);
#1600=PLANE('',#7479);
#1601=PLANE('',#7480);
#1602=PLANE('',#7484);
#1603=PLANE('',#7485);
#1604=PLANE('',#7489);
#1605=PLANE('',#7490);
#1606=PLANE('',#7492);
#1607=PLANE('',#7529);
#1608=PLANE('',#7530);
#1609=PLANE('',#7537);
#1610=PLANE('',#7548);
#1611=PLANE('',#7549);
#1612=PLANE('',#7550);
#1613=PLANE('',#7551);
#1614=PLANE('',#7552);
#1615=PLANE('',#7553);
#1616=PLANE('',#7554);
#1617=PLANE('',#7555);
#1618=PLANE('',#7556);
#1619=PLANE('',#7557);
#1620=PLANE('',#7558);
#1621=PLANE('',#7559);
#1622=PLANE('',#7560);
#1623=PLANE('',#7561);
#1624=PLANE('',#7562);
#1625=PLANE('',#7563);
#1626=PLANE('',#7564);
#1627=PLANE('',#7565);
#1628=PLANE('',#7566);
#1629=PLANE('',#7567);
#1630=PLANE('',#7568);
#1631=PLANE('',#7569);
#1632=PLANE('',#7570);
#1633=PLANE('',#7571);
#1634=PLANE('',#7572);
#1635=PLANE('',#7573);
#1636=PLANE('',#7574);
#1637=PLANE('',#7575);
#1638=PLANE('',#7576);
#1639=PLANE('',#7577);
#1640=PLANE('',#7578);
#1641=PLANE('',#7579);
#1642=PLANE('',#7580);
#1643=PLANE('',#7581);
#1644=PLANE('',#7582);
#1645=PLANE('',#7583);
#1646=PLANE('',#7584);
#1647=PLANE('',#7585);
#1648=PLANE('',#7586);
#1649=PLANE('',#7587);
#1650=PLANE('',#7588);
#1651=PLANE('',#7589);
#1652=PLANE('',#7590);
#1653=PLANE('',#7591);
#1654=PLANE('',#7592);
#1655=PLANE('',#7593);
#1656=PLANE('',#7594);
#1657=PLANE('',#7595);
#1658=PLANE('',#7596);
#1659=PLANE('',#7597);
#1660=PLANE('',#7598);
#1661=PLANE('',#7599);
#1662=PLANE('',#7600);
#1663=PLANE('',#7601);
#1664=PLANE('',#7602);
#1665=PLANE('',#7603);
#1666=PLANE('',#7604);
#1667=PLANE('',#7605);
#1668=PLANE('',#7606);
#1669=PLANE('',#7607);
#1670=PLANE('',#7614);
#1671=PLANE('',#7615);
#1672=PLANE('',#7616);
#1673=PLANE('',#7617);
#1674=PLANE('',#7618);
#1675=PLANE('',#7619);
#1676=PLANE('',#7620);
#1677=PLANE('',#7621);
#1678=PLANE('',#7624);
#1679=PLANE('',#7627);
#1680=PLANE('',#7630);
#1681=PLANE('',#7633);
#1682=PLANE('',#7634);
#1683=PLANE('',#7635);
#1684=PLANE('',#7636);
#1685=PLANE('',#7637);
#1686=PLANE('',#7638);
#1687=PLANE('',#7639);
#1688=PLANE('',#7640);
#1689=PLANE('',#7641);
#1690=PLANE('',#7643);
#1691=PLANE('',#7647);
#1692=PLANE('',#7650);
#1693=PLANE('',#7651);
#1694=PLANE('',#7654);
#1695=PLANE('',#7655);
#1696=PLANE('',#7659);
#1697=PLANE('',#7684);
#1698=PLANE('',#7685);
#1699=PLANE('',#7687);
#1700=PLANE('',#7688);
#1701=PLANE('',#7690);
#1702=PLANE('',#7692);
#1703=PLANE('',#7693);
#1704=PLANE('',#7695);
#1705=PLANE('',#7696);
#1706=PLANE('',#7705);
#1707=PLANE('',#7707);
#1708=PLANE('',#7710);
#1709=PLANE('',#7728);
#1710=PLANE('',#7729);
#1711=PLANE('',#7736);
#1712=PLANE('',#7737);
#1713=PLANE('',#7742);
#1714=PLANE('',#7750);
#1715=PLANE('',#7754);
#1716=PLANE('',#7759);
#1717=PLANE('',#7767);
#1718=PLANE('',#7771);
#1719=PLANE('',#7776);
#1720=PLANE('',#7798);
#1721=PLANE('',#7799);
#1722=PLANE('',#7800);
#1723=PLANE('',#7801);
#1724=PLANE('',#7802);
#1725=PLANE('',#7803);
#1726=PLANE('',#7861);
#1727=PLANE('',#7863);
#1728=PLANE('',#7866);
#1729=PLANE('',#7895);
#1730=PLANE('',#7896);
#1731=PLANE('',#7897);
#1732=PLANE('',#7898);
#1733=PLANE('',#7899);
#1734=PLANE('',#7900);
#1735=PLANE('',#7923);
#1736=PLANE('',#7924);
#1737=PLANE('',#7925);
#1738=PLANE('',#7926);
#1739=PLANE('',#7927);
#1740=PLANE('',#7929);
#1741=PLANE('',#7937);
#1742=PLANE('',#7938);
#1743=PLANE('',#7939);
#1744=ORIENTED_EDGE('',*,*,#3412,.T.);
#1745=ORIENTED_EDGE('',*,*,#3413,.F.);
#1746=ORIENTED_EDGE('',*,*,#3414,.F.);
#1747=ORIENTED_EDGE('',*,*,#3415,.T.);
#1748=ORIENTED_EDGE('',*,*,#3412,.F.);
#1749=ORIENTED_EDGE('',*,*,#3414,.T.);
#1750=ORIENTED_EDGE('',*,*,#3413,.T.);
#1751=ORIENTED_EDGE('',*,*,#3415,.F.);
#1752=ORIENTED_EDGE('',*,*,#3416,.T.);
#1753=ORIENTED_EDGE('',*,*,#3417,.F.);
#1754=ORIENTED_EDGE('',*,*,#3418,.F.);
#1755=ORIENTED_EDGE('',*,*,#3419,.T.);
#1756=ORIENTED_EDGE('',*,*,#3420,.T.);
#1757=ORIENTED_EDGE('',*,*,#3421,.F.);
#1758=ORIENTED_EDGE('',*,*,#3422,.F.);
#1759=ORIENTED_EDGE('',*,*,#3417,.T.);
#1760=ORIENTED_EDGE('',*,*,#3423,.T.);
#1761=ORIENTED_EDGE('',*,*,#3424,.F.);
#1762=ORIENTED_EDGE('',*,*,#3425,.F.);
#1763=ORIENTED_EDGE('',*,*,#3421,.T.);
#1764=ORIENTED_EDGE('',*,*,#3426,.T.);
#1765=ORIENTED_EDGE('',*,*,#3427,.F.);
#1766=ORIENTED_EDGE('',*,*,#3428,.F.);
#1767=ORIENTED_EDGE('',*,*,#3424,.T.);
#1768=ORIENTED_EDGE('',*,*,#3429,.T.);
#1769=ORIENTED_EDGE('',*,*,#3430,.F.);
#1770=ORIENTED_EDGE('',*,*,#3431,.F.);
#1771=ORIENTED_EDGE('',*,*,#3427,.T.);
#1772=ORIENTED_EDGE('',*,*,#3432,.T.);
#1773=ORIENTED_EDGE('',*,*,#3433,.F.);
#1774=ORIENTED_EDGE('',*,*,#3434,.T.);
#1775=ORIENTED_EDGE('',*,*,#3419,.F.);
#1776=ORIENTED_EDGE('',*,*,#3435,.F.);
#1777=ORIENTED_EDGE('',*,*,#3430,.T.);
#1778=ORIENTED_EDGE('',*,*,#3432,.F.);
#1779=ORIENTED_EDGE('',*,*,#3418,.T.);
#1780=ORIENTED_EDGE('',*,*,#3422,.T.);
#1781=ORIENTED_EDGE('',*,*,#3425,.T.);
#1782=ORIENTED_EDGE('',*,*,#3428,.T.);
#1783=ORIENTED_EDGE('',*,*,#3431,.T.);
#1784=ORIENTED_EDGE('',*,*,#3435,.T.);
#1785=ORIENTED_EDGE('',*,*,#3433,.T.);
#1786=ORIENTED_EDGE('',*,*,#3416,.F.);
#1787=ORIENTED_EDGE('',*,*,#3434,.F.);
#1788=ORIENTED_EDGE('',*,*,#3429,.F.);
#1789=ORIENTED_EDGE('',*,*,#3426,.F.);
#1790=ORIENTED_EDGE('',*,*,#3423,.F.);
#1791=ORIENTED_EDGE('',*,*,#3420,.F.);
#1792=ORIENTED_EDGE('',*,*,#3436,.F.);
#1793=ORIENTED_EDGE('',*,*,#3437,.T.);
#1794=ORIENTED_EDGE('',*,*,#3438,.F.);
#1795=ORIENTED_EDGE('',*,*,#3436,.T.);
#1796=ORIENTED_EDGE('',*,*,#3437,.F.);
#1797=ORIENTED_EDGE('',*,*,#3439,.F.);
#1798=ORIENTED_EDGE('',*,*,#3438,.T.);
#1799=ORIENTED_EDGE('',*,*,#3439,.T.);
#1800=ORIENTED_EDGE('',*,*,#3440,.T.);
#1801=ORIENTED_EDGE('',*,*,#3441,.F.);
#1802=ORIENTED_EDGE('',*,*,#3442,.T.);
#1803=ORIENTED_EDGE('',*,*,#3443,.F.);
#1804=ORIENTED_EDGE('',*,*,#3444,.T.);
#1805=ORIENTED_EDGE('',*,*,#3445,.F.);
#1806=ORIENTED_EDGE('',*,*,#3446,.T.);
#1807=ORIENTED_EDGE('',*,*,#3447,.F.);
#1808=ORIENTED_EDGE('',*,*,#3448,.T.);
#1809=ORIENTED_EDGE('',*,*,#3449,.T.);
#1810=ORIENTED_EDGE('',*,*,#3450,.T.);
#1811=ORIENTED_EDGE('',*,*,#3451,.T.);
#1812=ORIENTED_EDGE('',*,*,#3452,.F.);
#1813=ORIENTED_EDGE('',*,*,#3453,.F.);
#1814=ORIENTED_EDGE('',*,*,#3454,.F.);
#1815=ORIENTED_EDGE('',*,*,#3455,.F.);
#1816=ORIENTED_EDGE('',*,*,#3456,.F.);
#1817=ORIENTED_EDGE('',*,*,#3457,.F.);
#1818=ORIENTED_EDGE('',*,*,#3458,.T.);
#1819=ORIENTED_EDGE('',*,*,#3459,.T.);
#1820=ORIENTED_EDGE('',*,*,#3460,.F.);
#1821=ORIENTED_EDGE('',*,*,#3461,.F.);
#1822=ORIENTED_EDGE('',*,*,#3462,.F.);
#1823=ORIENTED_EDGE('',*,*,#3463,.T.);
#1824=ORIENTED_EDGE('',*,*,#3464,.T.);
#1825=ORIENTED_EDGE('',*,*,#3465,.T.);
#1826=ORIENTED_EDGE('',*,*,#3462,.T.);
#1827=ORIENTED_EDGE('',*,*,#3466,.F.);
#1828=ORIENTED_EDGE('',*,*,#3467,.F.);
#1829=ORIENTED_EDGE('',*,*,#3468,.T.);
#1830=ORIENTED_EDGE('',*,*,#3461,.T.);
#1831=ORIENTED_EDGE('',*,*,#3469,.F.);
#1832=ORIENTED_EDGE('',*,*,#3470,.F.);
#1833=ORIENTED_EDGE('',*,*,#3466,.T.);
#1834=ORIENTED_EDGE('',*,*,#3460,.T.);
#1835=ORIENTED_EDGE('',*,*,#3471,.F.);
#1836=ORIENTED_EDGE('',*,*,#3472,.F.);
#1837=ORIENTED_EDGE('',*,*,#3469,.T.);
#1838=ORIENTED_EDGE('',*,*,#3459,.F.);
#1839=ORIENTED_EDGE('',*,*,#3473,.F.);
#1840=ORIENTED_EDGE('',*,*,#3474,.T.);
#1841=ORIENTED_EDGE('',*,*,#3471,.T.);
#1842=ORIENTED_EDGE('',*,*,#3475,.F.);
#1843=ORIENTED_EDGE('',*,*,#3476,.F.);
#1844=ORIENTED_EDGE('',*,*,#3477,.T.);
#1845=ORIENTED_EDGE('',*,*,#3473,.T.);
#1846=ORIENTED_EDGE('',*,*,#3458,.F.);
#1847=ORIENTED_EDGE('',*,*,#3478,.F.);
#1848=ORIENTED_EDGE('',*,*,#3476,.T.);
#1849=ORIENTED_EDGE('',*,*,#3479,.T.);
#1850=ORIENTED_EDGE('',*,*,#3468,.F.);
#1851=ORIENTED_EDGE('',*,*,#3480,.F.);
#1852=ORIENTED_EDGE('',*,*,#3481,.F.);
#1853=ORIENTED_EDGE('',*,*,#3482,.F.);
#1854=ORIENTED_EDGE('',*,*,#3446,.F.);
#1855=ORIENTED_EDGE('',*,*,#3444,.F.);
#1856=ORIENTED_EDGE('',*,*,#3442,.F.);
#1857=ORIENTED_EDGE('',*,*,#3440,.F.);
#1858=ORIENTED_EDGE('',*,*,#3467,.T.);
#1859=ORIENTED_EDGE('',*,*,#3470,.T.);
#1860=ORIENTED_EDGE('',*,*,#3472,.T.);
#1861=ORIENTED_EDGE('',*,*,#3474,.F.);
#1862=ORIENTED_EDGE('',*,*,#3477,.F.);
#1863=ORIENTED_EDGE('',*,*,#3480,.T.);
#1864=ORIENTED_EDGE('',*,*,#3457,.T.);
#1865=ORIENTED_EDGE('',*,*,#3483,.F.);
#1866=ORIENTED_EDGE('',*,*,#3484,.F.);
#1867=ORIENTED_EDGE('',*,*,#3478,.T.);
#1868=ORIENTED_EDGE('',*,*,#3463,.F.);
#1869=ORIENTED_EDGE('',*,*,#3465,.F.);
#1870=ORIENTED_EDGE('',*,*,#3485,.T.);
#1871=ORIENTED_EDGE('',*,*,#3483,.T.);
#1872=ORIENTED_EDGE('',*,*,#3450,.F.);
#1873=ORIENTED_EDGE('',*,*,#3448,.F.);
#1874=ORIENTED_EDGE('',*,*,#3475,.T.);
#1875=ORIENTED_EDGE('',*,*,#3484,.T.);
#1876=ORIENTED_EDGE('',*,*,#3485,.F.);
#1877=ORIENTED_EDGE('',*,*,#3464,.F.);
#1878=ORIENTED_EDGE('',*,*,#3479,.F.);
#1879=ORIENTED_EDGE('',*,*,#3486,.F.);
#1880=ORIENTED_EDGE('',*,*,#3456,.T.);
#1881=ORIENTED_EDGE('',*,*,#3486,.T.);
#1882=ORIENTED_EDGE('',*,*,#3481,.T.);
#1883=ORIENTED_EDGE('',*,*,#3487,.F.);
#1884=ORIENTED_EDGE('',*,*,#3451,.F.);
#1885=ORIENTED_EDGE('',*,*,#3487,.T.);
#1886=ORIENTED_EDGE('',*,*,#3482,.T.);
#1887=ORIENTED_EDGE('',*,*,#3488,.F.);
#1888=ORIENTED_EDGE('',*,*,#3449,.F.);
#1889=ORIENTED_EDGE('',*,*,#3488,.T.);
#1890=ORIENTED_EDGE('',*,*,#3489,.F.);
#1891=ORIENTED_EDGE('',*,*,#3455,.T.);
#1892=ORIENTED_EDGE('',*,*,#3447,.T.);
#1893=ORIENTED_EDGE('',*,*,#3489,.T.);
#1894=ORIENTED_EDGE('',*,*,#3490,.F.);
#1895=ORIENTED_EDGE('',*,*,#3454,.T.);
#1896=ORIENTED_EDGE('',*,*,#3445,.T.);
#1897=ORIENTED_EDGE('',*,*,#3490,.T.);
#1898=ORIENTED_EDGE('',*,*,#3491,.F.);
#1899=ORIENTED_EDGE('',*,*,#3453,.T.);
#1900=ORIENTED_EDGE('',*,*,#3443,.T.);
#1901=ORIENTED_EDGE('',*,*,#3491,.T.);
#1902=ORIENTED_EDGE('',*,*,#3492,.F.);
#1903=ORIENTED_EDGE('',*,*,#3452,.T.);
#1904=ORIENTED_EDGE('',*,*,#3441,.T.);
#1905=ORIENTED_EDGE('',*,*,#3492,.T.);
#1906=ORIENTED_EDGE('',*,*,#3493,.T.);
#1907=ORIENTED_EDGE('',*,*,#3494,.F.);
#1908=ORIENTED_EDGE('',*,*,#3495,.T.);
#1909=ORIENTED_EDGE('',*,*,#3496,.T.);
#1910=ORIENTED_EDGE('',*,*,#3493,.F.);
#1911=ORIENTED_EDGE('',*,*,#3497,.T.);
#1912=ORIENTED_EDGE('',*,*,#3498,.F.);
#1913=ORIENTED_EDGE('',*,*,#3496,.F.);
#1914=ORIENTED_EDGE('',*,*,#3495,.F.);
#1915=ORIENTED_EDGE('',*,*,#3497,.F.);
#1916=ORIENTED_EDGE('',*,*,#3499,.T.);
#1917=ORIENTED_EDGE('',*,*,#3500,.F.);
#1918=ORIENTED_EDGE('',*,*,#3499,.F.);
#1919=ORIENTED_EDGE('',*,*,#3494,.T.);
#1920=ORIENTED_EDGE('',*,*,#3500,.T.);
#1921=ORIENTED_EDGE('',*,*,#3501,.F.);
#1922=ORIENTED_EDGE('',*,*,#3502,.F.);
#1923=ORIENTED_EDGE('',*,*,#3503,.F.);
#1924=ORIENTED_EDGE('',*,*,#3504,.F.);
#1925=ORIENTED_EDGE('',*,*,#3498,.T.);
#1926=ORIENTED_EDGE('',*,*,#3505,.F.);
#1927=ORIENTED_EDGE('',*,*,#3506,.T.);
#1928=ORIENTED_EDGE('',*,*,#3507,.F.);
#1929=ORIENTED_EDGE('',*,*,#3508,.F.);
#1930=ORIENTED_EDGE('',*,*,#3509,.F.);
#1931=ORIENTED_EDGE('',*,*,#3510,.F.);
#1932=ORIENTED_EDGE('',*,*,#3505,.T.);
#1933=ORIENTED_EDGE('',*,*,#3502,.T.);
#1934=ORIENTED_EDGE('',*,*,#3511,.T.);
#1935=ORIENTED_EDGE('',*,*,#3501,.T.);
#1936=ORIENTED_EDGE('',*,*,#3512,.T.);
#1937=ORIENTED_EDGE('',*,*,#3504,.T.);
#1938=ORIENTED_EDGE('',*,*,#3513,.T.);
#1939=ORIENTED_EDGE('',*,*,#3503,.T.);
#1940=ORIENTED_EDGE('',*,*,#3514,.T.);
#1941=ORIENTED_EDGE('',*,*,#3506,.F.);
#1942=ORIENTED_EDGE('',*,*,#3514,.F.);
#1943=ORIENTED_EDGE('',*,*,#3510,.T.);
#1944=ORIENTED_EDGE('',*,*,#3513,.F.);
#1945=ORIENTED_EDGE('',*,*,#3509,.T.);
#1946=ORIENTED_EDGE('',*,*,#3512,.F.);
#1947=ORIENTED_EDGE('',*,*,#3508,.T.);
#1948=ORIENTED_EDGE('',*,*,#3511,.F.);
#1949=ORIENTED_EDGE('',*,*,#3507,.T.);
#1950=ORIENTED_EDGE('',*,*,#3515,.F.);
#1951=ORIENTED_EDGE('',*,*,#3516,.T.);
#1952=ORIENTED_EDGE('',*,*,#3517,.T.);
#1953=ORIENTED_EDGE('',*,*,#3518,.T.);
#1954=ORIENTED_EDGE('',*,*,#3519,.F.);
#1955=ORIENTED_EDGE('',*,*,#3520,.T.);
#1956=ORIENTED_EDGE('',*,*,#3521,.T.);
#1957=ORIENTED_EDGE('',*,*,#3522,.T.);
#1958=ORIENTED_EDGE('',*,*,#3523,.F.);
#1959=ORIENTED_EDGE('',*,*,#3524,.T.);
#1960=ORIENTED_EDGE('',*,*,#3525,.T.);
#1961=ORIENTED_EDGE('',*,*,#3526,.T.);
#1962=ORIENTED_EDGE('',*,*,#3527,.T.);
#1963=ORIENTED_EDGE('',*,*,#3528,.T.);
#1964=ORIENTED_EDGE('',*,*,#3529,.F.);
#1965=ORIENTED_EDGE('',*,*,#3530,.F.);
#1966=ORIENTED_EDGE('',*,*,#3517,.F.);
#1967=ORIENTED_EDGE('',*,*,#3531,.T.);
#1968=ORIENTED_EDGE('',*,*,#3532,.F.);
#1969=ORIENTED_EDGE('',*,*,#3533,.T.);
#1970=ORIENTED_EDGE('',*,*,#3530,.T.);
#1971=ORIENTED_EDGE('',*,*,#3534,.T.);
#1972=ORIENTED_EDGE('',*,*,#3535,.F.);
#1973=ORIENTED_EDGE('',*,*,#3536,.T.);
#1974=ORIENTED_EDGE('',*,*,#3537,.F.);
#1975=ORIENTED_EDGE('',*,*,#3538,.T.);
#1976=ORIENTED_EDGE('',*,*,#3539,.T.);
#1977=ORIENTED_EDGE('',*,*,#3540,.T.);
#1978=ORIENTED_EDGE('',*,*,#3535,.T.);
#1979=ORIENTED_EDGE('',*,*,#3541,.F.);
#1980=ORIENTED_EDGE('',*,*,#3542,.T.);
#1981=ORIENTED_EDGE('',*,*,#3543,.T.);
#1982=ORIENTED_EDGE('',*,*,#3544,.F.);
#1983=ORIENTED_EDGE('',*,*,#3545,.T.);
#1984=ORIENTED_EDGE('',*,*,#3546,.T.);
#1985=ORIENTED_EDGE('',*,*,#3547,.T.);
#1986=ORIENTED_EDGE('',*,*,#3548,.T.);
#1987=ORIENTED_EDGE('',*,*,#3549,.F.);
#1988=ORIENTED_EDGE('',*,*,#3550,.F.);
#1989=ORIENTED_EDGE('',*,*,#3551,.T.);
#1990=ORIENTED_EDGE('',*,*,#3552,.F.);
#1991=ORIENTED_EDGE('',*,*,#3553,.T.);
#1992=ORIENTED_EDGE('',*,*,#3521,.F.);
#1993=ORIENTED_EDGE('',*,*,#3554,.T.);
#1994=ORIENTED_EDGE('',*,*,#3555,.F.);
#1995=ORIENTED_EDGE('',*,*,#3556,.T.);
#1996=ORIENTED_EDGE('',*,*,#3549,.T.);
#1997=ORIENTED_EDGE('',*,*,#3557,.T.);
#1998=ORIENTED_EDGE('',*,*,#3558,.T.);
#1999=ORIENTED_EDGE('',*,*,#3559,.T.);
#2000=ORIENTED_EDGE('',*,*,#3550,.T.);
#2001=ORIENTED_EDGE('',*,*,#3560,.F.);
#2002=ORIENTED_EDGE('',*,*,#3561,.T.);
#2003=ORIENTED_EDGE('',*,*,#3562,.T.);
#2004=ORIENTED_EDGE('',*,*,#3563,.T.);
#2005=ORIENTED_EDGE('',*,*,#3564,.T.);
#2006=ORIENTED_EDGE('',*,*,#3565,.T.);
#2007=ORIENTED_EDGE('',*,*,#3566,.T.);
#2008=ORIENTED_EDGE('',*,*,#3567,.T.);
#2009=ORIENTED_EDGE('',*,*,#3568,.F.);
#2010=ORIENTED_EDGE('',*,*,#3525,.F.);
#2011=ORIENTED_EDGE('',*,*,#3569,.T.);
#2012=ORIENTED_EDGE('',*,*,#3570,.F.);
#2013=ORIENTED_EDGE('',*,*,#3571,.T.);
#2014=ORIENTED_EDGE('',*,*,#3568,.T.);
#2015=ORIENTED_EDGE('',*,*,#3572,.T.);
#2016=ORIENTED_EDGE('',*,*,#3573,.F.);
#2017=ORIENTED_EDGE('',*,*,#3574,.T.);
#2018=ORIENTED_EDGE('',*,*,#3575,.F.);
#2019=ORIENTED_EDGE('',*,*,#3576,.T.);
#2020=ORIENTED_EDGE('',*,*,#3577,.T.);
#2021=ORIENTED_EDGE('',*,*,#3578,.T.);
#2022=ORIENTED_EDGE('',*,*,#3573,.T.);
#2023=ORIENTED_EDGE('',*,*,#3579,.T.);
#2024=ORIENTED_EDGE('',*,*,#3580,.T.);
#2025=ORIENTED_EDGE('',*,*,#3581,.T.);
#2026=ORIENTED_EDGE('',*,*,#3582,.T.);
#2027=ORIENTED_EDGE('',*,*,#3583,.T.);
#2028=ORIENTED_EDGE('',*,*,#3584,.T.);
#2029=ORIENTED_EDGE('',*,*,#3585,.T.);
#2030=ORIENTED_EDGE('',*,*,#3586,.F.);
#2031=ORIENTED_EDGE('',*,*,#3587,.F.);
#2032=ORIENTED_EDGE('',*,*,#3588,.F.);
#2033=ORIENTED_EDGE('',*,*,#3589,.T.);
#2034=ORIENTED_EDGE('',*,*,#3590,.F.);
#2035=ORIENTED_EDGE('',*,*,#3591,.T.);
#2036=ORIENTED_EDGE('',*,*,#3592,.F.);
#2037=ORIENTED_EDGE('',*,*,#3593,.T.);
#2038=ORIENTED_EDGE('',*,*,#3594,.F.);
#2039=ORIENTED_EDGE('',*,*,#3595,.T.);
#2040=ORIENTED_EDGE('',*,*,#3587,.T.);
#2041=ORIENTED_EDGE('',*,*,#3596,.T.);
#2042=ORIENTED_EDGE('',*,*,#3597,.T.);
#2043=ORIENTED_EDGE('',*,*,#3598,.T.);
#2044=ORIENTED_EDGE('',*,*,#3588,.T.);
#2045=ORIENTED_EDGE('',*,*,#3599,.T.);
#2046=ORIENTED_EDGE('',*,*,#3600,.T.);
#2047=ORIENTED_EDGE('',*,*,#3601,.T.);
#2048=ORIENTED_EDGE('',*,*,#3602,.F.);
#2049=ORIENTED_EDGE('',*,*,#3603,.T.);
#2050=ORIENTED_EDGE('',*,*,#3604,.F.);
#2051=ORIENTED_EDGE('',*,*,#3605,.T.);
#2052=ORIENTED_EDGE('',*,*,#3592,.T.);
#2053=ORIENTED_EDGE('',*,*,#3606,.T.);
#2054=ORIENTED_EDGE('',*,*,#3607,.T.);
#2055=ORIENTED_EDGE('',*,*,#3602,.T.);
#2056=ORIENTED_EDGE('',*,*,#3608,.T.);
#2057=ORIENTED_EDGE('',*,*,#3599,.F.);
#2058=ORIENTED_EDGE('',*,*,#3596,.F.);
#2059=ORIENTED_EDGE('',*,*,#3586,.T.);
#2060=ORIENTED_EDGE('',*,*,#3609,.T.);
#2061=ORIENTED_EDGE('',*,*,#3580,.F.);
#2062=ORIENTED_EDGE('',*,*,#3610,.T.);
#2063=ORIENTED_EDGE('',*,*,#3579,.F.);
#2064=ORIENTED_EDGE('',*,*,#3572,.F.);
#2065=ORIENTED_EDGE('',*,*,#3567,.F.);
#2066=ORIENTED_EDGE('',*,*,#3611,.T.);
#2067=ORIENTED_EDGE('',*,*,#3561,.F.);
#2068=ORIENTED_EDGE('',*,*,#3612,.T.);
#2069=ORIENTED_EDGE('',*,*,#3560,.T.);
#2070=ORIENTED_EDGE('',*,*,#3557,.F.);
#2071=ORIENTED_EDGE('',*,*,#3548,.F.);
#2072=ORIENTED_EDGE('',*,*,#3613,.T.);
#2073=ORIENTED_EDGE('',*,*,#3544,.T.);
#2074=ORIENTED_EDGE('',*,*,#3614,.T.);
#2075=ORIENTED_EDGE('',*,*,#3541,.T.);
#2076=ORIENTED_EDGE('',*,*,#3534,.F.);
#2077=ORIENTED_EDGE('',*,*,#3529,.T.);
#2078=ORIENTED_EDGE('',*,*,#3615,.T.);
#2079=ORIENTED_EDGE('',*,*,#3591,.F.);
#2080=ORIENTED_EDGE('',*,*,#3590,.T.);
#2081=ORIENTED_EDGE('',*,*,#3616,.T.);
#2082=ORIENTED_EDGE('',*,*,#3600,.F.);
#2083=ORIENTED_EDGE('',*,*,#3617,.T.);
#2084=ORIENTED_EDGE('',*,*,#3532,.T.);
#2085=ORIENTED_EDGE('',*,*,#3531,.F.);
#2086=ORIENTED_EDGE('',*,*,#3516,.F.);
#2087=ORIENTED_EDGE('',*,*,#3606,.F.);
#2088=ORIENTED_EDGE('',*,*,#3563,.F.);
#2089=ORIENTED_EDGE('',*,*,#3618,.T.);
#2090=ORIENTED_EDGE('',*,*,#3570,.T.);
#2091=ORIENTED_EDGE('',*,*,#3569,.F.);
#2092=ORIENTED_EDGE('',*,*,#3524,.F.);
#2093=ORIENTED_EDGE('',*,*,#3522,.F.);
#2094=ORIENTED_EDGE('',*,*,#3553,.F.);
#2095=ORIENTED_EDGE('',*,*,#3552,.T.);
#2096=ORIENTED_EDGE('',*,*,#3619,.T.);
#2097=ORIENTED_EDGE('',*,*,#3582,.F.);
#2098=ORIENTED_EDGE('',*,*,#3620,.T.);
#2099=ORIENTED_EDGE('',*,*,#3594,.T.);
#2100=ORIENTED_EDGE('',*,*,#3593,.F.);
#2101=ORIENTED_EDGE('',*,*,#3605,.F.);
#2102=ORIENTED_EDGE('',*,*,#3526,.F.);
#2103=ORIENTED_EDGE('',*,*,#3576,.F.);
#2104=ORIENTED_EDGE('',*,*,#3575,.T.);
#2105=ORIENTED_EDGE('',*,*,#3621,.T.);
#2106=ORIENTED_EDGE('',*,*,#3538,.F.);
#2107=ORIENTED_EDGE('',*,*,#3537,.T.);
#2108=ORIENTED_EDGE('',*,*,#3622,.T.);
#2109=ORIENTED_EDGE('',*,*,#3542,.F.);
#2110=ORIENTED_EDGE('',*,*,#3623,.T.);
#2111=ORIENTED_EDGE('',*,*,#3555,.T.);
#2112=ORIENTED_EDGE('',*,*,#3554,.F.);
#2113=ORIENTED_EDGE('',*,*,#3520,.F.);
#2114=ORIENTED_EDGE('',*,*,#3518,.F.);
#2115=ORIENTED_EDGE('',*,*,#3624,.F.);
#2116=ORIENTED_EDGE('',*,*,#3515,.T.);
#2117=ORIENTED_EDGE('',*,*,#3519,.T.);
#2118=ORIENTED_EDGE('',*,*,#3523,.T.);
#2119=ORIENTED_EDGE('',*,*,#3604,.T.);
#2120=ORIENTED_EDGE('',*,*,#3625,.F.);
#2121=ORIENTED_EDGE('',*,*,#3624,.T.);
#2122=ORIENTED_EDGE('',*,*,#3625,.T.);
#2123=ORIENTED_EDGE('',*,*,#3607,.F.);
#2124=ORIENTED_EDGE('',*,*,#3608,.F.);
#2125=ORIENTED_EDGE('',*,*,#3601,.F.);
#2126=ORIENTED_EDGE('',*,*,#3626,.F.);
#2127=ORIENTED_EDGE('',*,*,#3597,.F.);
#2128=ORIENTED_EDGE('',*,*,#3626,.T.);
#2129=ORIENTED_EDGE('',*,*,#3616,.F.);
#2130=ORIENTED_EDGE('',*,*,#3589,.F.);
#2131=ORIENTED_EDGE('',*,*,#3598,.F.);
#2132=ORIENTED_EDGE('',*,*,#3533,.F.);
#2133=ORIENTED_EDGE('',*,*,#3617,.F.);
#2134=ORIENTED_EDGE('',*,*,#3627,.F.);
#2135=ORIENTED_EDGE('',*,*,#3527,.F.);
#2136=ORIENTED_EDGE('',*,*,#3627,.T.);
#2137=ORIENTED_EDGE('',*,*,#3603,.F.);
#2138=ORIENTED_EDGE('',*,*,#3615,.F.);
#2139=ORIENTED_EDGE('',*,*,#3528,.F.);
#2140=ORIENTED_EDGE('',*,*,#3571,.F.);
#2141=ORIENTED_EDGE('',*,*,#3618,.F.);
#2142=ORIENTED_EDGE('',*,*,#3628,.F.);
#2143=ORIENTED_EDGE('',*,*,#3565,.F.);
#2144=ORIENTED_EDGE('',*,*,#3628,.T.);
#2145=ORIENTED_EDGE('',*,*,#3562,.F.);
#2146=ORIENTED_EDGE('',*,*,#3611,.F.);
#2147=ORIENTED_EDGE('',*,*,#3566,.F.);
#2148=ORIENTED_EDGE('',*,*,#3612,.F.);
#2149=ORIENTED_EDGE('',*,*,#3564,.F.);
#2150=ORIENTED_EDGE('',*,*,#3629,.F.);
#2151=ORIENTED_EDGE('',*,*,#3558,.F.);
#2152=ORIENTED_EDGE('',*,*,#3629,.T.);
#2153=ORIENTED_EDGE('',*,*,#3619,.F.);
#2154=ORIENTED_EDGE('',*,*,#3551,.F.);
#2155=ORIENTED_EDGE('',*,*,#3559,.F.);
#2156=ORIENTED_EDGE('',*,*,#3595,.F.);
#2157=ORIENTED_EDGE('',*,*,#3620,.F.);
#2158=ORIENTED_EDGE('',*,*,#3630,.F.);
#2159=ORIENTED_EDGE('',*,*,#3584,.F.);
#2160=ORIENTED_EDGE('',*,*,#3630,.T.);
#2161=ORIENTED_EDGE('',*,*,#3581,.F.);
#2162=ORIENTED_EDGE('',*,*,#3609,.F.);
#2163=ORIENTED_EDGE('',*,*,#3585,.F.);
#2164=ORIENTED_EDGE('',*,*,#3610,.F.);
#2165=ORIENTED_EDGE('',*,*,#3583,.F.);
#2166=ORIENTED_EDGE('',*,*,#3631,.F.);
#2167=ORIENTED_EDGE('',*,*,#3577,.F.);
#2168=ORIENTED_EDGE('',*,*,#3631,.T.);
#2169=ORIENTED_EDGE('',*,*,#3621,.F.);
#2170=ORIENTED_EDGE('',*,*,#3574,.F.);
#2171=ORIENTED_EDGE('',*,*,#3578,.F.);
#2172=ORIENTED_EDGE('',*,*,#3614,.F.);
#2173=ORIENTED_EDGE('',*,*,#3543,.F.);
#2174=ORIENTED_EDGE('',*,*,#3632,.F.);
#2175=ORIENTED_EDGE('',*,*,#3539,.F.);
#2176=ORIENTED_EDGE('',*,*,#3632,.T.);
#2177=ORIENTED_EDGE('',*,*,#3622,.F.);
#2178=ORIENTED_EDGE('',*,*,#3536,.F.);
#2179=ORIENTED_EDGE('',*,*,#3540,.F.);
#2180=ORIENTED_EDGE('',*,*,#3556,.F.);
#2181=ORIENTED_EDGE('',*,*,#3623,.F.);
#2182=ORIENTED_EDGE('',*,*,#3633,.F.);
#2183=ORIENTED_EDGE('',*,*,#3546,.F.);
#2184=ORIENTED_EDGE('',*,*,#3633,.T.);
#2185=ORIENTED_EDGE('',*,*,#3545,.F.);
#2186=ORIENTED_EDGE('',*,*,#3613,.F.);
#2187=ORIENTED_EDGE('',*,*,#3547,.F.);
#2188=ORIENTED_EDGE('',*,*,#3634,.F.);
#2189=ORIENTED_EDGE('',*,*,#3635,.F.);
#2190=ORIENTED_EDGE('',*,*,#3636,.T.);
#2191=ORIENTED_EDGE('',*,*,#3637,.T.);
#2192=ORIENTED_EDGE('',*,*,#3638,.T.);
#2193=ORIENTED_EDGE('',*,*,#3639,.F.);
#2194=ORIENTED_EDGE('',*,*,#3640,.F.);
#2195=ORIENTED_EDGE('',*,*,#3635,.T.);
#2196=ORIENTED_EDGE('',*,*,#3641,.T.);
#2197=ORIENTED_EDGE('',*,*,#3642,.F.);
#2198=ORIENTED_EDGE('',*,*,#3643,.F.);
#2199=ORIENTED_EDGE('',*,*,#3639,.T.);
#2200=ORIENTED_EDGE('',*,*,#3644,.F.);
#2201=ORIENTED_EDGE('',*,*,#3637,.F.);
#2202=ORIENTED_EDGE('',*,*,#3645,.T.);
#2203=ORIENTED_EDGE('',*,*,#3642,.T.);
#2204=ORIENTED_EDGE('',*,*,#3646,.F.);
#2205=ORIENTED_EDGE('',*,*,#3647,.F.);
#2206=ORIENTED_EDGE('',*,*,#3648,.F.);
#2207=ORIENTED_EDGE('',*,*,#3649,.F.);
#2208=ORIENTED_EDGE('',*,*,#3636,.F.);
#2209=ORIENTED_EDGE('',*,*,#3640,.T.);
#2210=ORIENTED_EDGE('',*,*,#3643,.T.);
#2211=ORIENTED_EDGE('',*,*,#3645,.F.);
#2212=ORIENTED_EDGE('',*,*,#3650,.F.);
#2213=ORIENTED_EDGE('',*,*,#3651,.F.);
#2214=ORIENTED_EDGE('',*,*,#3652,.F.);
#2215=ORIENTED_EDGE('',*,*,#3653,.F.);
#2216=ORIENTED_EDGE('',*,*,#3634,.T.);
#2217=ORIENTED_EDGE('',*,*,#3644,.T.);
#2218=ORIENTED_EDGE('',*,*,#3641,.F.);
#2219=ORIENTED_EDGE('',*,*,#3638,.F.);
#2220=ORIENTED_EDGE('',*,*,#3646,.T.);
#2221=ORIENTED_EDGE('',*,*,#3654,.F.);
#2222=ORIENTED_EDGE('',*,*,#3649,.T.);
#2223=ORIENTED_EDGE('',*,*,#3655,.F.);
#2224=ORIENTED_EDGE('',*,*,#3648,.T.);
#2225=ORIENTED_EDGE('',*,*,#3656,.F.);
#2226=ORIENTED_EDGE('',*,*,#3647,.T.);
#2227=ORIENTED_EDGE('',*,*,#3657,.F.);
#2228=ORIENTED_EDGE('',*,*,#3658,.F.);
#2229=ORIENTED_EDGE('',*,*,#3659,.F.);
#2230=ORIENTED_EDGE('',*,*,#3660,.T.);
#2231=ORIENTED_EDGE('',*,*,#3661,.T.);
#2232=ORIENTED_EDGE('',*,*,#3662,.T.);
#2233=ORIENTED_EDGE('',*,*,#3663,.F.);
#2234=ORIENTED_EDGE('',*,*,#3664,.F.);
#2235=ORIENTED_EDGE('',*,*,#3659,.T.);
#2236=ORIENTED_EDGE('',*,*,#3665,.T.);
#2237=ORIENTED_EDGE('',*,*,#3666,.F.);
#2238=ORIENTED_EDGE('',*,*,#3667,.F.);
#2239=ORIENTED_EDGE('',*,*,#3663,.T.);
#2240=ORIENTED_EDGE('',*,*,#3668,.F.);
#2241=ORIENTED_EDGE('',*,*,#3661,.F.);
#2242=ORIENTED_EDGE('',*,*,#3669,.T.);
#2243=ORIENTED_EDGE('',*,*,#3666,.T.);
#2244=ORIENTED_EDGE('',*,*,#3670,.F.);
#2245=ORIENTED_EDGE('',*,*,#3671,.F.);
#2246=ORIENTED_EDGE('',*,*,#3672,.F.);
#2247=ORIENTED_EDGE('',*,*,#3673,.F.);
#2248=ORIENTED_EDGE('',*,*,#3660,.F.);
#2249=ORIENTED_EDGE('',*,*,#3664,.T.);
#2250=ORIENTED_EDGE('',*,*,#3667,.T.);
#2251=ORIENTED_EDGE('',*,*,#3669,.F.);
#2252=ORIENTED_EDGE('',*,*,#3654,.T.);
#2253=ORIENTED_EDGE('',*,*,#3655,.T.);
#2254=ORIENTED_EDGE('',*,*,#3656,.T.);
#2255=ORIENTED_EDGE('',*,*,#3657,.T.);
#2256=ORIENTED_EDGE('',*,*,#3658,.T.);
#2257=ORIENTED_EDGE('',*,*,#3668,.T.);
#2258=ORIENTED_EDGE('',*,*,#3665,.F.);
#2259=ORIENTED_EDGE('',*,*,#3662,.F.);
#2260=ORIENTED_EDGE('',*,*,#3673,.T.);
#2261=ORIENTED_EDGE('',*,*,#3653,.T.);
#2262=ORIENTED_EDGE('',*,*,#3672,.T.);
#2263=ORIENTED_EDGE('',*,*,#3652,.T.);
#2264=ORIENTED_EDGE('',*,*,#3671,.T.);
#2265=ORIENTED_EDGE('',*,*,#3651,.T.);
#2266=ORIENTED_EDGE('',*,*,#3670,.T.);
#2267=ORIENTED_EDGE('',*,*,#3650,.T.);
#2268=ORIENTED_EDGE('',*,*,#3674,.T.);
#2269=ORIENTED_EDGE('',*,*,#3675,.F.);
#2270=ORIENTED_EDGE('',*,*,#3676,.F.);
#2271=ORIENTED_EDGE('',*,*,#3677,.T.);
#2272=ORIENTED_EDGE('',*,*,#3674,.F.);
#2273=ORIENTED_EDGE('',*,*,#3676,.T.);
#2274=ORIENTED_EDGE('',*,*,#3675,.T.);
#2275=ORIENTED_EDGE('',*,*,#3677,.F.);
#2276=ORIENTED_EDGE('',*,*,#3678,.F.);
#2277=ORIENTED_EDGE('',*,*,#3679,.F.);
#2278=ORIENTED_EDGE('',*,*,#3680,.F.);
#2279=ORIENTED_EDGE('',*,*,#3681,.F.);
#2280=ORIENTED_EDGE('',*,*,#3682,.F.);
#2281=ORIENTED_EDGE('',*,*,#3683,.F.);
#2282=ORIENTED_EDGE('',*,*,#3684,.F.);
#2283=ORIENTED_EDGE('',*,*,#3685,.F.);
#2284=ORIENTED_EDGE('',*,*,#3686,.T.);
#2285=ORIENTED_EDGE('',*,*,#3687,.T.);
#2286=ORIENTED_EDGE('',*,*,#3688,.T.);
#2287=ORIENTED_EDGE('',*,*,#3689,.T.);
#2288=ORIENTED_EDGE('',*,*,#3690,.T.);
#2289=ORIENTED_EDGE('',*,*,#3691,.T.);
#2290=ORIENTED_EDGE('',*,*,#3692,.T.);
#2291=ORIENTED_EDGE('',*,*,#3693,.T.);
#2292=ORIENTED_EDGE('',*,*,#3694,.F.);
#2293=ORIENTED_EDGE('',*,*,#3695,.F.);
#2294=ORIENTED_EDGE('',*,*,#3696,.F.);
#2295=ORIENTED_EDGE('',*,*,#3695,.T.);
#2296=ORIENTED_EDGE('',*,*,#3697,.T.);
#2297=ORIENTED_EDGE('',*,*,#3698,.F.);
#2298=ORIENTED_EDGE('',*,*,#3699,.F.);
#2299=ORIENTED_EDGE('',*,*,#3700,.F.);
#2300=ORIENTED_EDGE('',*,*,#3701,.F.);
#2301=ORIENTED_EDGE('',*,*,#3702,.F.);
#2302=ORIENTED_EDGE('',*,*,#3703,.F.);
#2303=ORIENTED_EDGE('',*,*,#3692,.F.);
#2304=ORIENTED_EDGE('',*,*,#3704,.T.);
#2305=ORIENTED_EDGE('',*,*,#3705,.F.);
#2306=ORIENTED_EDGE('',*,*,#3706,.T.);
#2307=ORIENTED_EDGE('',*,*,#3707,.T.);
#2308=ORIENTED_EDGE('',*,*,#3708,.T.);
#2309=ORIENTED_EDGE('',*,*,#3709,.F.);
#2310=ORIENTED_EDGE('',*,*,#3710,.F.);
#2311=ORIENTED_EDGE('',*,*,#3698,.T.);
#2312=ORIENTED_EDGE('',*,*,#3711,.T.);
#2313=ORIENTED_EDGE('',*,*,#3712,.F.);
#2314=ORIENTED_EDGE('',*,*,#3706,.F.);
#2315=ORIENTED_EDGE('',*,*,#3713,.F.);
#2316=ORIENTED_EDGE('',*,*,#3714,.T.);
#2317=ORIENTED_EDGE('',*,*,#3715,.F.);
#2318=ORIENTED_EDGE('',*,*,#3707,.F.);
#2319=ORIENTED_EDGE('',*,*,#3712,.T.);
#2320=ORIENTED_EDGE('',*,*,#3716,.T.);
#2321=ORIENTED_EDGE('',*,*,#3717,.F.);
#2322=ORIENTED_EDGE('',*,*,#3708,.F.);
#2323=ORIENTED_EDGE('',*,*,#3715,.T.);
#2324=ORIENTED_EDGE('',*,*,#3718,.F.);
#2325=ORIENTED_EDGE('',*,*,#3693,.F.);
#2326=ORIENTED_EDGE('',*,*,#3709,.T.);
#2327=ORIENTED_EDGE('',*,*,#3717,.T.);
#2328=ORIENTED_EDGE('',*,*,#3719,.F.);
#2329=ORIENTED_EDGE('',*,*,#3720,.F.);
#2330=ORIENTED_EDGE('',*,*,#3684,.T.);
#2331=ORIENTED_EDGE('',*,*,#3682,.T.);
#2332=ORIENTED_EDGE('',*,*,#3680,.T.);
#2333=ORIENTED_EDGE('',*,*,#3678,.T.);
#2334=ORIENTED_EDGE('',*,*,#3711,.F.);
#2335=ORIENTED_EDGE('',*,*,#3697,.F.);
#2336=ORIENTED_EDGE('',*,*,#3694,.T.);
#2337=ORIENTED_EDGE('',*,*,#3718,.T.);
#2338=ORIENTED_EDGE('',*,*,#3716,.F.);
#2339=ORIENTED_EDGE('',*,*,#3714,.F.);
#2340=ORIENTED_EDGE('',*,*,#3704,.F.);
#2341=ORIENTED_EDGE('',*,*,#3691,.F.);
#2342=ORIENTED_EDGE('',*,*,#3721,.T.);
#2343=ORIENTED_EDGE('',*,*,#3722,.T.);
#2344=ORIENTED_EDGE('',*,*,#3705,.T.);
#2345=ORIENTED_EDGE('',*,*,#3722,.F.);
#2346=ORIENTED_EDGE('',*,*,#3723,.F.);
#2347=ORIENTED_EDGE('',*,*,#3713,.T.);
#2348=ORIENTED_EDGE('',*,*,#3688,.F.);
#2349=ORIENTED_EDGE('',*,*,#3686,.F.);
#2350=ORIENTED_EDGE('',*,*,#3721,.F.);
#2351=ORIENTED_EDGE('',*,*,#3690,.F.);
#2352=ORIENTED_EDGE('',*,*,#3696,.T.);
#2353=ORIENTED_EDGE('',*,*,#3710,.T.);
#2354=ORIENTED_EDGE('',*,*,#3723,.T.);
#2355=ORIENTED_EDGE('',*,*,#3724,.F.);
#2356=ORIENTED_EDGE('',*,*,#3703,.T.);
#2357=ORIENTED_EDGE('',*,*,#3724,.T.);
#2358=ORIENTED_EDGE('',*,*,#3725,.F.);
#2359=ORIENTED_EDGE('',*,*,#3720,.T.);
#2360=ORIENTED_EDGE('',*,*,#3687,.F.);
#2361=ORIENTED_EDGE('',*,*,#3725,.T.);
#2362=ORIENTED_EDGE('',*,*,#3726,.F.);
#2363=ORIENTED_EDGE('',*,*,#3719,.T.);
#2364=ORIENTED_EDGE('',*,*,#3689,.F.);
#2365=ORIENTED_EDGE('',*,*,#3726,.T.);
#2366=ORIENTED_EDGE('',*,*,#3727,.T.);
#2367=ORIENTED_EDGE('',*,*,#3685,.T.);
#2368=ORIENTED_EDGE('',*,*,#3727,.F.);
#2369=ORIENTED_EDGE('',*,*,#3701,.T.);
#2370=ORIENTED_EDGE('',*,*,#3728,.T.);
#2371=ORIENTED_EDGE('',*,*,#3683,.T.);
#2372=ORIENTED_EDGE('',*,*,#3728,.F.);
#2373=ORIENTED_EDGE('',*,*,#3700,.T.);
#2374=ORIENTED_EDGE('',*,*,#3729,.T.);
#2375=ORIENTED_EDGE('',*,*,#3681,.T.);
#2376=ORIENTED_EDGE('',*,*,#3729,.F.);
#2377=ORIENTED_EDGE('',*,*,#3699,.T.);
#2378=ORIENTED_EDGE('',*,*,#3730,.T.);
#2379=ORIENTED_EDGE('',*,*,#3679,.T.);
#2380=ORIENTED_EDGE('',*,*,#3730,.F.);
#2381=ORIENTED_EDGE('',*,*,#3702,.T.);
#2382=ORIENTED_EDGE('',*,*,#3731,.F.);
#2383=ORIENTED_EDGE('',*,*,#3732,.T.);
#2384=ORIENTED_EDGE('',*,*,#3733,.F.);
#2385=ORIENTED_EDGE('',*,*,#3731,.T.);
#2386=ORIENTED_EDGE('',*,*,#3732,.F.);
#2387=ORIENTED_EDGE('',*,*,#3734,.F.);
#2388=ORIENTED_EDGE('',*,*,#3733,.T.);
#2389=ORIENTED_EDGE('',*,*,#3734,.T.);
#2390=ORIENTED_EDGE('',*,*,#3735,.T.);
#2391=ORIENTED_EDGE('',*,*,#3736,.F.);
#2392=ORIENTED_EDGE('',*,*,#3737,.F.);
#2393=ORIENTED_EDGE('',*,*,#3738,.T.);
#2394=ORIENTED_EDGE('',*,*,#3739,.T.);
#2395=ORIENTED_EDGE('',*,*,#3740,.F.);
#2396=ORIENTED_EDGE('',*,*,#3741,.F.);
#2397=ORIENTED_EDGE('',*,*,#3736,.T.);
#2398=ORIENTED_EDGE('',*,*,#3742,.T.);
#2399=ORIENTED_EDGE('',*,*,#3743,.F.);
#2400=ORIENTED_EDGE('',*,*,#3744,.F.);
#2401=ORIENTED_EDGE('',*,*,#3740,.T.);
#2402=ORIENTED_EDGE('',*,*,#3745,.T.);
#2403=ORIENTED_EDGE('',*,*,#3746,.F.);
#2404=ORIENTED_EDGE('',*,*,#3747,.F.);
#2405=ORIENTED_EDGE('',*,*,#3743,.T.);
#2406=ORIENTED_EDGE('',*,*,#3748,.T.);
#2407=ORIENTED_EDGE('',*,*,#3749,.F.);
#2408=ORIENTED_EDGE('',*,*,#3750,.F.);
#2409=ORIENTED_EDGE('',*,*,#3746,.T.);
#2410=ORIENTED_EDGE('',*,*,#3751,.T.);
#2411=ORIENTED_EDGE('',*,*,#3752,.F.);
#2412=ORIENTED_EDGE('',*,*,#3753,.T.);
#2413=ORIENTED_EDGE('',*,*,#3738,.F.);
#2414=ORIENTED_EDGE('',*,*,#3754,.F.);
#2415=ORIENTED_EDGE('',*,*,#3749,.T.);
#2416=ORIENTED_EDGE('',*,*,#3751,.F.);
#2417=ORIENTED_EDGE('',*,*,#3737,.T.);
#2418=ORIENTED_EDGE('',*,*,#3741,.T.);
#2419=ORIENTED_EDGE('',*,*,#3744,.T.);
#2420=ORIENTED_EDGE('',*,*,#3747,.T.);
#2421=ORIENTED_EDGE('',*,*,#3750,.T.);
#2422=ORIENTED_EDGE('',*,*,#3754,.T.);
#2423=ORIENTED_EDGE('',*,*,#3755,.F.);
#2424=ORIENTED_EDGE('',*,*,#3756,.T.);
#2425=ORIENTED_EDGE('',*,*,#3755,.T.);
#2426=ORIENTED_EDGE('',*,*,#3752,.T.);
#2427=ORIENTED_EDGE('',*,*,#3735,.F.);
#2428=ORIENTED_EDGE('',*,*,#3753,.F.);
#2429=ORIENTED_EDGE('',*,*,#3748,.F.);
#2430=ORIENTED_EDGE('',*,*,#3745,.F.);
#2431=ORIENTED_EDGE('',*,*,#3742,.F.);
#2432=ORIENTED_EDGE('',*,*,#3739,.F.);
#2433=ORIENTED_EDGE('',*,*,#3756,.F.);
#2434=ORIENTED_EDGE('',*,*,#3757,.F.);
#2435=ORIENTED_EDGE('',*,*,#3758,.T.);
#2436=ORIENTED_EDGE('',*,*,#3759,.T.);
#2437=ORIENTED_EDGE('',*,*,#3760,.T.);
#2438=ORIENTED_EDGE('',*,*,#3761,.T.);
#2439=ORIENTED_EDGE('',*,*,#3762,.T.);
#2440=ORIENTED_EDGE('',*,*,#3763,.T.);
#2441=ORIENTED_EDGE('',*,*,#3764,.F.);
#2442=ORIENTED_EDGE('',*,*,#3765,.T.);
#2443=ORIENTED_EDGE('',*,*,#3766,.F.);
#2444=ORIENTED_EDGE('',*,*,#3767,.T.);
#2445=ORIENTED_EDGE('',*,*,#3768,.F.);
#2446=ORIENTED_EDGE('',*,*,#3769,.T.);
#2447=ORIENTED_EDGE('',*,*,#3770,.F.);
#2448=ORIENTED_EDGE('',*,*,#3771,.T.);
#2449=ORIENTED_EDGE('',*,*,#3772,.F.);
#2450=ORIENTED_EDGE('',*,*,#3773,.T.);
#2451=ORIENTED_EDGE('',*,*,#3774,.F.);
#2452=ORIENTED_EDGE('',*,*,#3775,.T.);
#2453=ORIENTED_EDGE('',*,*,#3776,.F.);
#2454=ORIENTED_EDGE('',*,*,#3777,.T.);
#2455=ORIENTED_EDGE('',*,*,#3778,.F.);
#2456=ORIENTED_EDGE('',*,*,#3779,.T.);
#2457=ORIENTED_EDGE('',*,*,#3780,.F.);
#2458=ORIENTED_EDGE('',*,*,#3781,.T.);
#2459=ORIENTED_EDGE('',*,*,#3782,.F.);
#2460=ORIENTED_EDGE('',*,*,#3783,.T.);
#2461=ORIENTED_EDGE('',*,*,#3784,.F.);
#2462=ORIENTED_EDGE('',*,*,#3785,.T.);
#2463=ORIENTED_EDGE('',*,*,#3786,.F.);
#2464=ORIENTED_EDGE('',*,*,#3787,.F.);
#2465=ORIENTED_EDGE('',*,*,#3788,.F.);
#2466=ORIENTED_EDGE('',*,*,#3789,.T.);
#2467=ORIENTED_EDGE('',*,*,#3790,.T.);
#2468=ORIENTED_EDGE('',*,*,#3791,.T.);
#2469=ORIENTED_EDGE('',*,*,#3792,.T.);
#2470=ORIENTED_EDGE('',*,*,#3793,.F.);
#2471=ORIENTED_EDGE('',*,*,#3794,.F.);
#2472=ORIENTED_EDGE('',*,*,#3795,.F.);
#2473=ORIENTED_EDGE('',*,*,#3796,.F.);
#2474=ORIENTED_EDGE('',*,*,#3797,.F.);
#2475=ORIENTED_EDGE('',*,*,#3798,.F.);
#2476=ORIENTED_EDGE('',*,*,#3799,.F.);
#2477=ORIENTED_EDGE('',*,*,#3800,.F.);
#2478=ORIENTED_EDGE('',*,*,#3777,.F.);
#2479=ORIENTED_EDGE('',*,*,#3775,.F.);
#2480=ORIENTED_EDGE('',*,*,#3771,.F.);
#2481=ORIENTED_EDGE('',*,*,#3773,.F.);
#2482=ORIENTED_EDGE('',*,*,#3783,.F.);
#2483=ORIENTED_EDGE('',*,*,#3785,.F.);
#2484=ORIENTED_EDGE('',*,*,#3779,.F.);
#2485=ORIENTED_EDGE('',*,*,#3781,.F.);
#2486=ORIENTED_EDGE('',*,*,#3801,.F.);
#2487=ORIENTED_EDGE('',*,*,#3802,.T.);
#2488=ORIENTED_EDGE('',*,*,#3803,.T.);
#2489=ORIENTED_EDGE('',*,*,#3804,.F.);
#2490=ORIENTED_EDGE('',*,*,#3805,.F.);
#2491=ORIENTED_EDGE('',*,*,#3806,.F.);
#2492=ORIENTED_EDGE('',*,*,#3807,.T.);
#2493=ORIENTED_EDGE('',*,*,#3808,.F.);
#2494=ORIENTED_EDGE('',*,*,#3769,.F.);
#2495=ORIENTED_EDGE('',*,*,#3767,.F.);
#2496=ORIENTED_EDGE('',*,*,#3765,.F.);
#2497=ORIENTED_EDGE('',*,*,#3763,.F.);
#2498=ORIENTED_EDGE('',*,*,#3809,.F.);
#2499=ORIENTED_EDGE('',*,*,#3810,.F.);
#2500=ORIENTED_EDGE('',*,*,#3811,.T.);
#2501=ORIENTED_EDGE('',*,*,#3812,.F.);
#2502=ORIENTED_EDGE('',*,*,#3813,.T.);
#2503=ORIENTED_EDGE('',*,*,#3814,.F.);
#2504=ORIENTED_EDGE('',*,*,#3815,.T.);
#2505=ORIENTED_EDGE('',*,*,#3816,.T.);
#2506=ORIENTED_EDGE('',*,*,#3817,.T.);
#2507=ORIENTED_EDGE('',*,*,#3818,.F.);
#2508=ORIENTED_EDGE('',*,*,#3819,.T.);
#2509=ORIENTED_EDGE('',*,*,#3820,.T.);
#2510=ORIENTED_EDGE('',*,*,#3821,.F.);
#2511=ORIENTED_EDGE('',*,*,#3822,.T.);
#2512=ORIENTED_EDGE('',*,*,#3823,.F.);
#2513=ORIENTED_EDGE('',*,*,#3824,.F.);
#2514=ORIENTED_EDGE('',*,*,#3825,.F.);
#2515=ORIENTED_EDGE('',*,*,#3826,.T.);
#2516=ORIENTED_EDGE('',*,*,#3790,.F.);
#2517=ORIENTED_EDGE('',*,*,#3827,.F.);
#2518=ORIENTED_EDGE('',*,*,#3828,.F.);
#2519=ORIENTED_EDGE('',*,*,#3829,.T.);
#2520=ORIENTED_EDGE('',*,*,#3830,.T.);
#2521=ORIENTED_EDGE('',*,*,#3831,.F.);
#2522=ORIENTED_EDGE('',*,*,#3832,.T.);
#2523=ORIENTED_EDGE('',*,*,#3833,.T.);
#2524=ORIENTED_EDGE('',*,*,#3834,.T.);
#2525=ORIENTED_EDGE('',*,*,#3835,.F.);
#2526=ORIENTED_EDGE('',*,*,#3836,.T.);
#2527=ORIENTED_EDGE('',*,*,#3837,.T.);
#2528=ORIENTED_EDGE('',*,*,#3838,.F.);
#2529=ORIENTED_EDGE('',*,*,#3839,.F.);
#2530=ORIENTED_EDGE('',*,*,#3840,.F.);
#2531=ORIENTED_EDGE('',*,*,#3841,.T.);
#2532=ORIENTED_EDGE('',*,*,#3842,.T.);
#2533=ORIENTED_EDGE('',*,*,#3843,.T.);
#2534=ORIENTED_EDGE('',*,*,#3844,.T.);
#2535=ORIENTED_EDGE('',*,*,#3845,.F.);
#2536=ORIENTED_EDGE('',*,*,#3846,.F.);
#2537=ORIENTED_EDGE('',*,*,#3847,.F.);
#2538=ORIENTED_EDGE('',*,*,#3848,.F.);
#2539=ORIENTED_EDGE('',*,*,#3849,.F.);
#2540=ORIENTED_EDGE('',*,*,#3850,.T.);
#2541=ORIENTED_EDGE('',*,*,#3851,.T.);
#2542=ORIENTED_EDGE('',*,*,#3852,.T.);
#2543=ORIENTED_EDGE('',*,*,#3853,.T.);
#2544=ORIENTED_EDGE('',*,*,#3854,.T.);
#2545=ORIENTED_EDGE('',*,*,#3855,.T.);
#2546=ORIENTED_EDGE('',*,*,#3856,.F.);
#2547=ORIENTED_EDGE('',*,*,#3857,.F.);
#2548=ORIENTED_EDGE('',*,*,#3858,.T.);
#2549=ORIENTED_EDGE('',*,*,#3859,.F.);
#2550=ORIENTED_EDGE('',*,*,#3860,.F.);
#2551=ORIENTED_EDGE('',*,*,#3861,.T.);
#2552=ORIENTED_EDGE('',*,*,#3862,.T.);
#2553=ORIENTED_EDGE('',*,*,#3863,.T.);
#2554=ORIENTED_EDGE('',*,*,#3864,.F.);
#2555=ORIENTED_EDGE('',*,*,#3865,.T.);
#2556=ORIENTED_EDGE('',*,*,#3866,.T.);
#2557=ORIENTED_EDGE('',*,*,#3867,.F.);
#2558=ORIENTED_EDGE('',*,*,#3868,.F.);
#2559=ORIENTED_EDGE('',*,*,#3869,.F.);
#2560=ORIENTED_EDGE('',*,*,#3870,.T.);
#2561=ORIENTED_EDGE('',*,*,#3871,.T.);
#2562=ORIENTED_EDGE('',*,*,#3872,.T.);
#2563=ORIENTED_EDGE('',*,*,#3873,.F.);
#2564=ORIENTED_EDGE('',*,*,#3874,.F.);
#2565=ORIENTED_EDGE('',*,*,#3875,.F.);
#2566=ORIENTED_EDGE('',*,*,#3876,.T.);
#2567=ORIENTED_EDGE('',*,*,#3877,.F.);
#2568=ORIENTED_EDGE('',*,*,#3878,.T.);
#2569=ORIENTED_EDGE('',*,*,#3879,.F.);
#2570=ORIENTED_EDGE('',*,*,#3880,.T.);
#2571=ORIENTED_EDGE('',*,*,#3881,.F.);
#2572=ORIENTED_EDGE('',*,*,#3882,.F.);
#2573=ORIENTED_EDGE('',*,*,#3883,.T.);
#2574=ORIENTED_EDGE('',*,*,#3884,.T.);
#2575=ORIENTED_EDGE('',*,*,#3788,.T.);
#2576=ORIENTED_EDGE('',*,*,#3829,.F.);
#2577=ORIENTED_EDGE('',*,*,#3885,.F.);
#2578=ORIENTED_EDGE('',*,*,#3882,.T.);
#2579=ORIENTED_EDGE('',*,*,#3886,.F.);
#2580=ORIENTED_EDGE('',*,*,#3877,.T.);
#2581=ORIENTED_EDGE('',*,*,#3887,.T.);
#2582=ORIENTED_EDGE('',*,*,#3834,.F.);
#2583=ORIENTED_EDGE('',*,*,#3888,.F.);
#2584=ORIENTED_EDGE('',*,*,#3880,.F.);
#2585=ORIENTED_EDGE('',*,*,#3889,.T.);
#2586=ORIENTED_EDGE('',*,*,#3831,.T.);
#2587=ORIENTED_EDGE('',*,*,#3890,.T.);
#2588=ORIENTED_EDGE('',*,*,#3891,.T.);
#2589=ORIENTED_EDGE('',*,*,#3818,.T.);
#2590=ORIENTED_EDGE('',*,*,#3892,.F.);
#2591=ORIENTED_EDGE('',*,*,#3893,.T.);
#2592=ORIENTED_EDGE('',*,*,#3894,.T.);
#2593=ORIENTED_EDGE('',*,*,#3805,.T.);
#2594=ORIENTED_EDGE('',*,*,#3895,.F.);
#2595=ORIENTED_EDGE('',*,*,#3896,.T.);
#2596=ORIENTED_EDGE('',*,*,#3897,.T.);
#2597=ORIENTED_EDGE('',*,*,#3898,.T.);
#2598=ORIENTED_EDGE('',*,*,#3899,.T.);
#2599=ORIENTED_EDGE('',*,*,#3900,.T.);
#2600=ORIENTED_EDGE('',*,*,#3901,.F.);
#2601=ORIENTED_EDGE('',*,*,#3902,.T.);
#2602=ORIENTED_EDGE('',*,*,#3903,.T.);
#2603=ORIENTED_EDGE('',*,*,#3904,.T.);
#2604=ORIENTED_EDGE('',*,*,#3902,.F.);
#2605=ORIENTED_EDGE('',*,*,#3905,.F.);
#2606=ORIENTED_EDGE('',*,*,#3810,.T.);
#2607=ORIENTED_EDGE('',*,*,#3906,.F.);
#2608=ORIENTED_EDGE('',*,*,#3759,.F.);
#2609=ORIENTED_EDGE('',*,*,#3907,.F.);
#2610=ORIENTED_EDGE('',*,*,#3908,.F.);
#2611=ORIENTED_EDGE('',*,*,#3909,.T.);
#2612=ORIENTED_EDGE('',*,*,#3813,.F.);
#2613=ORIENTED_EDGE('',*,*,#3910,.T.);
#2614=ORIENTED_EDGE('',*,*,#3911,.T.);
#2615=ORIENTED_EDGE('',*,*,#3912,.F.);
#2616=ORIENTED_EDGE('',*,*,#3762,.F.);
#2617=ORIENTED_EDGE('',*,*,#3913,.T.);
#2618=ORIENTED_EDGE('',*,*,#3914,.F.);
#2619=ORIENTED_EDGE('',*,*,#3915,.F.);
#2620=ORIENTED_EDGE('',*,*,#3814,.T.);
#2621=ORIENTED_EDGE('',*,*,#3909,.F.);
#2622=ORIENTED_EDGE('',*,*,#3916,.F.);
#2623=ORIENTED_EDGE('',*,*,#3917,.T.);
#2624=ORIENTED_EDGE('',*,*,#3918,.F.);
#2625=ORIENTED_EDGE('',*,*,#3919,.F.);
#2626=ORIENTED_EDGE('',*,*,#3895,.T.);
#2627=ORIENTED_EDGE('',*,*,#3808,.T.);
#2628=ORIENTED_EDGE('',*,*,#3815,.F.);
#2629=ORIENTED_EDGE('',*,*,#3915,.T.);
#2630=ORIENTED_EDGE('',*,*,#3920,.T.);
#2631=ORIENTED_EDGE('',*,*,#3921,.T.);
#2632=ORIENTED_EDGE('',*,*,#3922,.F.);
#2633=ORIENTED_EDGE('',*,*,#3911,.F.);
#2634=ORIENTED_EDGE('',*,*,#3923,.F.);
#2635=ORIENTED_EDGE('',*,*,#3920,.F.);
#2636=ORIENTED_EDGE('',*,*,#3914,.T.);
#2637=ORIENTED_EDGE('',*,*,#3924,.F.);
#2638=ORIENTED_EDGE('',*,*,#3811,.F.);
#2639=ORIENTED_EDGE('',*,*,#3905,.T.);
#2640=ORIENTED_EDGE('',*,*,#3901,.T.);
#2641=ORIENTED_EDGE('',*,*,#3925,.T.);
#2642=ORIENTED_EDGE('',*,*,#3926,.F.);
#2643=ORIENTED_EDGE('',*,*,#3927,.T.);
#2644=ORIENTED_EDGE('',*,*,#3896,.F.);
#2645=ORIENTED_EDGE('',*,*,#3919,.T.);
#2646=ORIENTED_EDGE('',*,*,#3928,.F.);
#2647=ORIENTED_EDGE('',*,*,#3929,.F.);
#2648=ORIENTED_EDGE('',*,*,#3869,.T.);
#2649=ORIENTED_EDGE('',*,*,#3930,.T.);
#2650=ORIENTED_EDGE('',*,*,#3842,.F.);
#2651=ORIENTED_EDGE('',*,*,#3931,.T.);
#2652=ORIENTED_EDGE('',*,*,#3840,.T.);
#2653=ORIENTED_EDGE('',*,*,#3932,.F.);
#2654=ORIENTED_EDGE('',*,*,#3871,.F.);
#2655=ORIENTED_EDGE('',*,*,#3933,.F.);
#2656=ORIENTED_EDGE('',*,*,#3934,.F.);
#2657=ORIENTED_EDGE('',*,*,#3819,.F.);
#2658=ORIENTED_EDGE('',*,*,#3891,.F.);
#2659=ORIENTED_EDGE('',*,*,#3935,.T.);
#2660=ORIENTED_EDGE('',*,*,#3900,.F.);
#2661=ORIENTED_EDGE('',*,*,#3936,.T.);
#2662=ORIENTED_EDGE('',*,*,#3812,.T.);
#2663=ORIENTED_EDGE('',*,*,#3925,.F.);
#2664=ORIENTED_EDGE('',*,*,#3910,.F.);
#2665=ORIENTED_EDGE('',*,*,#3816,.F.);
#2666=ORIENTED_EDGE('',*,*,#3921,.F.);
#2667=ORIENTED_EDGE('',*,*,#3923,.T.);
#2668=ORIENTED_EDGE('',*,*,#3937,.F.);
#2669=ORIENTED_EDGE('',*,*,#3938,.F.);
#2670=ORIENTED_EDGE('',*,*,#3935,.F.);
#2671=ORIENTED_EDGE('',*,*,#3893,.F.);
#2672=ORIENTED_EDGE('',*,*,#3939,.F.);
#2673=ORIENTED_EDGE('',*,*,#3940,.F.);
#2674=ORIENTED_EDGE('',*,*,#3941,.T.);
#2675=ORIENTED_EDGE('',*,*,#3942,.T.);
#2676=ORIENTED_EDGE('',*,*,#3939,.T.);
#2677=ORIENTED_EDGE('',*,*,#3892,.T.);
#2678=ORIENTED_EDGE('',*,*,#3817,.F.);
#2679=ORIENTED_EDGE('',*,*,#3943,.F.);
#2680=ORIENTED_EDGE('',*,*,#3944,.F.);
#2681=ORIENTED_EDGE('',*,*,#3945,.T.);
#2682=ORIENTED_EDGE('',*,*,#3806,.T.);
#2683=ORIENTED_EDGE('',*,*,#3894,.F.);
#2684=ORIENTED_EDGE('',*,*,#3927,.F.);
#2685=ORIENTED_EDGE('',*,*,#3946,.F.);
#2686=ORIENTED_EDGE('',*,*,#3947,.F.);
#2687=ORIENTED_EDGE('',*,*,#3948,.T.);
#2688=ORIENTED_EDGE('',*,*,#3943,.T.);
#2689=ORIENTED_EDGE('',*,*,#3820,.F.);
#2690=ORIENTED_EDGE('',*,*,#3934,.T.);
#2691=ORIENTED_EDGE('',*,*,#3938,.T.);
#2692=ORIENTED_EDGE('',*,*,#3949,.F.);
#2693=ORIENTED_EDGE('',*,*,#3950,.T.);
#2694=ORIENTED_EDGE('',*,*,#3928,.T.);
#2695=ORIENTED_EDGE('',*,*,#3918,.T.);
#2696=ORIENTED_EDGE('',*,*,#3807,.F.);
#2697=ORIENTED_EDGE('',*,*,#3945,.F.);
#2698=ORIENTED_EDGE('',*,*,#3951,.F.);
#2699=ORIENTED_EDGE('',*,*,#3906,.T.);
#2700=ORIENTED_EDGE('',*,*,#3809,.T.);
#2701=ORIENTED_EDGE('',*,*,#3936,.F.);
#2702=ORIENTED_EDGE('',*,*,#3899,.F.);
#2703=ORIENTED_EDGE('',*,*,#3952,.F.);
#2704=ORIENTED_EDGE('',*,*,#3922,.T.);
#2705=ORIENTED_EDGE('',*,*,#3953,.F.);
#2706=ORIENTED_EDGE('',*,*,#3760,.F.);
#2707=ORIENTED_EDGE('',*,*,#3912,.T.);
#2708=ORIENTED_EDGE('',*,*,#3924,.T.);
#2709=ORIENTED_EDGE('',*,*,#3913,.F.);
#2710=ORIENTED_EDGE('',*,*,#3761,.F.);
#2711=ORIENTED_EDGE('',*,*,#3953,.T.);
#2712=ORIENTED_EDGE('',*,*,#3937,.T.);
#2713=ORIENTED_EDGE('',*,*,#3954,.F.);
#2714=ORIENTED_EDGE('',*,*,#3955,.F.);
#2715=ORIENTED_EDGE('',*,*,#3947,.T.);
#2716=ORIENTED_EDGE('',*,*,#3940,.T.);
#2717=ORIENTED_EDGE('',*,*,#3942,.F.);
#2718=ORIENTED_EDGE('',*,*,#3956,.F.);
#2719=ORIENTED_EDGE('',*,*,#3954,.T.);
#2720=ORIENTED_EDGE('',*,*,#3941,.F.);
#2721=ORIENTED_EDGE('',*,*,#3948,.F.);
#2722=ORIENTED_EDGE('',*,*,#3955,.T.);
#2723=ORIENTED_EDGE('',*,*,#3956,.T.);
#2724=ORIENTED_EDGE('',*,*,#3926,.T.);
#2725=ORIENTED_EDGE('',*,*,#3957,.F.);
#2726=ORIENTED_EDGE('',*,*,#3958,.F.);
#2727=ORIENTED_EDGE('',*,*,#3946,.T.);
#2728=ORIENTED_EDGE('',*,*,#3929,.T.);
#2729=ORIENTED_EDGE('',*,*,#3950,.F.);
#2730=ORIENTED_EDGE('',*,*,#3959,.F.);
#2731=ORIENTED_EDGE('',*,*,#3957,.T.);
#2732=ORIENTED_EDGE('',*,*,#3949,.T.);
#2733=ORIENTED_EDGE('',*,*,#3944,.T.);
#2734=ORIENTED_EDGE('',*,*,#3958,.T.);
#2735=ORIENTED_EDGE('',*,*,#3959,.T.);
#2736=ORIENTED_EDGE('',*,*,#3898,.F.);
#2737=ORIENTED_EDGE('',*,*,#3960,.F.);
#2738=ORIENTED_EDGE('',*,*,#3961,.T.);
#2739=ORIENTED_EDGE('',*,*,#3952,.T.);
#2740=ORIENTED_EDGE('',*,*,#3897,.F.);
#2741=ORIENTED_EDGE('',*,*,#3904,.F.);
#2742=ORIENTED_EDGE('',*,*,#3962,.T.);
#2743=ORIENTED_EDGE('',*,*,#3960,.T.);
#2744=ORIENTED_EDGE('',*,*,#3903,.F.);
#2745=ORIENTED_EDGE('',*,*,#3951,.T.);
#2746=ORIENTED_EDGE('',*,*,#3961,.F.);
#2747=ORIENTED_EDGE('',*,*,#3962,.F.);
#2748=ORIENTED_EDGE('',*,*,#3859,.T.);
#2749=ORIENTED_EDGE('',*,*,#3963,.T.);
#2750=ORIENTED_EDGE('',*,*,#3803,.F.);
#2751=ORIENTED_EDGE('',*,*,#3964,.F.);
#2752=ORIENTED_EDGE('',*,*,#3856,.T.);
#2753=ORIENTED_EDGE('',*,*,#3964,.T.);
#2754=ORIENTED_EDGE('',*,*,#3802,.F.);
#2755=ORIENTED_EDGE('',*,*,#3965,.F.);
#2756=ORIENTED_EDGE('',*,*,#3966,.T.);
#2757=ORIENTED_EDGE('',*,*,#3804,.T.);
#2758=ORIENTED_EDGE('',*,*,#3963,.F.);
#2759=ORIENTED_EDGE('',*,*,#3858,.F.);
#2760=ORIENTED_EDGE('',*,*,#3860,.T.);
#2761=ORIENTED_EDGE('',*,*,#3967,.T.);
#2762=ORIENTED_EDGE('',*,*,#3822,.F.);
#2763=ORIENTED_EDGE('',*,*,#3968,.F.);
#2764=ORIENTED_EDGE('',*,*,#3968,.T.);
#2765=ORIENTED_EDGE('',*,*,#3821,.T.);
#2766=ORIENTED_EDGE('',*,*,#3969,.F.);
#2767=ORIENTED_EDGE('',*,*,#3861,.F.);
#2768=ORIENTED_EDGE('',*,*,#3969,.T.);
#2769=ORIENTED_EDGE('',*,*,#3824,.T.);
#2770=ORIENTED_EDGE('',*,*,#3970,.F.);
#2771=ORIENTED_EDGE('',*,*,#3862,.F.);
#2772=ORIENTED_EDGE('',*,*,#3970,.T.);
#2773=ORIENTED_EDGE('',*,*,#3823,.T.);
#2774=ORIENTED_EDGE('',*,*,#3967,.F.);
#2775=ORIENTED_EDGE('',*,*,#3863,.F.);
#2776=ORIENTED_EDGE('',*,*,#3857,.T.);
#2777=ORIENTED_EDGE('',*,*,#3965,.T.);
#2778=ORIENTED_EDGE('',*,*,#3801,.T.);
#2779=ORIENTED_EDGE('',*,*,#3966,.F.);
#2780=ORIENTED_EDGE('',*,*,#3841,.F.);
#2781=ORIENTED_EDGE('',*,*,#3933,.T.);
#2782=ORIENTED_EDGE('',*,*,#3870,.F.);
#2783=ORIENTED_EDGE('',*,*,#3931,.F.);
#2784=ORIENTED_EDGE('',*,*,#3881,.T.);
#2785=ORIENTED_EDGE('',*,*,#3890,.F.);
#2786=ORIENTED_EDGE('',*,*,#3830,.F.);
#2787=ORIENTED_EDGE('',*,*,#3886,.T.);
#2788=ORIENTED_EDGE('',*,*,#3971,.F.);
#2789=ORIENTED_EDGE('',*,*,#3874,.T.);
#2790=ORIENTED_EDGE('',*,*,#3972,.T.);
#2791=ORIENTED_EDGE('',*,*,#3837,.F.);
#2792=ORIENTED_EDGE('',*,*,#3973,.F.);
#2793=ORIENTED_EDGE('',*,*,#3878,.F.);
#2794=ORIENTED_EDGE('',*,*,#3888,.T.);
#2795=ORIENTED_EDGE('',*,*,#3833,.F.);
#2796=ORIENTED_EDGE('',*,*,#3873,.T.);
#2797=ORIENTED_EDGE('',*,*,#3974,.T.);
#2798=ORIENTED_EDGE('',*,*,#3838,.T.);
#2799=ORIENTED_EDGE('',*,*,#3972,.F.);
#2800=ORIENTED_EDGE('',*,*,#3875,.T.);
#2801=ORIENTED_EDGE('',*,*,#3971,.T.);
#2802=ORIENTED_EDGE('',*,*,#3836,.F.);
#2803=ORIENTED_EDGE('',*,*,#3975,.F.);
#2804=ORIENTED_EDGE('',*,*,#3975,.T.);
#2805=ORIENTED_EDGE('',*,*,#3835,.T.);
#2806=ORIENTED_EDGE('',*,*,#3887,.F.);
#2807=ORIENTED_EDGE('',*,*,#3876,.F.);
#2808=ORIENTED_EDGE('',*,*,#3932,.T.);
#2809=ORIENTED_EDGE('',*,*,#3839,.T.);
#2810=ORIENTED_EDGE('',*,*,#3974,.F.);
#2811=ORIENTED_EDGE('',*,*,#3872,.F.);
#2812=ORIENTED_EDGE('',*,*,#3879,.T.);
#2813=ORIENTED_EDGE('',*,*,#3973,.T.);
#2814=ORIENTED_EDGE('',*,*,#3832,.F.);
#2815=ORIENTED_EDGE('',*,*,#3889,.F.);
#2816=ORIENTED_EDGE('',*,*,#3884,.F.);
#2817=ORIENTED_EDGE('',*,*,#3976,.T.);
#2818=ORIENTED_EDGE('',*,*,#3827,.T.);
#2819=ORIENTED_EDGE('',*,*,#3789,.F.);
#2820=ORIENTED_EDGE('',*,*,#3977,.F.);
#2821=ORIENTED_EDGE('',*,*,#3867,.T.);
#2822=ORIENTED_EDGE('',*,*,#3978,.T.);
#2823=ORIENTED_EDGE('',*,*,#3844,.F.);
#2824=ORIENTED_EDGE('',*,*,#3866,.F.);
#2825=ORIENTED_EDGE('',*,*,#3979,.T.);
#2826=ORIENTED_EDGE('',*,*,#3845,.T.);
#2827=ORIENTED_EDGE('',*,*,#3978,.F.);
#2828=ORIENTED_EDGE('',*,*,#3868,.T.);
#2829=ORIENTED_EDGE('',*,*,#3977,.T.);
#2830=ORIENTED_EDGE('',*,*,#3843,.F.);
#2831=ORIENTED_EDGE('',*,*,#3930,.F.);
#2832=ORIENTED_EDGE('',*,*,#3885,.T.);
#2833=ORIENTED_EDGE('',*,*,#3828,.T.);
#2834=ORIENTED_EDGE('',*,*,#3976,.F.);
#2835=ORIENTED_EDGE('',*,*,#3883,.F.);
#2836=ORIENTED_EDGE('',*,*,#3864,.T.);
#2837=ORIENTED_EDGE('',*,*,#3787,.T.);
#2838=ORIENTED_EDGE('',*,*,#3826,.F.);
#2839=ORIENTED_EDGE('',*,*,#3980,.F.);
#2840=ORIENTED_EDGE('',*,*,#3980,.T.);
#2841=ORIENTED_EDGE('',*,*,#3825,.T.);
#2842=ORIENTED_EDGE('',*,*,#3979,.F.);
#2843=ORIENTED_EDGE('',*,*,#3865,.F.);
#2844=ORIENTED_EDGE('',*,*,#3800,.T.);
#2845=ORIENTED_EDGE('',*,*,#3855,.F.);
#2846=ORIENTED_EDGE('',*,*,#3799,.T.);
#2847=ORIENTED_EDGE('',*,*,#3854,.F.);
#2848=ORIENTED_EDGE('',*,*,#3798,.T.);
#2849=ORIENTED_EDGE('',*,*,#3853,.F.);
#2850=ORIENTED_EDGE('',*,*,#3797,.T.);
#2851=ORIENTED_EDGE('',*,*,#3852,.F.);
#2852=ORIENTED_EDGE('',*,*,#3796,.T.);
#2853=ORIENTED_EDGE('',*,*,#3851,.F.);
#2854=ORIENTED_EDGE('',*,*,#3795,.T.);
#2855=ORIENTED_EDGE('',*,*,#3850,.F.);
#2856=ORIENTED_EDGE('',*,*,#3786,.T.);
#2857=ORIENTED_EDGE('',*,*,#3784,.T.);
#2858=ORIENTED_EDGE('',*,*,#3782,.T.);
#2859=ORIENTED_EDGE('',*,*,#3780,.T.);
#2860=ORIENTED_EDGE('',*,*,#3778,.T.);
#2861=ORIENTED_EDGE('',*,*,#3776,.T.);
#2862=ORIENTED_EDGE('',*,*,#3774,.T.);
#2863=ORIENTED_EDGE('',*,*,#3772,.T.);
#2864=ORIENTED_EDGE('',*,*,#3981,.F.);
#2865=ORIENTED_EDGE('',*,*,#3849,.T.);
#2866=ORIENTED_EDGE('',*,*,#3981,.T.);
#2867=ORIENTED_EDGE('',*,*,#3770,.T.);
#2868=ORIENTED_EDGE('',*,*,#3982,.F.);
#2869=ORIENTED_EDGE('',*,*,#3848,.T.);
#2870=ORIENTED_EDGE('',*,*,#3768,.T.);
#2871=ORIENTED_EDGE('',*,*,#3982,.T.);
#2872=ORIENTED_EDGE('',*,*,#3983,.F.);
#2873=ORIENTED_EDGE('',*,*,#3847,.T.);
#2874=ORIENTED_EDGE('',*,*,#3766,.T.);
#2875=ORIENTED_EDGE('',*,*,#3983,.T.);
#2876=ORIENTED_EDGE('',*,*,#3984,.F.);
#2877=ORIENTED_EDGE('',*,*,#3846,.T.);
#2878=ORIENTED_EDGE('',*,*,#3984,.T.);
#2879=ORIENTED_EDGE('',*,*,#3764,.T.);
#2880=ORIENTED_EDGE('',*,*,#3791,.F.);
#2881=ORIENTED_EDGE('',*,*,#3985,.F.);
#2882=ORIENTED_EDGE('',*,*,#3986,.T.);
#2883=ORIENTED_EDGE('',*,*,#3987,.T.);
#2884=ORIENTED_EDGE('',*,*,#3794,.T.);
#2885=ORIENTED_EDGE('',*,*,#3988,.F.);
#2886=ORIENTED_EDGE('',*,*,#3989,.F.);
#2887=ORIENTED_EDGE('',*,*,#3985,.T.);
#2888=ORIENTED_EDGE('',*,*,#3793,.T.);
#2889=ORIENTED_EDGE('',*,*,#3990,.F.);
#2890=ORIENTED_EDGE('',*,*,#3991,.F.);
#2891=ORIENTED_EDGE('',*,*,#3988,.T.);
#2892=ORIENTED_EDGE('',*,*,#3792,.F.);
#2893=ORIENTED_EDGE('',*,*,#3987,.F.);
#2894=ORIENTED_EDGE('',*,*,#3992,.T.);
#2895=ORIENTED_EDGE('',*,*,#3990,.T.);
#2896=ORIENTED_EDGE('',*,*,#3986,.F.);
#2897=ORIENTED_EDGE('',*,*,#3989,.T.);
#2898=ORIENTED_EDGE('',*,*,#3991,.T.);
#2899=ORIENTED_EDGE('',*,*,#3992,.F.);
#2900=ORIENTED_EDGE('',*,*,#3758,.F.);
#2901=ORIENTED_EDGE('',*,*,#3993,.F.);
#2902=ORIENTED_EDGE('',*,*,#3994,.T.);
#2903=ORIENTED_EDGE('',*,*,#3907,.T.);
#2904=ORIENTED_EDGE('',*,*,#3757,.T.);
#2905=ORIENTED_EDGE('',*,*,#3917,.F.);
#2906=ORIENTED_EDGE('',*,*,#3995,.F.);
#2907=ORIENTED_EDGE('',*,*,#3993,.T.);
#2908=ORIENTED_EDGE('',*,*,#3994,.F.);
#2909=ORIENTED_EDGE('',*,*,#3995,.T.);
#2910=ORIENTED_EDGE('',*,*,#3916,.T.);
#2911=ORIENTED_EDGE('',*,*,#3908,.T.);
#2912=ORIENTED_EDGE('',*,*,#3996,.F.);
#2913=ORIENTED_EDGE('',*,*,#3997,.F.);
#2914=ORIENTED_EDGE('',*,*,#3998,.F.);
#2915=ORIENTED_EDGE('',*,*,#3999,.T.);
#2916=ORIENTED_EDGE('',*,*,#4000,.T.);
#2917=ORIENTED_EDGE('',*,*,#4001,.T.);
#2918=ORIENTED_EDGE('',*,*,#4002,.T.);
#2919=ORIENTED_EDGE('',*,*,#4003,.F.);
#2920=ORIENTED_EDGE('',*,*,#4004,.T.);
#2921=ORIENTED_EDGE('',*,*,#4005,.F.);
#2922=ORIENTED_EDGE('',*,*,#4006,.T.);
#2923=ORIENTED_EDGE('',*,*,#4007,.F.);
#2924=ORIENTED_EDGE('',*,*,#4008,.F.);
#2925=ORIENTED_EDGE('',*,*,#4005,.T.);
#2926=ORIENTED_EDGE('',*,*,#4009,.T.);
#2927=ORIENTED_EDGE('',*,*,#4010,.F.);
#2928=ORIENTED_EDGE('',*,*,#4011,.T.);
#2929=ORIENTED_EDGE('',*,*,#4012,.T.);
#2930=ORIENTED_EDGE('',*,*,#4013,.T.);
#2931=ORIENTED_EDGE('',*,*,#4014,.T.);
#2932=ORIENTED_EDGE('',*,*,#4015,.T.);
#2933=ORIENTED_EDGE('',*,*,#4016,.T.);
#2934=ORIENTED_EDGE('',*,*,#4017,.F.);
#2935=ORIENTED_EDGE('',*,*,#4006,.F.);
#2936=ORIENTED_EDGE('',*,*,#4008,.T.);
#2937=ORIENTED_EDGE('',*,*,#4018,.T.);
#2938=ORIENTED_EDGE('',*,*,#4019,.F.);
#2939=ORIENTED_EDGE('',*,*,#4020,.F.);
#2940=ORIENTED_EDGE('',*,*,#4021,.T.);
#2941=ORIENTED_EDGE('',*,*,#4022,.F.);
#2942=ORIENTED_EDGE('',*,*,#4023,.F.);
#2943=ORIENTED_EDGE('',*,*,#4024,.T.);
#2944=ORIENTED_EDGE('',*,*,#4025,.T.);
#2945=ORIENTED_EDGE('',*,*,#3999,.F.);
#2946=ORIENTED_EDGE('',*,*,#4017,.T.);
#2947=ORIENTED_EDGE('',*,*,#4026,.F.);
#2948=ORIENTED_EDGE('',*,*,#4015,.F.);
#2949=ORIENTED_EDGE('',*,*,#4027,.T.);
#2950=ORIENTED_EDGE('',*,*,#4019,.T.);
#2951=ORIENTED_EDGE('',*,*,#4014,.F.);
#2952=ORIENTED_EDGE('',*,*,#4028,.T.);
#2953=ORIENTED_EDGE('',*,*,#4029,.T.);
#2954=ORIENTED_EDGE('',*,*,#4030,.F.);
#2955=ORIENTED_EDGE('',*,*,#4031,.F.);
#2956=ORIENTED_EDGE('',*,*,#4032,.T.);
#2957=ORIENTED_EDGE('',*,*,#4020,.T.);
#2958=ORIENTED_EDGE('',*,*,#4027,.F.);
#2959=ORIENTED_EDGE('',*,*,#4033,.F.);
#2960=ORIENTED_EDGE('',*,*,#4034,.F.);
#2961=ORIENTED_EDGE('',*,*,#4035,.F.);
#2962=ORIENTED_EDGE('',*,*,#4036,.T.);
#2963=ORIENTED_EDGE('',*,*,#4037,.F.);
#2964=ORIENTED_EDGE('',*,*,#4038,.F.);
#2965=ORIENTED_EDGE('',*,*,#4039,.T.);
#2966=ORIENTED_EDGE('',*,*,#4040,.T.);
#2967=ORIENTED_EDGE('',*,*,#4041,.F.);
#2968=ORIENTED_EDGE('',*,*,#4042,.F.);
#2969=ORIENTED_EDGE('',*,*,#4043,.T.);
#2970=ORIENTED_EDGE('',*,*,#4044,.T.);
#2971=ORIENTED_EDGE('',*,*,#4045,.T.);
#2972=ORIENTED_EDGE('',*,*,#4046,.T.);
#2973=ORIENTED_EDGE('',*,*,#4047,.T.);
#2974=ORIENTED_EDGE('',*,*,#4048,.T.);
#2975=ORIENTED_EDGE('',*,*,#4049,.T.);
#2976=ORIENTED_EDGE('',*,*,#4050,.T.);
#2977=ORIENTED_EDGE('',*,*,#4051,.T.);
#2978=ORIENTED_EDGE('',*,*,#4052,.T.);
#2979=ORIENTED_EDGE('',*,*,#4053,.T.);
#2980=ORIENTED_EDGE('',*,*,#4007,.T.);
#2981=ORIENTED_EDGE('',*,*,#4026,.T.);
#2982=ORIENTED_EDGE('',*,*,#4018,.F.);
#2983=ORIENTED_EDGE('',*,*,#4016,.F.);
#2984=ORIENTED_EDGE('',*,*,#4035,.T.);
#2985=ORIENTED_EDGE('',*,*,#4053,.F.);
#2986=ORIENTED_EDGE('',*,*,#3996,.T.);
#2987=ORIENTED_EDGE('',*,*,#4052,.F.);
#2988=ORIENTED_EDGE('',*,*,#3997,.T.);
#2989=ORIENTED_EDGE('',*,*,#4051,.F.);
#2990=ORIENTED_EDGE('',*,*,#3998,.T.);
#2991=ORIENTED_EDGE('',*,*,#4050,.F.);
#2992=ORIENTED_EDGE('',*,*,#4034,.T.);
#2993=ORIENTED_EDGE('',*,*,#4049,.F.);
#2994=ORIENTED_EDGE('',*,*,#4033,.T.);
#2995=ORIENTED_EDGE('',*,*,#4048,.F.);
#2996=ORIENTED_EDGE('',*,*,#4047,.F.);
#2997=ORIENTED_EDGE('',*,*,#4054,.T.);
#2998=ORIENTED_EDGE('',*,*,#4046,.F.);
#2999=ORIENTED_EDGE('',*,*,#4055,.T.);
#3000=ORIENTED_EDGE('',*,*,#4045,.F.);
#3001=ORIENTED_EDGE('',*,*,#4056,.T.);
#3002=ORIENTED_EDGE('',*,*,#4044,.F.);
#3003=ORIENTED_EDGE('',*,*,#4057,.T.);
#3004=ORIENTED_EDGE('',*,*,#4058,.F.);
#3005=ORIENTED_EDGE('',*,*,#4059,.T.);
#3006=ORIENTED_EDGE('',*,*,#4024,.F.);
#3007=ORIENTED_EDGE('',*,*,#4060,.T.);
#3008=ORIENTED_EDGE('',*,*,#4010,.T.);
#3009=ORIENTED_EDGE('',*,*,#4061,.T.);
#3010=ORIENTED_EDGE('',*,*,#4062,.T.);
#3011=ORIENTED_EDGE('',*,*,#4041,.T.);
#3012=ORIENTED_EDGE('',*,*,#4058,.T.);
#3013=ORIENTED_EDGE('',*,*,#4040,.F.);
#3014=ORIENTED_EDGE('',*,*,#4063,.F.);
#3015=ORIENTED_EDGE('',*,*,#4001,.F.);
#3016=ORIENTED_EDGE('',*,*,#4064,.T.);
#3017=ORIENTED_EDGE('',*,*,#4063,.T.);
#3018=ORIENTED_EDGE('',*,*,#4043,.F.);
#3019=ORIENTED_EDGE('',*,*,#4065,.F.);
#3020=ORIENTED_EDGE('',*,*,#4002,.F.);
#3021=ORIENTED_EDGE('',*,*,#4062,.F.);
#3022=ORIENTED_EDGE('',*,*,#4066,.T.);
#3023=ORIENTED_EDGE('',*,*,#4003,.T.);
#3024=ORIENTED_EDGE('',*,*,#4065,.T.);
#3025=ORIENTED_EDGE('',*,*,#4042,.T.);
#3026=ORIENTED_EDGE('',*,*,#4067,.F.);
#3027=ORIENTED_EDGE('',*,*,#4068,.T.);
#3028=ORIENTED_EDGE('',*,*,#4031,.T.);
#3029=ORIENTED_EDGE('',*,*,#4069,.T.);
#3030=ORIENTED_EDGE('',*,*,#4037,.T.);
#3031=ORIENTED_EDGE('',*,*,#4070,.F.);
#3032=ORIENTED_EDGE('',*,*,#4071,.T.);
#3033=ORIENTED_EDGE('',*,*,#4012,.F.);
#3034=ORIENTED_EDGE('',*,*,#4072,.F.);
#3035=ORIENTED_EDGE('',*,*,#4022,.T.);
#3036=ORIENTED_EDGE('',*,*,#4073,.T.);
#3037=ORIENTED_EDGE('',*,*,#4067,.T.);
#3038=ORIENTED_EDGE('',*,*,#4036,.F.);
#3039=ORIENTED_EDGE('',*,*,#4070,.T.);
#3040=ORIENTED_EDGE('',*,*,#4039,.F.);
#3041=ORIENTED_EDGE('',*,*,#4074,.F.);
#3042=ORIENTED_EDGE('',*,*,#4029,.F.);
#3043=ORIENTED_EDGE('',*,*,#4075,.T.);
#3044=ORIENTED_EDGE('',*,*,#4030,.T.);
#3045=ORIENTED_EDGE('',*,*,#4074,.T.);
#3046=ORIENTED_EDGE('',*,*,#4038,.T.);
#3047=ORIENTED_EDGE('',*,*,#4069,.F.);
#3048=ORIENTED_EDGE('',*,*,#4054,.F.);
#3049=ORIENTED_EDGE('',*,*,#4055,.F.);
#3050=ORIENTED_EDGE('',*,*,#4056,.F.);
#3051=ORIENTED_EDGE('',*,*,#4057,.F.);
#3052=ORIENTED_EDGE('',*,*,#4072,.T.);
#3053=ORIENTED_EDGE('',*,*,#4011,.F.);
#3054=ORIENTED_EDGE('',*,*,#4060,.F.);
#3055=ORIENTED_EDGE('',*,*,#4023,.T.);
#3056=ORIENTED_EDGE('',*,*,#4025,.F.);
#3057=ORIENTED_EDGE('',*,*,#4059,.F.);
#3058=ORIENTED_EDGE('',*,*,#4064,.F.);
#3059=ORIENTED_EDGE('',*,*,#4000,.F.);
#3060=ORIENTED_EDGE('',*,*,#4066,.F.);
#3061=ORIENTED_EDGE('',*,*,#4061,.F.);
#3062=ORIENTED_EDGE('',*,*,#4009,.F.);
#3063=ORIENTED_EDGE('',*,*,#4004,.F.);
#3064=ORIENTED_EDGE('',*,*,#4075,.F.);
#3065=ORIENTED_EDGE('',*,*,#4028,.F.);
#3066=ORIENTED_EDGE('',*,*,#4013,.F.);
#3067=ORIENTED_EDGE('',*,*,#4071,.F.);
#3068=ORIENTED_EDGE('',*,*,#4021,.F.);
#3069=ORIENTED_EDGE('',*,*,#4032,.F.);
#3070=ORIENTED_EDGE('',*,*,#4068,.F.);
#3071=ORIENTED_EDGE('',*,*,#4073,.F.);
#3072=ORIENTED_EDGE('',*,*,#4076,.F.);
#3073=ORIENTED_EDGE('',*,*,#4077,.T.);
#3074=ORIENTED_EDGE('',*,*,#4078,.F.);
#3075=ORIENTED_EDGE('',*,*,#4076,.T.);
#3076=ORIENTED_EDGE('',*,*,#4077,.F.);
#3077=ORIENTED_EDGE('',*,*,#4079,.F.);
#3078=ORIENTED_EDGE('',*,*,#4078,.T.);
#3079=ORIENTED_EDGE('',*,*,#4079,.T.);
#3080=ORIENTED_EDGE('',*,*,#4080,.T.);
#3081=ORIENTED_EDGE('',*,*,#4081,.F.);
#3082=ORIENTED_EDGE('',*,*,#4082,.T.);
#3083=ORIENTED_EDGE('',*,*,#4083,.F.);
#3084=ORIENTED_EDGE('',*,*,#4084,.T.);
#3085=ORIENTED_EDGE('',*,*,#4085,.T.);
#3086=ORIENTED_EDGE('',*,*,#4086,.F.);
#3087=ORIENTED_EDGE('',*,*,#4087,.T.);
#3088=ORIENTED_EDGE('',*,*,#4088,.T.);
#3089=ORIENTED_EDGE('',*,*,#4089,.T.);
#3090=ORIENTED_EDGE('',*,*,#4090,.T.);
#3091=ORIENTED_EDGE('',*,*,#4091,.F.);
#3092=ORIENTED_EDGE('',*,*,#4092,.T.);
#3093=ORIENTED_EDGE('',*,*,#4093,.T.);
#3094=ORIENTED_EDGE('',*,*,#4094,.F.);
#3095=ORIENTED_EDGE('',*,*,#4095,.T.);
#3096=ORIENTED_EDGE('',*,*,#4080,.F.);
#3097=ORIENTED_EDGE('',*,*,#4094,.T.);
#3098=ORIENTED_EDGE('',*,*,#4081,.T.);
#3099=ORIENTED_EDGE('',*,*,#4095,.F.);
#3100=ORIENTED_EDGE('',*,*,#4096,.F.);
#3101=ORIENTED_EDGE('',*,*,#4097,.T.);
#3102=ORIENTED_EDGE('',*,*,#4098,.T.);
#3103=ORIENTED_EDGE('',*,*,#4099,.T.);
#3104=ORIENTED_EDGE('',*,*,#4100,.F.);
#3105=ORIENTED_EDGE('',*,*,#4101,.T.);
#3106=ORIENTED_EDGE('',*,*,#4102,.T.);
#3107=ORIENTED_EDGE('',*,*,#4103,.T.);
#3108=ORIENTED_EDGE('',*,*,#4104,.F.);
#3109=ORIENTED_EDGE('',*,*,#4105,.T.);
#3110=ORIENTED_EDGE('',*,*,#4106,.T.);
#3111=ORIENTED_EDGE('',*,*,#4107,.T.);
#3112=ORIENTED_EDGE('',*,*,#4093,.F.);
#3113=ORIENTED_EDGE('',*,*,#4108,.T.);
#3114=ORIENTED_EDGE('',*,*,#4100,.T.);
#3115=ORIENTED_EDGE('',*,*,#4109,.T.);
#3116=ORIENTED_EDGE('',*,*,#4104,.T.);
#3117=ORIENTED_EDGE('',*,*,#4110,.T.);
#3118=ORIENTED_EDGE('',*,*,#4098,.F.);
#3119=ORIENTED_EDGE('',*,*,#4111,.T.);
#3120=ORIENTED_EDGE('',*,*,#4106,.F.);
#3121=ORIENTED_EDGE('',*,*,#4112,.T.);
#3122=ORIENTED_EDGE('',*,*,#4102,.F.);
#3123=ORIENTED_EDGE('',*,*,#4113,.T.);
#3124=ORIENTED_EDGE('',*,*,#4091,.T.);
#3125=ORIENTED_EDGE('',*,*,#4114,.T.);
#3126=ORIENTED_EDGE('',*,*,#4096,.T.);
#3127=ORIENTED_EDGE('',*,*,#4115,.T.);
#3128=ORIENTED_EDGE('',*,*,#4116,.F.);
#3129=ORIENTED_EDGE('',*,*,#4117,.T.);
#3130=ORIENTED_EDGE('',*,*,#4118,.T.);
#3131=ORIENTED_EDGE('',*,*,#4119,.T.);
#3132=ORIENTED_EDGE('',*,*,#4120,.F.);
#3133=ORIENTED_EDGE('',*,*,#4121,.T.);
#3134=ORIENTED_EDGE('',*,*,#4122,.T.);
#3135=ORIENTED_EDGE('',*,*,#4123,.T.);
#3136=ORIENTED_EDGE('',*,*,#4124,.F.);
#3137=ORIENTED_EDGE('',*,*,#4125,.T.);
#3138=ORIENTED_EDGE('',*,*,#4126,.T.);
#3139=ORIENTED_EDGE('',*,*,#4127,.T.);
#3140=ORIENTED_EDGE('',*,*,#4088,.F.);
#3141=ORIENTED_EDGE('',*,*,#4128,.T.);
#3142=ORIENTED_EDGE('',*,*,#4116,.T.);
#3143=ORIENTED_EDGE('',*,*,#4129,.T.);
#3144=ORIENTED_EDGE('',*,*,#4120,.T.);
#3145=ORIENTED_EDGE('',*,*,#4130,.T.);
#3146=ORIENTED_EDGE('',*,*,#4126,.F.);
#3147=ORIENTED_EDGE('',*,*,#4131,.T.);
#3148=ORIENTED_EDGE('',*,*,#4122,.F.);
#3149=ORIENTED_EDGE('',*,*,#4132,.T.);
#3150=ORIENTED_EDGE('',*,*,#4118,.F.);
#3151=ORIENTED_EDGE('',*,*,#4133,.T.);
#3152=ORIENTED_EDGE('',*,*,#4086,.T.);
#3153=ORIENTED_EDGE('',*,*,#4134,.T.);
#3154=ORIENTED_EDGE('',*,*,#4124,.T.);
#3155=ORIENTED_EDGE('',*,*,#4135,.T.);
#3156=ORIENTED_EDGE('',*,*,#4136,.F.);
#3157=ORIENTED_EDGE('',*,*,#4137,.T.);
#3158=ORIENTED_EDGE('',*,*,#4138,.T.);
#3159=ORIENTED_EDGE('',*,*,#4139,.T.);
#3160=ORIENTED_EDGE('',*,*,#4140,.F.);
#3161=ORIENTED_EDGE('',*,*,#4141,.T.);
#3162=ORIENTED_EDGE('',*,*,#4142,.T.);
#3163=ORIENTED_EDGE('',*,*,#4143,.T.);
#3164=ORIENTED_EDGE('',*,*,#4144,.F.);
#3165=ORIENTED_EDGE('',*,*,#4145,.T.);
#3166=ORIENTED_EDGE('',*,*,#4146,.T.);
#3167=ORIENTED_EDGE('',*,*,#4147,.T.);
#3168=ORIENTED_EDGE('',*,*,#4085,.F.);
#3169=ORIENTED_EDGE('',*,*,#4148,.T.);
#3170=ORIENTED_EDGE('',*,*,#4136,.T.);
#3171=ORIENTED_EDGE('',*,*,#4149,.T.);
#3172=ORIENTED_EDGE('',*,*,#4140,.T.);
#3173=ORIENTED_EDGE('',*,*,#4150,.T.);
#3174=ORIENTED_EDGE('',*,*,#4146,.F.);
#3175=ORIENTED_EDGE('',*,*,#4151,.T.);
#3176=ORIENTED_EDGE('',*,*,#4142,.F.);
#3177=ORIENTED_EDGE('',*,*,#4152,.T.);
#3178=ORIENTED_EDGE('',*,*,#4138,.F.);
#3179=ORIENTED_EDGE('',*,*,#4153,.T.);
#3180=ORIENTED_EDGE('',*,*,#4083,.T.);
#3181=ORIENTED_EDGE('',*,*,#4154,.T.);
#3182=ORIENTED_EDGE('',*,*,#4144,.T.);
#3183=ORIENTED_EDGE('',*,*,#4155,.T.);
#3184=ORIENTED_EDGE('',*,*,#4150,.F.);
#3185=ORIENTED_EDGE('',*,*,#4143,.F.);
#3186=ORIENTED_EDGE('',*,*,#4155,.F.);
#3187=ORIENTED_EDGE('',*,*,#4147,.F.);
#3188=ORIENTED_EDGE('',*,*,#4110,.F.);
#3189=ORIENTED_EDGE('',*,*,#4107,.F.);
#3190=ORIENTED_EDGE('',*,*,#4115,.F.);
#3191=ORIENTED_EDGE('',*,*,#4099,.F.);
#3192=ORIENTED_EDGE('',*,*,#4130,.F.);
#3193=ORIENTED_EDGE('',*,*,#4123,.F.);
#3194=ORIENTED_EDGE('',*,*,#4135,.F.);
#3195=ORIENTED_EDGE('',*,*,#4127,.F.);
#3196=ORIENTED_EDGE('',*,*,#4109,.F.);
#3197=ORIENTED_EDGE('',*,*,#4103,.F.);
#3198=ORIENTED_EDGE('',*,*,#4112,.F.);
#3199=ORIENTED_EDGE('',*,*,#4105,.F.);
#3200=ORIENTED_EDGE('',*,*,#4149,.F.);
#3201=ORIENTED_EDGE('',*,*,#4139,.F.);
#3202=ORIENTED_EDGE('',*,*,#4152,.F.);
#3203=ORIENTED_EDGE('',*,*,#4141,.F.);
#3204=ORIENTED_EDGE('',*,*,#4129,.F.);
#3205=ORIENTED_EDGE('',*,*,#4119,.F.);
#3206=ORIENTED_EDGE('',*,*,#4132,.F.);
#3207=ORIENTED_EDGE('',*,*,#4121,.F.);
#3208=ORIENTED_EDGE('',*,*,#4128,.F.);
#3209=ORIENTED_EDGE('',*,*,#4087,.F.);
#3210=ORIENTED_EDGE('',*,*,#4133,.F.);
#3211=ORIENTED_EDGE('',*,*,#4117,.F.);
#3212=ORIENTED_EDGE('',*,*,#4151,.F.);
#3213=ORIENTED_EDGE('',*,*,#4145,.F.);
#3214=ORIENTED_EDGE('',*,*,#4154,.F.);
#3215=ORIENTED_EDGE('',*,*,#4082,.F.);
#3216=ORIENTED_EDGE('',*,*,#4148,.F.);
#3217=ORIENTED_EDGE('',*,*,#4084,.F.);
#3218=ORIENTED_EDGE('',*,*,#4153,.F.);
#3219=ORIENTED_EDGE('',*,*,#4137,.F.);
#3220=ORIENTED_EDGE('',*,*,#4111,.F.);
#3221=ORIENTED_EDGE('',*,*,#4097,.F.);
#3222=ORIENTED_EDGE('',*,*,#4114,.F.);
#3223=ORIENTED_EDGE('',*,*,#4090,.F.);
#3224=ORIENTED_EDGE('',*,*,#4108,.F.);
#3225=ORIENTED_EDGE('',*,*,#4092,.F.);
#3226=ORIENTED_EDGE('',*,*,#4113,.F.);
#3227=ORIENTED_EDGE('',*,*,#4101,.F.);
#3228=ORIENTED_EDGE('',*,*,#4131,.F.);
#3229=ORIENTED_EDGE('',*,*,#4125,.F.);
#3230=ORIENTED_EDGE('',*,*,#4134,.F.);
#3231=ORIENTED_EDGE('',*,*,#4089,.F.);
#3232=ORIENTED_EDGE('',*,*,#4156,.T.);
#3233=ORIENTED_EDGE('',*,*,#4157,.T.);
#3234=ORIENTED_EDGE('',*,*,#4158,.T.);
#3235=ORIENTED_EDGE('',*,*,#4159,.T.);
#3236=ORIENTED_EDGE('',*,*,#4160,.T.);
#3237=ORIENTED_EDGE('',*,*,#4161,.T.);
#3238=ORIENTED_EDGE('',*,*,#4162,.T.);
#3239=ORIENTED_EDGE('',*,*,#4163,.T.);
#3240=ORIENTED_EDGE('',*,*,#4164,.T.);
#3241=ORIENTED_EDGE('',*,*,#4165,.T.);
#3242=ORIENTED_EDGE('',*,*,#4166,.T.);
#3243=ORIENTED_EDGE('',*,*,#4167,.T.);
#3244=ORIENTED_EDGE('',*,*,#4168,.T.);
#3245=ORIENTED_EDGE('',*,*,#4169,.T.);
#3246=ORIENTED_EDGE('',*,*,#4170,.T.);
#3247=ORIENTED_EDGE('',*,*,#4171,.T.);
#3248=ORIENTED_EDGE('',*,*,#4172,.T.);
#3249=ORIENTED_EDGE('',*,*,#4173,.T.);
#3250=ORIENTED_EDGE('',*,*,#4174,.T.);
#3251=ORIENTED_EDGE('',*,*,#4175,.T.);
#3252=ORIENTED_EDGE('',*,*,#4176,.T.);
#3253=ORIENTED_EDGE('',*,*,#4177,.T.);
#3254=ORIENTED_EDGE('',*,*,#4178,.T.);
#3255=ORIENTED_EDGE('',*,*,#4179,.T.);
#3256=ORIENTED_EDGE('',*,*,#4180,.F.);
#3257=ORIENTED_EDGE('',*,*,#4179,.F.);
#3258=ORIENTED_EDGE('',*,*,#4181,.F.);
#3259=ORIENTED_EDGE('',*,*,#4165,.F.);
#3260=ORIENTED_EDGE('',*,*,#4182,.F.);
#3261=ORIENTED_EDGE('',*,*,#4180,.T.);
#3262=ORIENTED_EDGE('',*,*,#4183,.F.);
#3263=ORIENTED_EDGE('',*,*,#4184,.F.);
#3264=ORIENTED_EDGE('',*,*,#4181,.T.);
#3265=ORIENTED_EDGE('',*,*,#4185,.F.);
#3266=ORIENTED_EDGE('',*,*,#4183,.T.);
#3267=ORIENTED_EDGE('',*,*,#4164,.F.);
#3268=ORIENTED_EDGE('',*,*,#4186,.F.);
#3269=ORIENTED_EDGE('',*,*,#4163,.F.);
#3270=ORIENTED_EDGE('',*,*,#4182,.T.);
#3271=ORIENTED_EDGE('',*,*,#4162,.F.);
#3272=ORIENTED_EDGE('',*,*,#4187,.F.);
#3273=ORIENTED_EDGE('',*,*,#4176,.F.);
#3274=ORIENTED_EDGE('',*,*,#4188,.F.);
#3275=ORIENTED_EDGE('',*,*,#4177,.F.);
#3276=ORIENTED_EDGE('',*,*,#4189,.F.);
#3277=ORIENTED_EDGE('',*,*,#4159,.F.);
#3278=ORIENTED_EDGE('',*,*,#4185,.T.);
#3279=ORIENTED_EDGE('',*,*,#4178,.F.);
#3280=ORIENTED_EDGE('',*,*,#4190,.F.);
#3281=ORIENTED_EDGE('',*,*,#4168,.F.);
#3282=ORIENTED_EDGE('',*,*,#4184,.T.);
#3283=ORIENTED_EDGE('',*,*,#4171,.F.);
#3284=ORIENTED_EDGE('',*,*,#4191,.F.);
#3285=ORIENTED_EDGE('',*,*,#4166,.F.);
#3286=ORIENTED_EDGE('',*,*,#4192,.F.);
#3287=ORIENTED_EDGE('',*,*,#4167,.F.);
#3288=ORIENTED_EDGE('',*,*,#4193,.F.);
#3289=ORIENTED_EDGE('',*,*,#4175,.F.);
#3290=ORIENTED_EDGE('',*,*,#4186,.T.);
#3291=ORIENTED_EDGE('',*,*,#4192,.T.);
#3292=ORIENTED_EDGE('',*,*,#4194,.F.);
#3293=ORIENTED_EDGE('',*,*,#4189,.T.);
#3294=ORIENTED_EDGE('',*,*,#4187,.T.);
#3295=ORIENTED_EDGE('',*,*,#4195,.F.);
#3296=ORIENTED_EDGE('',*,*,#4190,.T.);
#3297=ORIENTED_EDGE('',*,*,#4188,.T.);
#3298=ORIENTED_EDGE('',*,*,#4196,.F.);
#3299=ORIENTED_EDGE('',*,*,#4193,.T.);
#3300=ORIENTED_EDGE('',*,*,#4191,.T.);
#3301=ORIENTED_EDGE('',*,*,#4197,.F.);
#3302=ORIENTED_EDGE('',*,*,#4194,.T.);
#3303=ORIENTED_EDGE('',*,*,#4174,.F.);
#3304=ORIENTED_EDGE('',*,*,#4198,.F.);
#3305=ORIENTED_EDGE('',*,*,#4160,.F.);
#3306=ORIENTED_EDGE('',*,*,#4195,.T.);
#3307=ORIENTED_EDGE('',*,*,#4161,.F.);
#3308=ORIENTED_EDGE('',*,*,#4199,.F.);
#3309=ORIENTED_EDGE('',*,*,#4156,.F.);
#3310=ORIENTED_EDGE('',*,*,#4196,.T.);
#3311=ORIENTED_EDGE('',*,*,#4158,.F.);
#3312=ORIENTED_EDGE('',*,*,#4200,.F.);
#3313=ORIENTED_EDGE('',*,*,#4169,.F.);
#3314=ORIENTED_EDGE('',*,*,#4197,.T.);
#3315=ORIENTED_EDGE('',*,*,#4170,.F.);
#3316=ORIENTED_EDGE('',*,*,#4201,.F.);
#3317=ORIENTED_EDGE('',*,*,#4172,.F.);
#3318=ORIENTED_EDGE('',*,*,#4199,.T.);
#3319=ORIENTED_EDGE('',*,*,#4198,.T.);
#3320=ORIENTED_EDGE('',*,*,#4202,.F.);
#3321=ORIENTED_EDGE('',*,*,#4201,.T.);
#3322=ORIENTED_EDGE('',*,*,#4200,.T.);
#3323=ORIENTED_EDGE('',*,*,#4203,.F.);
#3324=ORIENTED_EDGE('',*,*,#4202,.T.);
#3325=ORIENTED_EDGE('',*,*,#4173,.F.);
#3326=ORIENTED_EDGE('',*,*,#4203,.T.);
#3327=ORIENTED_EDGE('',*,*,#4157,.F.);
#3328=ORIENTED_EDGE('',*,*,#4204,.F.);
#3329=ORIENTED_EDGE('',*,*,#4205,.T.);
#3330=ORIENTED_EDGE('',*,*,#4206,.F.);
#3331=ORIENTED_EDGE('',*,*,#4204,.T.);
#3332=ORIENTED_EDGE('',*,*,#4205,.F.);
#3333=ORIENTED_EDGE('',*,*,#4207,.F.);
#3334=ORIENTED_EDGE('',*,*,#4206,.T.);
#3335=ORIENTED_EDGE('',*,*,#4207,.T.);
#3336=ORIENTED_EDGE('',*,*,#4208,.F.);
#3337=ORIENTED_EDGE('',*,*,#4209,.F.);
#3338=ORIENTED_EDGE('',*,*,#4210,.T.);
#3339=ORIENTED_EDGE('',*,*,#4211,.T.);
#3340=ORIENTED_EDGE('',*,*,#4212,.T.);
#3341=ORIENTED_EDGE('',*,*,#4213,.F.);
#3342=ORIENTED_EDGE('',*,*,#4214,.F.);
#3343=ORIENTED_EDGE('',*,*,#4209,.T.);
#3344=ORIENTED_EDGE('',*,*,#4215,.T.);
#3345=ORIENTED_EDGE('',*,*,#4216,.F.);
#3346=ORIENTED_EDGE('',*,*,#4217,.F.);
#3347=ORIENTED_EDGE('',*,*,#4213,.T.);
#3348=ORIENTED_EDGE('',*,*,#4218,.F.);
#3349=ORIENTED_EDGE('',*,*,#4211,.F.);
#3350=ORIENTED_EDGE('',*,*,#4219,.T.);
#3351=ORIENTED_EDGE('',*,*,#4216,.T.);
#3352=ORIENTED_EDGE('',*,*,#4210,.F.);
#3353=ORIENTED_EDGE('',*,*,#4214,.T.);
#3354=ORIENTED_EDGE('',*,*,#4217,.T.);
#3355=ORIENTED_EDGE('',*,*,#4219,.F.);
#3356=ORIENTED_EDGE('',*,*,#4208,.T.);
#3357=ORIENTED_EDGE('',*,*,#4218,.T.);
#3358=ORIENTED_EDGE('',*,*,#4215,.F.);
#3359=ORIENTED_EDGE('',*,*,#4212,.F.);
#3360=ORIENTED_EDGE('',*,*,#4220,.F.);
#3361=ORIENTED_EDGE('',*,*,#4221,.F.);
#3362=ORIENTED_EDGE('',*,*,#4222,.T.);
#3363=ORIENTED_EDGE('',*,*,#4223,.T.);
#3364=ORIENTED_EDGE('',*,*,#4224,.T.);
#3365=ORIENTED_EDGE('',*,*,#4225,.T.);
#3366=ORIENTED_EDGE('',*,*,#4226,.F.);
#3367=ORIENTED_EDGE('',*,*,#4227,.T.);
#3368=ORIENTED_EDGE('',*,*,#4228,.F.);
#3369=ORIENTED_EDGE('',*,*,#4229,.F.);
#3370=ORIENTED_EDGE('',*,*,#4221,.T.);
#3371=ORIENTED_EDGE('',*,*,#4228,.T.);
#3372=ORIENTED_EDGE('',*,*,#4230,.T.);
#3373=ORIENTED_EDGE('',*,*,#4231,.T.);
#3374=ORIENTED_EDGE('',*,*,#4232,.T.);
#3375=ORIENTED_EDGE('',*,*,#4233,.F.);
#3376=ORIENTED_EDGE('',*,*,#4234,.F.);
#3377=ORIENTED_EDGE('',*,*,#4235,.F.);
#3378=ORIENTED_EDGE('',*,*,#4224,.F.);
#3379=ORIENTED_EDGE('',*,*,#4236,.T.);
#3380=ORIENTED_EDGE('',*,*,#4233,.T.);
#3381=ORIENTED_EDGE('',*,*,#4223,.F.);
#3382=ORIENTED_EDGE('',*,*,#4237,.F.);
#3383=ORIENTED_EDGE('',*,*,#4222,.F.);
#3384=ORIENTED_EDGE('',*,*,#4229,.T.);
#3385=ORIENTED_EDGE('',*,*,#4234,.T.);
#3386=ORIENTED_EDGE('',*,*,#4236,.F.);
#3387=ORIENTED_EDGE('',*,*,#4232,.F.);
#3388=ORIENTED_EDGE('',*,*,#4238,.T.);
#3389=ORIENTED_EDGE('',*,*,#4239,.F.);
#3390=ORIENTED_EDGE('',*,*,#4225,.F.);
#3391=ORIENTED_EDGE('',*,*,#4220,.T.);
#3392=ORIENTED_EDGE('',*,*,#4235,.T.);
#3393=ORIENTED_EDGE('',*,*,#4240,.T.);
#3394=ORIENTED_EDGE('',*,*,#4237,.T.);
#3395=ORIENTED_EDGE('',*,*,#4241,.T.);
#3396=ORIENTED_EDGE('',*,*,#4242,.T.);
#3397=ORIENTED_EDGE('',*,*,#4242,.F.);
#3398=ORIENTED_EDGE('',*,*,#4240,.F.);
#3399=ORIENTED_EDGE('',*,*,#4241,.F.);
#3400=ORIENTED_EDGE('',*,*,#4238,.F.);
#3401=ORIENTED_EDGE('',*,*,#4231,.F.);
#3402=ORIENTED_EDGE('',*,*,#4243,.T.);
#3403=ORIENTED_EDGE('',*,*,#4244,.T.);
#3404=ORIENTED_EDGE('',*,*,#4239,.T.);
#3405=ORIENTED_EDGE('',*,*,#4244,.F.);
#3406=ORIENTED_EDGE('',*,*,#4245,.F.);
#3407=ORIENTED_EDGE('',*,*,#4226,.T.);
#3408=ORIENTED_EDGE('',*,*,#4243,.F.);
#3409=ORIENTED_EDGE('',*,*,#4230,.F.);
#3410=ORIENTED_EDGE('',*,*,#4227,.F.);
#3411=ORIENTED_EDGE('',*,*,#4245,.T.);
#3412=EDGE_CURVE('',#4246,#4246,#4853,.T.);
#3413=EDGE_CURVE('',#4247,#4247,#4854,.T.);
#3414=EDGE_CURVE('',#4248,#4248,#4855,.T.);
#3415=EDGE_CURVE('',#4249,#4249,#4856,.T.);
#3416=EDGE_CURVE('',#4250,#4251,#93,.T.);
#3417=EDGE_CURVE('',#4252,#4251,#94,.T.);
#3418=EDGE_CURVE('',#4253,#4252,#95,.T.);
#3419=EDGE_CURVE('',#4253,#4250,#96,.T.);
#3420=EDGE_CURVE('',#4251,#4254,#97,.T.);
#3421=EDGE_CURVE('',#4255,#4254,#98,.T.);
#3422=EDGE_CURVE('',#4252,#4255,#99,.T.);
#3423=EDGE_CURVE('',#4254,#4256,#100,.T.);
#3424=EDGE_CURVE('',#4257,#4256,#101,.T.);
#3425=EDGE_CURVE('',#4255,#4257,#102,.T.);
#3426=EDGE_CURVE('',#4256,#4258,#103,.T.);
#3427=EDGE_CURVE('',#4259,#4258,#104,.T.);
#3428=EDGE_CURVE('',#4257,#4259,#105,.T.);
#3429=EDGE_CURVE('',#4258,#4260,#106,.T.);
#3430=EDGE_CURVE('',#4261,#4260,#107,.T.);
#3431=EDGE_CURVE('',#4259,#4261,#108,.T.);
#3432=EDGE_CURVE('',#4262,#4262,#4857,.T.);
#3433=EDGE_CURVE('',#4263,#4263,#4858,.T.);
#3434=EDGE_CURVE('',#4260,#4250,#109,.T.);
#3435=EDGE_CURVE('',#4261,#4253,#110,.T.);
#3436=EDGE_CURVE('',#4264,#4264,#4859,.T.);
#3437=EDGE_CURVE('',#4265,#4265,#4860,.T.);
#3438=EDGE_CURVE('',#4266,#4266,#4861,.T.);
#3439=EDGE_CURVE('',#4267,#4267,#4862,.T.);
#3440=EDGE_CURVE('',#4268,#4268,#4863,.T.);
#3441=EDGE_CURVE('',#4269,#4269,#4864,.T.);
#3442=EDGE_CURVE('',#4270,#4270,#4865,.T.);
#3443=EDGE_CURVE('',#4271,#4271,#4866,.T.);
#3444=EDGE_CURVE('',#4272,#4272,#4867,.T.);
#3445=EDGE_CURVE('',#4273,#4273,#4868,.T.);
#3446=EDGE_CURVE('',#4274,#4274,#4869,.T.);
#3447=EDGE_CURVE('',#4275,#4275,#4870,.T.);
#3448=EDGE_CURVE('',#4276,#4276,#4871,.T.);
#3449=EDGE_CURVE('',#4277,#4277,#4872,.T.);
#3450=EDGE_CURVE('',#4278,#4278,#4873,.T.);
#3451=EDGE_CURVE('',#4279,#4279,#4874,.T.);
#3452=EDGE_CURVE('',#4280,#4280,#4875,.T.);
#3453=EDGE_CURVE('',#4281,#4281,#4876,.T.);
#3454=EDGE_CURVE('',#4282,#4282,#4877,.T.);
#3455=EDGE_CURVE('',#4283,#4283,#4878,.T.);
#3456=EDGE_CURVE('',#4284,#4284,#4879,.T.);
#3457=EDGE_CURVE('',#4285,#4286,#111,.T.);
#3458=EDGE_CURVE('',#4285,#4287,#112,.T.);
#3459=EDGE_CURVE('',#4287,#4288,#113,.T.);
#3460=EDGE_CURVE('',#4289,#4288,#4880,.T.);
#3461=EDGE_CURVE('',#4290,#4289,#114,.T.);
#3462=EDGE_CURVE('',#4291,#4290,#115,.T.);
#3463=EDGE_CURVE('',#4291,#4286,#116,.T.);
#3464=EDGE_CURVE('',#4292,#4293,#117,.T.);
#3465=EDGE_CURVE('',#4293,#4291,#118,.T.);
#3466=EDGE_CURVE('',#4294,#4290,#119,.T.);
#3467=EDGE_CURVE('',#4295,#4294,#120,.T.);
#3468=EDGE_CURVE('',#4295,#4292,#121,.T.);
#3469=EDGE_CURVE('',#4296,#4289,#122,.T.);
#3470=EDGE_CURVE('',#4294,#4296,#123,.T.);
#3471=EDGE_CURVE('',#4297,#4288,#124,.T.);
#3472=EDGE_CURVE('',#4296,#4297,#4881,.T.);
#3473=EDGE_CURVE('',#4298,#4287,#125,.T.);
#3474=EDGE_CURVE('',#4298,#4297,#126,.T.);
#3475=EDGE_CURVE('',#4299,#4300,#127,.T.);
#3476=EDGE_CURVE('',#4301,#4299,#128,.T.);
#3477=EDGE_CURVE('',#4301,#4298,#129,.T.);
#3478=EDGE_CURVE('',#4300,#4285,#130,.T.);
#3479=EDGE_CURVE('',#4299,#4292,#131,.T.);
#3480=EDGE_CURVE('',#4301,#4295,#132,.T.);
#3481=EDGE_CURVE('',#4302,#4302,#4882,.T.);
#3482=EDGE_CURVE('',#4303,#4303,#4883,.T.);
#3483=EDGE_CURVE('',#4304,#4286,#133,.T.);
#3484=EDGE_CURVE('',#4300,#4304,#134,.T.);
#3485=EDGE_CURVE('',#4293,#4304,#135,.T.);
#3486=EDGE_CURVE('',#4305,#4305,#4884,.T.);
#3487=EDGE_CURVE('',#4306,#4306,#4885,.T.);
#3488=EDGE_CURVE('',#4307,#4307,#4886,.T.);
#3489=EDGE_CURVE('',#4308,#4308,#4887,.T.);
#3490=EDGE_CURVE('',#4309,#4309,#4888,.T.);
#3491=EDGE_CURVE('',#4310,#4310,#4889,.T.);
#3492=EDGE_CURVE('',#4311,#4311,#4890,.T.);
#3493=EDGE_CURVE('',#4312,#4312,#4891,.T.);
#3494=EDGE_CURVE('',#4313,#4313,#4892,.T.);
#3495=EDGE_CURVE('',#4314,#4314,#4893,.F.);
#3496=EDGE_CURVE('',#4315,#4315,#4894,.T.);
#3497=EDGE_CURVE('',#4316,#4316,#4895,.T.);
#3498=EDGE_CURVE('',#4317,#4317,#4896,.T.);
#3499=EDGE_CURVE('',#4318,#4318,#4897,.T.);
#3500=EDGE_CURVE('',#4319,#4319,#4898,.T.);
#3501=EDGE_CURVE('',#4320,#4321,#4899,.T.);
#3502=EDGE_CURVE('',#4322,#4320,#4900,.T.);
#3503=EDGE_CURVE('',#4323,#4322,#4901,.T.);
#3504=EDGE_CURVE('',#4321,#4323,#4902,.T.);
#3505=EDGE_CURVE('',#4324,#4324,#4903,.T.);
#3506=EDGE_CURVE('',#4325,#4325,#4904,.T.);
#3507=EDGE_CURVE('',#4326,#4326,#4905,.T.);
#3508=EDGE_CURVE('',#4327,#4327,#4906,.T.);
#3509=EDGE_CURVE('',#4328,#4328,#4907,.T.);
#3510=EDGE_CURVE('',#4329,#4329,#4908,.T.);
#3511=EDGE_CURVE('',#4320,#4320,#4909,.T.);
#3512=EDGE_CURVE('',#4321,#4321,#4910,.T.);
#3513=EDGE_CURVE('',#4323,#4323,#4911,.T.);
#3514=EDGE_CURVE('',#4322,#4322,#4912,.T.);
#3515=EDGE_CURVE('',#4330,#4331,#4913,.T.);
#3516=EDGE_CURVE('',#4330,#4332,#31,.T.);
#3517=EDGE_CURVE('',#4332,#4333,#4914,.T.);
#3518=EDGE_CURVE('',#4333,#4331,#32,.T.);
#3519=EDGE_CURVE('',#4331,#4334,#4915,.T.);
#3520=EDGE_CURVE('',#4331,#4335,#33,.T.);
#3521=EDGE_CURVE('',#4335,#4336,#4916,.T.);
#3522=EDGE_CURVE('',#4336,#4334,#34,.T.);
#3523=EDGE_CURVE('',#4334,#4337,#4917,.T.);
#3524=EDGE_CURVE('',#4334,#4338,#35,.T.);
#3525=EDGE_CURVE('',#4338,#4339,#4918,.T.);
#3526=EDGE_CURVE('',#4339,#4337,#36,.T.);
#3527=EDGE_CURVE('',#4340,#4341,#37,.T.);
#3528=EDGE_CURVE('',#4341,#4342,#136,.T.);
#3529=EDGE_CURVE('',#4343,#4342,#137,.T.);
#3530=EDGE_CURVE('',#4340,#4343,#138,.T.);
#3531=EDGE_CURVE('',#4332,#4344,#38,.T.);
#3532=EDGE_CURVE('',#4345,#4344,#39,.F.);
#3533=EDGE_CURVE('',#4345,#4340,#40,.T.);
#3534=EDGE_CURVE('',#4343,#4346,#4919,.T.);
#3535=EDGE_CURVE('',#4347,#4346,#139,.T.);
#3536=EDGE_CURVE('',#4347,#4348,#41,.T.);
#3537=EDGE_CURVE('',#4349,#4348,#42,.F.);
#3538=EDGE_CURVE('',#4349,#4333,#43,.T.);
#3539=EDGE_CURVE('',#4350,#4351,#140,.T.);
#3540=EDGE_CURVE('',#4351,#4347,#44,.T.);
#3541=EDGE_CURVE('',#4350,#4346,#141,.T.);
#3542=EDGE_CURVE('',#4352,#4353,#45,.T.);
#3543=EDGE_CURVE('',#4353,#4354,#142,.T.);
#3544=EDGE_CURVE('',#4355,#4354,#143,.T.);
#3545=EDGE_CURVE('',#4355,#4352,#144,.T.);
#3546=EDGE_CURVE('',#4356,#4357,#46,.T.);
#3547=EDGE_CURVE('',#4357,#4358,#145,.T.);
#3548=EDGE_CURVE('',#4358,#4359,#146,.T.);
#3549=EDGE_CURVE('',#4356,#4359,#147,.T.);
#3550=EDGE_CURVE('',#4360,#4361,#148,.T.);
#3551=EDGE_CURVE('',#4360,#4362,#47,.T.);
#3552=EDGE_CURVE('',#4363,#4362,#48,.F.);
#3553=EDGE_CURVE('',#4363,#4336,#49,.T.);
#3554=EDGE_CURVE('',#4335,#4364,#50,.T.);
#3555=EDGE_CURVE('',#4365,#4364,#51,.F.);
#3556=EDGE_CURVE('',#4365,#4356,#52,.T.);
#3557=EDGE_CURVE('',#4359,#4361,#4920,.T.);
#3558=EDGE_CURVE('',#4366,#4367,#149,.T.);
#3559=EDGE_CURVE('',#4367,#4360,#53,.T.);
#3560=EDGE_CURVE('',#4366,#4361,#150,.T.);
#3561=EDGE_CURVE('',#4368,#4369,#151,.T.);
#3562=EDGE_CURVE('',#4369,#4370,#152,.T.);
#3563=EDGE_CURVE('',#4370,#4371,#54,.T.);
#3564=EDGE_CURVE('',#4371,#4368,#153,.T.);
#3565=EDGE_CURVE('',#4372,#4373,#55,.T.);
#3566=EDGE_CURVE('',#4373,#4374,#154,.T.);
#3567=EDGE_CURVE('',#4374,#4375,#155,.T.);
#3568=EDGE_CURVE('',#4372,#4375,#156,.T.);
#3569=EDGE_CURVE('',#4338,#4376,#56,.T.);
#3570=EDGE_CURVE('',#4377,#4376,#57,.F.);
#3571=EDGE_CURVE('',#4377,#4372,#58,.T.);
#3572=EDGE_CURVE('',#4375,#4378,#4921,.T.);
#3573=EDGE_CURVE('',#4379,#4378,#157,.T.);
#3574=EDGE_CURVE('',#4379,#4380,#59,.T.);
#3575=EDGE_CURVE('',#4381,#4380,#60,.F.);
#3576=EDGE_CURVE('',#4381,#4339,#61,.T.);
#3577=EDGE_CURVE('',#4382,#4383,#158,.T.);
#3578=EDGE_CURVE('',#4383,#4379,#62,.T.);
#3579=EDGE_CURVE('',#4378,#4382,#159,.T.);
#3580=EDGE_CURVE('',#4384,#4385,#160,.T.);
#3581=EDGE_CURVE('',#4385,#4386,#161,.T.);
#3582=EDGE_CURVE('',#4386,#4387,#63,.T.);
#3583=EDGE_CURVE('',#4387,#4384,#162,.T.);
#3584=EDGE_CURVE('',#4388,#4389,#64,.T.);
#3585=EDGE_CURVE('',#4389,#4390,#163,.T.);
#3586=EDGE_CURVE('',#4391,#4390,#164,.T.);
#3587=EDGE_CURVE('',#4388,#4391,#165,.T.);
#3588=EDGE_CURVE('',#4392,#4393,#166,.T.);
#3589=EDGE_CURVE('',#4392,#4394,#65,.T.);
#3590=EDGE_CURVE('',#4395,#4394,#66,.F.);
#3591=EDGE_CURVE('',#4395,#4396,#67,.T.);
#3592=EDGE_CURVE('',#4397,#4396,#4922,.T.);
#3593=EDGE_CURVE('',#4397,#4398,#68,.T.);
#3594=EDGE_CURVE('',#4399,#4398,#69,.F.);
#3595=EDGE_CURVE('',#4399,#4388,#70,.T.);
#3596=EDGE_CURVE('',#4391,#4393,#4923,.T.);
#3597=EDGE_CURVE('',#4400,#4401,#167,.T.);
#3598=EDGE_CURVE('',#4401,#4392,#71,.T.);
#3599=EDGE_CURVE('',#4393,#4400,#168,.T.);
#3600=EDGE_CURVE('',#4402,#4403,#72,.T.);
#3601=EDGE_CURVE('',#4403,#4404,#169,.T.);
#3602=EDGE_CURVE('',#4405,#4404,#170,.T.);
#3603=EDGE_CURVE('',#4405,#4402,#171,.T.);
#3604=EDGE_CURVE('',#4337,#4330,#4924,.T.);
#3605=EDGE_CURVE('',#4337,#4397,#73,.T.);
#3606=EDGE_CURVE('',#4396,#4330,#74,.T.);
#3607=EDGE_CURVE('',#4406,#4406,#4925,.T.);
#3608=EDGE_CURVE('',#4404,#4400,#172,.T.);
#3609=EDGE_CURVE('',#4390,#4385,#173,.T.);
#3610=EDGE_CURVE('',#4384,#4382,#174,.F.);
#3611=EDGE_CURVE('',#4374,#4369,#175,.F.);
#3612=EDGE_CURVE('',#4368,#4366,#176,.T.);
#3613=EDGE_CURVE('',#4358,#4355,#177,.T.);
#3614=EDGE_CURVE('',#4354,#4350,#178,.F.);
#3615=EDGE_CURVE('',#4342,#4405,#179,.F.);
#3616=EDGE_CURVE('',#4394,#4403,#75,.T.);
#3617=EDGE_CURVE('',#4402,#4345,#76,.T.);
#3618=EDGE_CURVE('',#4370,#4377,#77,.T.);
#3619=EDGE_CURVE('',#4362,#4371,#78,.T.);
#3620=EDGE_CURVE('',#4386,#4399,#79,.T.);
#3621=EDGE_CURVE('',#4380,#4387,#80,.T.);
#3622=EDGE_CURVE('',#4348,#4353,#81,.T.);
#3623=EDGE_CURVE('',#4352,#4365,#82,.T.);
#3624=EDGE_CURVE('',#4407,#4407,#4926,.T.);
#3625=EDGE_CURVE('',#4408,#4408,#4927,.T.);
#3626=EDGE_CURVE('',#4401,#4403,#83,.F.);
#3627=EDGE_CURVE('',#4341,#4402,#84,.T.);
#3628=EDGE_CURVE('',#4373,#4370,#85,.T.);
#3629=EDGE_CURVE('',#4367,#4371,#86,.F.);
#3630=EDGE_CURVE('',#4389,#4386,#87,.T.);
#3631=EDGE_CURVE('',#4383,#4387,#88,.F.);
#3632=EDGE_CURVE('',#4351,#4353,#89,.F.);
#3633=EDGE_CURVE('',#4357,#4352,#90,.T.);
#3634=EDGE_CURVE('',#4409,#4410,#180,.T.);
#3635=EDGE_CURVE('',#4411,#4409,#181,.T.);
#3636=EDGE_CURVE('',#4411,#4412,#182,.T.);
#3637=EDGE_CURVE('',#4412,#4410,#183,.T.);
#3638=EDGE_CURVE('',#4409,#4413,#184,.T.);
#3639=EDGE_CURVE('',#4414,#4413,#185,.T.);
#3640=EDGE_CURVE('',#4411,#4414,#186,.T.);
#3641=EDGE_CURVE('',#4413,#4415,#187,.T.);
#3642=EDGE_CURVE('',#4416,#4415,#188,.T.);
#3643=EDGE_CURVE('',#4414,#4416,#189,.T.);
#3644=EDGE_CURVE('',#4410,#4415,#190,.T.);
#3645=EDGE_CURVE('',#4412,#4416,#191,.T.);
#3646=EDGE_CURVE('',#4417,#4417,#4928,.T.);
#3647=EDGE_CURVE('',#4418,#4418,#4929,.T.);
#3648=EDGE_CURVE('',#4419,#4419,#4930,.T.);
#3649=EDGE_CURVE('',#4420,#4420,#4931,.T.);
#3650=EDGE_CURVE('',#4421,#4421,#4932,.T.);
#3651=EDGE_CURVE('',#4422,#4422,#4933,.T.);
#3652=EDGE_CURVE('',#4423,#4423,#4934,.T.);
#3653=EDGE_CURVE('',#4424,#4424,#4935,.T.);
#3654=EDGE_CURVE('',#4425,#4425,#4936,.T.);
#3655=EDGE_CURVE('',#4426,#4426,#4937,.T.);
#3656=EDGE_CURVE('',#4427,#4427,#4938,.T.);
#3657=EDGE_CURVE('',#4428,#4428,#4939,.T.);
#3658=EDGE_CURVE('',#4429,#4430,#192,.T.);
#3659=EDGE_CURVE('',#4431,#4429,#193,.T.);
#3660=EDGE_CURVE('',#4431,#4432,#194,.T.);
#3661=EDGE_CURVE('',#4432,#4430,#195,.T.);
#3662=EDGE_CURVE('',#4429,#4433,#196,.T.);
#3663=EDGE_CURVE('',#4434,#4433,#197,.T.);
#3664=EDGE_CURVE('',#4431,#4434,#198,.T.);
#3665=EDGE_CURVE('',#4433,#4435,#199,.T.);
#3666=EDGE_CURVE('',#4436,#4435,#200,.T.);
#3667=EDGE_CURVE('',#4434,#4436,#201,.T.);
#3668=EDGE_CURVE('',#4430,#4435,#202,.T.);
#3669=EDGE_CURVE('',#4432,#4436,#203,.T.);
#3670=EDGE_CURVE('',#4437,#4437,#4940,.T.);
#3671=EDGE_CURVE('',#4438,#4438,#4941,.T.);
#3672=EDGE_CURVE('',#4439,#4439,#4942,.T.);
#3673=EDGE_CURVE('',#4440,#4440,#4943,.T.);
#3674=EDGE_CURVE('',#4441,#4441,#4944,.T.);
#3675=EDGE_CURVE('',#4442,#4442,#4945,.T.);
#3676=EDGE_CURVE('',#4443,#4443,#4946,.T.);
#3677=EDGE_CURVE('',#4444,#4444,#4947,.T.);
#3678=EDGE_CURVE('',#4445,#4445,#4948,.T.);
#3679=EDGE_CURVE('',#4446,#4446,#4949,.F.);
#3680=EDGE_CURVE('',#4447,#4447,#4950,.T.);
#3681=EDGE_CURVE('',#4448,#4448,#4951,.F.);
#3682=EDGE_CURVE('',#4449,#4449,#4952,.T.);
#3683=EDGE_CURVE('',#4450,#4450,#4953,.F.);
#3684=EDGE_CURVE('',#4451,#4451,#4954,.T.);
#3685=EDGE_CURVE('',#4452,#4452,#4955,.F.);
#3686=EDGE_CURVE('',#4453,#4453,#4956,.T.);
#3687=EDGE_CURVE('',#4454,#4454,#4957,.T.);
#3688=EDGE_CURVE('',#4455,#4455,#4958,.T.);
#3689=EDGE_CURVE('',#4456,#4456,#4959,.T.);
#3690=EDGE_CURVE('',#4457,#4458,#204,.T.);
#3691=EDGE_CURVE('',#4458,#4459,#205,.T.);
#3692=EDGE_CURVE('',#4459,#4460,#206,.T.);
#3693=EDGE_CURVE('',#4460,#4461,#207,.T.);
#3694=EDGE_CURVE('',#4462,#4461,#208,.T.);
#3695=EDGE_CURVE('',#4457,#4462,#209,.T.);
#3696=EDGE_CURVE('',#4457,#4463,#210,.T.);
#3697=EDGE_CURVE('',#4462,#4464,#211,.T.);
#3698=EDGE_CURVE('',#4463,#4464,#212,.T.);
#3699=EDGE_CURVE('',#4465,#4465,#4960,.T.);
#3700=EDGE_CURVE('',#4466,#4466,#4961,.T.);
#3701=EDGE_CURVE('',#4467,#4467,#4962,.T.);
#3702=EDGE_CURVE('',#4468,#4468,#4963,.T.);
#3703=EDGE_CURVE('',#4469,#4469,#4964,.T.);
#3704=EDGE_CURVE('',#4459,#4470,#213,.T.);
#3705=EDGE_CURVE('',#4471,#4470,#214,.T.);
#3706=EDGE_CURVE('',#4471,#4472,#215,.T.);
#3707=EDGE_CURVE('',#4472,#4473,#216,.T.);
#3708=EDGE_CURVE('',#4473,#4474,#4965,.T.);
#3709=EDGE_CURVE('',#4460,#4474,#217,.T.);
#3710=EDGE_CURVE('',#4463,#4475,#218,.T.);
#3711=EDGE_CURVE('',#4464,#4476,#219,.T.);
#3712=EDGE_CURVE('',#4472,#4476,#220,.T.);
#3713=EDGE_CURVE('',#4475,#4471,#221,.T.);
#3714=EDGE_CURVE('',#4476,#4477,#222,.T.);
#3715=EDGE_CURVE('',#4473,#4477,#223,.T.);
#3716=EDGE_CURVE('',#4477,#4478,#4966,.T.);
#3717=EDGE_CURVE('',#4474,#4478,#224,.T.);
#3718=EDGE_CURVE('',#4461,#4478,#225,.T.);
#3719=EDGE_CURVE('',#4479,#4479,#4967,.T.);
#3720=EDGE_CURVE('',#4480,#4480,#4968,.T.);
#3721=EDGE_CURVE('',#4458,#4481,#226,.T.);
#3722=EDGE_CURVE('',#4481,#4470,#227,.T.);
#3723=EDGE_CURVE('',#4475,#4481,#228,.T.);
#3724=EDGE_CURVE('',#4482,#4482,#4969,.T.);
#3725=EDGE_CURVE('',#4483,#4483,#4970,.T.);
#3726=EDGE_CURVE('',#4484,#4484,#4971,.T.);
#3727=EDGE_CURVE('',#4485,#4485,#4972,.T.);
#3728=EDGE_CURVE('',#4486,#4486,#4973,.T.);
#3729=EDGE_CURVE('',#4487,#4487,#4974,.T.);
#3730=EDGE_CURVE('',#4488,#4488,#4975,.T.);
#3731=EDGE_CURVE('',#4489,#4489,#4976,.T.);
#3732=EDGE_CURVE('',#4490,#4490,#4977,.T.);
#3733=EDGE_CURVE('',#4491,#4491,#4978,.T.);
#3734=EDGE_CURVE('',#4492,#4492,#4979,.T.);
#3735=EDGE_CURVE('',#4493,#4494,#229,.T.);
#3736=EDGE_CURVE('',#4495,#4494,#230,.T.);
#3737=EDGE_CURVE('',#4496,#4495,#231,.T.);
#3738=EDGE_CURVE('',#4496,#4493,#232,.T.);
#3739=EDGE_CURVE('',#4494,#4497,#233,.T.);
#3740=EDGE_CURVE('',#4498,#4497,#234,.T.);
#3741=EDGE_CURVE('',#4495,#4498,#235,.T.);
#3742=EDGE_CURVE('',#4497,#4499,#236,.T.);
#3743=EDGE_CURVE('',#4500,#4499,#237,.T.);
#3744=EDGE_CURVE('',#4498,#4500,#238,.T.);
#3745=EDGE_CURVE('',#4499,#4501,#239,.T.);
#3746=EDGE_CURVE('',#4502,#4501,#240,.T.);
#3747=EDGE_CURVE('',#4500,#4502,#241,.T.);
#3748=EDGE_CURVE('',#4501,#4503,#242,.T.);
#3749=EDGE_CURVE('',#4504,#4503,#243,.T.);
#3750=EDGE_CURVE('',#4502,#4504,#244,.T.);
#3751=EDGE_CURVE('',#4505,#4505,#4980,.T.);
#3752=EDGE_CURVE('',#4506,#4506,#4981,.T.);
#3753=EDGE_CURVE('',#4503,#4493,#245,.T.);
#3754=EDGE_CURVE('',#4504,#4496,#246,.T.);
#3755=EDGE_CURVE('',#4507,#4507,#4982,.T.);
#3756=EDGE_CURVE('',#4508,#4508,#4983,.T.);
#3757=EDGE_CURVE('',#4509,#4510,#247,.T.);
#3758=EDGE_CURVE('',#4509,#4511,#248,.T.);
#3759=EDGE_CURVE('',#4511,#4512,#249,.T.);
#3760=EDGE_CURVE('',#4512,#4513,#250,.T.);
#3761=EDGE_CURVE('',#4513,#4514,#251,.T.);
#3762=EDGE_CURVE('',#4514,#4510,#252,.T.);
#3763=EDGE_CURVE('',#4515,#4515,#4984,.T.);
#3764=EDGE_CURVE('',#4516,#4516,#4985,.T.);
#3765=EDGE_CURVE('',#4517,#4517,#4986,.T.);
#3766=EDGE_CURVE('',#4518,#4518,#4987,.T.);
#3767=EDGE_CURVE('',#4519,#4519,#4988,.T.);
#3768=EDGE_CURVE('',#4520,#4520,#4989,.T.);
#3769=EDGE_CURVE('',#4521,#4521,#4990,.T.);
#3770=EDGE_CURVE('',#4522,#4522,#4991,.T.);
#3771=EDGE_CURVE('',#4523,#4523,#4992,.T.);
#3772=EDGE_CURVE('',#4524,#4524,#4993,.F.);
#3773=EDGE_CURVE('',#4525,#4525,#4994,.T.);
#3774=EDGE_CURVE('',#4526,#4526,#4995,.F.);
#3775=EDGE_CURVE('',#4527,#4527,#4996,.T.);
#3776=EDGE_CURVE('',#4528,#4528,#4997,.F.);
#3777=EDGE_CURVE('',#4529,#4529,#4998,.T.);
#3778=EDGE_CURVE('',#4530,#4530,#4999,.F.);
#3779=EDGE_CURVE('',#4531,#4531,#5000,.T.);
#3780=EDGE_CURVE('',#4532,#4532,#5001,.F.);
#3781=EDGE_CURVE('',#4533,#4533,#5002,.T.);
#3782=EDGE_CURVE('',#4534,#4534,#5003,.F.);
#3783=EDGE_CURVE('',#4535,#4535,#5004,.T.);
#3784=EDGE_CURVE('',#4536,#4536,#5005,.F.);
#3785=EDGE_CURVE('',#4537,#4537,#5006,.T.);
#3786=EDGE_CURVE('',#4538,#4538,#5007,.F.);
#3787=EDGE_CURVE('',#4539,#4540,#253,.T.);
#3788=EDGE_CURVE('',#4541,#4539,#254,.T.);
#3789=EDGE_CURVE('',#4541,#4542,#255,.T.);
#3790=EDGE_CURVE('',#4542,#4540,#256,.T.);
#3791=EDGE_CURVE('',#4543,#4544,#257,.T.);
#3792=EDGE_CURVE('',#4544,#4545,#258,.T.);
#3793=EDGE_CURVE('',#4546,#4545,#259,.T.);
#3794=EDGE_CURVE('',#4543,#4546,#260,.T.);
#3795=EDGE_CURVE('',#4547,#4547,#5008,.T.);
#3796=EDGE_CURVE('',#4548,#4548,#5009,.T.);
#3797=EDGE_CURVE('',#4549,#4549,#5010,.T.);
#3798=EDGE_CURVE('',#4550,#4550,#5011,.T.);
#3799=EDGE_CURVE('',#4551,#4551,#5012,.T.);
#3800=EDGE_CURVE('',#4552,#4552,#5013,.T.);
#3801=EDGE_CURVE('',#4553,#4554,#261,.T.);
#3802=EDGE_CURVE('',#4553,#4555,#262,.T.);
#3803=EDGE_CURVE('',#4555,#4556,#263,.T.);
#3804=EDGE_CURVE('',#4554,#4556,#264,.T.);
#3805=EDGE_CURVE('',#4557,#4558,#265,.T.);
#3806=EDGE_CURVE('',#4559,#4557,#266,.T.);
#3807=EDGE_CURVE('',#4559,#4560,#267,.T.);
#3808=EDGE_CURVE('',#4558,#4560,#268,.T.);
#3809=EDGE_CURVE('',#4561,#4562,#269,.T.);
#3810=EDGE_CURVE('',#4563,#4561,#270,.T.);
#3811=EDGE_CURVE('',#4563,#4564,#271,.T.);
#3812=EDGE_CURVE('',#4562,#4564,#272,.T.);
#3813=EDGE_CURVE('',#4565,#4566,#273,.T.);
#3814=EDGE_CURVE('',#4567,#4566,#274,.T.);
#3815=EDGE_CURVE('',#4567,#4568,#275,.T.);
#3816=EDGE_CURVE('',#4568,#4565,#276,.T.);
#3817=EDGE_CURVE('',#4569,#4570,#277,.T.);
#3818=EDGE_CURVE('',#4571,#4570,#278,.T.);
#3819=EDGE_CURVE('',#4571,#4572,#279,.T.);
#3820=EDGE_CURVE('',#4572,#4569,#280,.T.);
#3821=EDGE_CURVE('',#4573,#4574,#281,.T.);
#3822=EDGE_CURVE('',#4573,#4575,#282,.T.);
#3823=EDGE_CURVE('',#4576,#4575,#283,.T.);
#3824=EDGE_CURVE('',#4574,#4576,#284,.T.);
#3825=EDGE_CURVE('',#4577,#4578,#285,.T.);
#3826=EDGE_CURVE('',#4577,#4540,#286,.T.);
#3827=EDGE_CURVE('',#4579,#4542,#287,.T.);
#3828=EDGE_CURVE('',#4580,#4579,#288,.T.);
#3829=EDGE_CURVE('',#4580,#4581,#289,.T.);
#3830=EDGE_CURVE('',#4581,#4582,#290,.T.);
#3831=EDGE_CURVE('',#4583,#4582,#291,.T.);
#3832=EDGE_CURVE('',#4583,#4584,#292,.T.);
#3833=EDGE_CURVE('',#4584,#4585,#293,.T.);
#3834=EDGE_CURVE('',#4585,#4586,#294,.T.);
#3835=EDGE_CURVE('',#4587,#4586,#295,.T.);
#3836=EDGE_CURVE('',#4587,#4588,#296,.T.);
#3837=EDGE_CURVE('',#4588,#4589,#297,.T.);
#3838=EDGE_CURVE('',#4590,#4589,#298,.T.);
#3839=EDGE_CURVE('',#4591,#4590,#299,.T.);
#3840=EDGE_CURVE('',#4592,#4591,#300,.T.);
#3841=EDGE_CURVE('',#4592,#4593,#301,.T.);
#3842=EDGE_CURVE('',#4593,#4594,#302,.T.);
#3843=EDGE_CURVE('',#4594,#4595,#303,.T.);
#3844=EDGE_CURVE('',#4595,#4596,#304,.T.);
#3845=EDGE_CURVE('',#4578,#4596,#305,.T.);
#3846=EDGE_CURVE('',#4597,#4597,#5014,.T.);
#3847=EDGE_CURVE('',#4598,#4598,#5015,.T.);
#3848=EDGE_CURVE('',#4599,#4599,#5016,.T.);
#3849=EDGE_CURVE('',#4600,#4600,#5017,.T.);
#3850=EDGE_CURVE('',#4601,#4601,#5018,.T.);
#3851=EDGE_CURVE('',#4602,#4602,#5019,.T.);
#3852=EDGE_CURVE('',#4603,#4603,#5020,.T.);
#3853=EDGE_CURVE('',#4604,#4604,#5021,.T.);
#3854=EDGE_CURVE('',#4605,#4605,#5022,.T.);
#3855=EDGE_CURVE('',#4606,#4606,#5023,.T.);
#3856=EDGE_CURVE('',#4607,#4608,#306,.T.);
#3857=EDGE_CURVE('',#4609,#4607,#307,.T.);
#3858=EDGE_CURVE('',#4609,#4610,#308,.T.);
#3859=EDGE_CURVE('',#4608,#4610,#309,.T.);
#3860=EDGE_CURVE('',#4611,#4612,#310,.T.);
#3861=EDGE_CURVE('',#4611,#4613,#311,.T.);
#3862=EDGE_CURVE('',#4613,#4614,#312,.T.);
#3863=EDGE_CURVE('',#4614,#4612,#313,.T.);
#3864=EDGE_CURVE('',#4615,#4539,#314,.T.);
#3865=EDGE_CURVE('',#4615,#4616,#315,.T.);
#3866=EDGE_CURVE('',#4616,#4617,#316,.T.);
#3867=EDGE_CURVE('',#4618,#4617,#317,.T.);
#3868=EDGE_CURVE('',#4619,#4618,#318,.T.);
#3869=EDGE_CURVE('',#4620,#4619,#319,.T.);
#3870=EDGE_CURVE('',#4620,#4621,#320,.T.);
#3871=EDGE_CURVE('',#4621,#4622,#321,.T.);
#3872=EDGE_CURVE('',#4622,#4623,#322,.T.);
#3873=EDGE_CURVE('',#4624,#4623,#323,.T.);
#3874=EDGE_CURVE('',#4625,#4624,#324,.T.);
#3875=EDGE_CURVE('',#4626,#4625,#325,.T.);
#3876=EDGE_CURVE('',#4626,#4627,#326,.T.);
#3877=EDGE_CURVE('',#4628,#4627,#327,.T.);
#3878=EDGE_CURVE('',#4628,#4629,#328,.T.);
#3879=EDGE_CURVE('',#4630,#4629,#329,.T.);
#3880=EDGE_CURVE('',#4630,#4631,#330,.T.);
#3881=EDGE_CURVE('',#4632,#4631,#331,.T.);
#3882=EDGE_CURVE('',#4633,#4632,#332,.T.);
#3883=EDGE_CURVE('',#4633,#4634,#333,.T.);
#3884=EDGE_CURVE('',#4634,#4541,#334,.T.);
#3885=EDGE_CURVE('',#4633,#4580,#335,.T.);
#3886=EDGE_CURVE('',#4581,#4632,#336,.T.);
#3887=EDGE_CURVE('',#4627,#4586,#337,.T.);
#3888=EDGE_CURVE('',#4628,#4585,#338,.T.);
#3889=EDGE_CURVE('',#4630,#4583,#339,.T.);
#3890=EDGE_CURVE('',#4582,#4631,#340,.T.);
#3891=EDGE_CURVE('',#4635,#4571,#341,.T.);
#3892=EDGE_CURVE('',#4636,#4570,#342,.T.);
#3893=EDGE_CURVE('',#4636,#4635,#343,.T.);
#3894=EDGE_CURVE('',#4637,#4557,#344,.T.);
#3895=EDGE_CURVE('',#4638,#4558,#345,.T.);
#3896=EDGE_CURVE('',#4638,#4637,#346,.T.);
#3897=EDGE_CURVE('',#4639,#4640,#347,.T.);
#3898=EDGE_CURVE('',#4640,#4641,#348,.T.);
#3899=EDGE_CURVE('',#4641,#4642,#349,.T.);
#3900=EDGE_CURVE('',#4642,#4643,#350,.T.);
#3901=EDGE_CURVE('',#4644,#4643,#351,.T.);
#3902=EDGE_CURVE('',#4644,#4639,#352,.T.);
#3903=EDGE_CURVE('',#4645,#4646,#353,.T.);
#3904=EDGE_CURVE('',#4646,#4639,#354,.T.);
#3905=EDGE_CURVE('',#4563,#4644,#355,.T.);
#3906=EDGE_CURVE('',#4645,#4561,#356,.T.);
#3907=EDGE_CURVE('',#4647,#4511,#357,.T.);
#3908=EDGE_CURVE('',#4648,#4647,#358,.T.);
#3909=EDGE_CURVE('',#4648,#4566,#359,.T.);
#3910=EDGE_CURVE('',#4565,#4649,#360,.T.);
#3911=EDGE_CURVE('',#4649,#4650,#361,.T.);
#3912=EDGE_CURVE('',#4512,#4650,#362,.T.);
#3913=EDGE_CURVE('',#4514,#4651,#363,.T.);
#3914=EDGE_CURVE('',#4652,#4651,#364,.T.);
#3915=EDGE_CURVE('',#4567,#4652,#365,.T.);
#3916=EDGE_CURVE('',#4653,#4648,#366,.T.);
#3917=EDGE_CURVE('',#4653,#4510,#367,.T.);
#3918=EDGE_CURVE('',#4654,#4560,#368,.T.);
#3919=EDGE_CURVE('',#4638,#4654,#369,.T.);
#3920=EDGE_CURVE('',#4652,#4655,#370,.T.);
#3921=EDGE_CURVE('',#4655,#4568,#371,.T.);
#3922=EDGE_CURVE('',#4650,#4656,#372,.T.);
#3923=EDGE_CURVE('',#4655,#4649,#373,.T.);
#3924=EDGE_CURVE('',#4656,#4651,#374,.T.);
#3925=EDGE_CURVE('',#4643,#4564,#375,.T.);
#3926=EDGE_CURVE('',#4657,#4658,#376,.T.);
#3927=EDGE_CURVE('',#4657,#4637,#377,.T.);
#3928=EDGE_CURVE('',#4659,#4654,#378,.T.);
#3929=EDGE_CURVE('',#4658,#4659,#379,.T.);
#3930=EDGE_CURVE('',#4619,#4594,#380,.T.);
#3931=EDGE_CURVE('',#4593,#4620,#381,.T.);
#3932=EDGE_CURVE('',#4622,#4591,#382,.T.);
#3933=EDGE_CURVE('',#4592,#4621,#383,.T.);
#3934=EDGE_CURVE('',#4572,#4660,#384,.T.);
#3935=EDGE_CURVE('',#4635,#4660,#385,.T.);
#3936=EDGE_CURVE('',#4642,#4562,#386,.T.);
#3937=EDGE_CURVE('',#4661,#4662,#387,.T.);
#3938=EDGE_CURVE('',#4660,#4661,#388,.T.);
#3939=EDGE_CURVE('',#4663,#4636,#389,.T.);
#3940=EDGE_CURVE('',#4662,#4663,#390,.T.);
#3941=EDGE_CURVE('',#4664,#4665,#391,.T.);
#3942=EDGE_CURVE('',#4665,#4663,#392,.T.);
#3943=EDGE_CURVE('',#4664,#4569,#393,.T.);
#3944=EDGE_CURVE('',#4666,#4667,#394,.T.);
#3945=EDGE_CURVE('',#4666,#4559,#395,.T.);
#3946=EDGE_CURVE('',#4667,#4657,#396,.T.);
#3947=EDGE_CURVE('',#4668,#4661,#397,.T.);
#3948=EDGE_CURVE('',#4668,#4664,#398,.T.);
#3949=EDGE_CURVE('',#4669,#4666,#399,.T.);
#3950=EDGE_CURVE('',#4669,#4659,#400,.T.);
#3951=EDGE_CURVE('',#4645,#4670,#401,.T.);
#3952=EDGE_CURVE('',#4670,#4641,#402,.T.);
#3953=EDGE_CURVE('',#4513,#4656,#403,.T.);
#3954=EDGE_CURVE('',#4671,#4662,#404,.T.);
#3955=EDGE_CURVE('',#4668,#4671,#405,.T.);
#3956=EDGE_CURVE('',#4671,#4665,#406,.T.);
#3957=EDGE_CURVE('',#4672,#4658,#407,.T.);
#3958=EDGE_CURVE('',#4667,#4672,#408,.T.);
#3959=EDGE_CURVE('',#4672,#4669,#409,.T.);
#3960=EDGE_CURVE('',#4673,#4640,#410,.T.);
#3961=EDGE_CURVE('',#4673,#4670,#411,.T.);
#3962=EDGE_CURVE('',#4646,#4673,#412,.T.);
#3963=EDGE_CURVE('',#4610,#4556,#413,.T.);
#3964=EDGE_CURVE('',#4608,#4555,#414,.T.);
#3965=EDGE_CURVE('',#4607,#4553,#415,.T.);
#3966=EDGE_CURVE('',#4609,#4554,#416,.T.);
#3967=EDGE_CURVE('',#4612,#4575,#417,.T.);
#3968=EDGE_CURVE('',#4611,#4573,#418,.T.);
#3969=EDGE_CURVE('',#4613,#4574,#419,.T.);
#3970=EDGE_CURVE('',#4614,#4576,#420,.T.);
#3971=EDGE_CURVE('',#4625,#4588,#421,.T.);
#3972=EDGE_CURVE('',#4624,#4589,#422,.T.);
#3973=EDGE_CURVE('',#4629,#4584,#423,.T.);
#3974=EDGE_CURVE('',#4623,#4590,#424,.T.);
#3975=EDGE_CURVE('',#4626,#4587,#425,.T.);
#3976=EDGE_CURVE('',#4634,#4579,#426,.T.);
#3977=EDGE_CURVE('',#4618,#4595,#427,.T.);
#3978=EDGE_CURVE('',#4617,#4596,#428,.T.);
#3979=EDGE_CURVE('',#4616,#4578,#429,.T.);
#3980=EDGE_CURVE('',#4615,#4577,#430,.T.);
#3981=EDGE_CURVE('',#4674,#4674,#5024,.T.);
#3982=EDGE_CURVE('',#4675,#4675,#5025,.T.);
#3983=EDGE_CURVE('',#4676,#4676,#5026,.T.);
#3984=EDGE_CURVE('',#4677,#4677,#5027,.T.);
#3985=EDGE_CURVE('',#4678,#4543,#431,.T.);
#3986=EDGE_CURVE('',#4678,#4679,#432,.T.);
#3987=EDGE_CURVE('',#4679,#4544,#433,.T.);
#3988=EDGE_CURVE('',#4680,#4546,#434,.T.);
#3989=EDGE_CURVE('',#4678,#4680,#435,.T.);
#3990=EDGE_CURVE('',#4681,#4545,#436,.T.);
#3991=EDGE_CURVE('',#4680,#4681,#437,.T.);
#3992=EDGE_CURVE('',#4679,#4681,#438,.T.);
#3993=EDGE_CURVE('',#4682,#4509,#439,.T.);
#3994=EDGE_CURVE('',#4682,#4647,#440,.T.);
#3995=EDGE_CURVE('',#4682,#4653,#441,.T.);
#3996=EDGE_CURVE('',#4683,#4683,#5028,.T.);
#3997=EDGE_CURVE('',#4684,#4684,#5029,.T.);
#3998=EDGE_CURVE('',#4685,#4685,#5030,.T.);
#3999=EDGE_CURVE('',#4686,#4687,#442,.T.);
#4000=EDGE_CURVE('',#4687,#4688,#443,.T.);
#4001=EDGE_CURVE('',#4688,#4689,#444,.T.);
#4002=EDGE_CURVE('',#4689,#4690,#445,.T.);
#4003=EDGE_CURVE('',#4691,#4690,#446,.T.);
#4004=EDGE_CURVE('',#4691,#4692,#447,.T.);
#4005=EDGE_CURVE('',#4693,#4692,#448,.T.);
#4006=EDGE_CURVE('',#4693,#4686,#449,.T.);
#4007=EDGE_CURVE('',#4694,#4695,#450,.T.);
#4008=EDGE_CURVE('',#4693,#4694,#451,.T.);
#4009=EDGE_CURVE('',#4692,#4696,#5031,.F.);
#4010=EDGE_CURVE('',#4697,#4696,#452,.T.);
#4011=EDGE_CURVE('',#4697,#4698,#453,.T.);
#4012=EDGE_CURVE('',#4698,#4699,#454,.T.);
#4013=EDGE_CURVE('',#4699,#4700,#5032,.F.);
#4014=EDGE_CURVE('',#4700,#4701,#455,.T.);
#4015=EDGE_CURVE('',#4701,#4695,#456,.T.);
#4016=EDGE_CURVE('',#4694,#4702,#457,.T.);
#4017=EDGE_CURVE('',#4686,#4702,#458,.T.);
#4018=EDGE_CURVE('',#4702,#4703,#459,.T.);
#4019=EDGE_CURVE('',#4704,#4703,#460,.T.);
#4020=EDGE_CURVE('',#4705,#4704,#461,.T.);
#4021=EDGE_CURVE('',#4705,#4706,#5033,.T.);
#4022=EDGE_CURVE('',#4707,#4706,#462,.T.);
#4023=EDGE_CURVE('',#4708,#4707,#463,.T.);
#4024=EDGE_CURVE('',#4708,#4709,#464,.T.);
#4025=EDGE_CURVE('',#4709,#4687,#5034,.T.);
#4026=EDGE_CURVE('',#4695,#4703,#465,.T.);
#4027=EDGE_CURVE('',#4701,#4704,#466,.T.);
#4028=EDGE_CURVE('',#4700,#4710,#467,.F.);
#4029=EDGE_CURVE('',#4710,#4711,#468,.T.);
#4030=EDGE_CURVE('',#4712,#4711,#469,.T.);
#4031=EDGE_CURVE('',#4713,#4712,#470,.T.);
#4032=EDGE_CURVE('',#4713,#4705,#471,.F.);
#4033=EDGE_CURVE('',#4714,#4714,#5035,.T.);
#4034=EDGE_CURVE('',#4715,#4715,#5036,.T.);
#4035=EDGE_CURVE('',#4716,#4716,#5037,.T.);
#4036=EDGE_CURVE('',#4717,#4718,#472,.T.);
#4037=EDGE_CURVE('',#4719,#4718,#473,.T.);
#4038=EDGE_CURVE('',#4720,#4719,#474,.T.);
#4039=EDGE_CURVE('',#4720,#4717,#475,.T.);
#4040=EDGE_CURVE('',#4721,#4722,#476,.T.);
#4041=EDGE_CURVE('',#4723,#4722,#477,.T.);
#4042=EDGE_CURVE('',#4724,#4723,#478,.T.);
#4043=EDGE_CURVE('',#4724,#4721,#479,.T.);
#4044=EDGE_CURVE('',#4725,#4725,#5038,.T.);
#4045=EDGE_CURVE('',#4726,#4726,#5039,.T.);
#4046=EDGE_CURVE('',#4727,#4727,#5040,.T.);
#4047=EDGE_CURVE('',#4728,#4728,#5041,.T.);
#4048=EDGE_CURVE('',#4729,#4729,#5042,.T.);
#4049=EDGE_CURVE('',#4730,#4730,#5043,.T.);
#4050=EDGE_CURVE('',#4731,#4731,#5044,.T.);
#4051=EDGE_CURVE('',#4732,#4732,#5045,.T.);
#4052=EDGE_CURVE('',#4733,#4733,#5046,.T.);
#4053=EDGE_CURVE('',#4734,#4734,#5047,.T.);
#4054=EDGE_CURVE('',#4735,#4735,#5048,.T.);
#4055=EDGE_CURVE('',#4736,#4736,#5049,.T.);
#4056=EDGE_CURVE('',#4737,#4737,#5050,.T.);
#4057=EDGE_CURVE('',#4738,#4738,#5051,.T.);
#4058=EDGE_CURVE('',#4739,#4722,#480,.T.);
#4059=EDGE_CURVE('',#4739,#4709,#481,.F.);
#4060=EDGE_CURVE('',#4708,#4697,#482,.T.);
#4061=EDGE_CURVE('',#4696,#4740,#483,.F.);
#4062=EDGE_CURVE('',#4740,#4723,#484,.T.);
#4063=EDGE_CURVE('',#4689,#4721,#485,.T.);
#4064=EDGE_CURVE('',#4688,#4739,#5052,.F.);
#4065=EDGE_CURVE('',#4690,#4724,#486,.T.);
#4066=EDGE_CURVE('',#4740,#4691,#5053,.T.);
#4067=EDGE_CURVE('',#4741,#4718,#487,.T.);
#4068=EDGE_CURVE('',#4741,#4713,#5054,.T.);
#4069=EDGE_CURVE('',#4712,#4719,#488,.T.);
#4070=EDGE_CURVE('',#4742,#4717,#489,.T.);
#4071=EDGE_CURVE('',#4742,#4699,#490,.T.);
#4072=EDGE_CURVE('',#4707,#4698,#491,.T.);
#4073=EDGE_CURVE('',#4706,#4741,#492,.T.);
#4074=EDGE_CURVE('',#4711,#4720,#493,.T.);
#4075=EDGE_CURVE('',#4710,#4742,#5055,.F.);
#4076=EDGE_CURVE('',#4743,#4743,#5056,.T.);
#4077=EDGE_CURVE('',#4744,#4744,#5057,.T.);
#4078=EDGE_CURVE('',#4745,#4745,#5058,.T.);
#4079=EDGE_CURVE('',#4746,#4746,#5059,.T.);
#4080=EDGE_CURVE('',#4747,#4747,#5060,.T.);
#4081=EDGE_CURVE('',#4748,#4748,#5061,.T.);
#4082=EDGE_CURVE('',#4749,#4750,#494,.T.);
#4083=EDGE_CURVE('',#4751,#4750,#5062,.T.);
#4084=EDGE_CURVE('',#4751,#4752,#495,.F.);
#4085=EDGE_CURVE('',#4752,#4749,#5063,.T.);
#4086=EDGE_CURVE('',#4753,#4754,#5064,.T.);
#4087=EDGE_CURVE('',#4753,#4755,#496,.F.);
#4088=EDGE_CURVE('',#4755,#4756,#5065,.T.);
#4089=EDGE_CURVE('',#4756,#4754,#497,.T.);
#4090=EDGE_CURVE('',#4757,#4758,#498,.T.);
#4091=EDGE_CURVE('',#4759,#4758,#5066,.T.);
#4092=EDGE_CURVE('',#4759,#4760,#499,.F.);
#4093=EDGE_CURVE('',#4760,#4757,#5067,.T.);
#4094=EDGE_CURVE('',#4761,#4761,#5068,.T.);
#4095=EDGE_CURVE('',#4762,#4762,#5069,.T.);
#4096=EDGE_CURVE('',#4763,#4764,#5070,.T.);
#4097=EDGE_CURVE('',#4763,#4765,#500,.F.);
#4098=EDGE_CURVE('',#4765,#4766,#5071,.T.);
#4099=EDGE_CURVE('',#4766,#4764,#501,.T.);
#4100=EDGE_CURVE('',#4767,#4768,#5072,.T.);
#4101=EDGE_CURVE('',#4767,#4769,#502,.T.);
#4102=EDGE_CURVE('',#4769,#4770,#5073,.T.);
#4103=EDGE_CURVE('',#4770,#4768,#503,.F.);
#4104=EDGE_CURVE('',#4771,#4772,#504,.T.);
#4105=EDGE_CURVE('',#4771,#4773,#505,.T.);
#4106=EDGE_CURVE('',#4773,#4774,#506,.T.);
#4107=EDGE_CURVE('',#4774,#4772,#507,.T.);
#4108=EDGE_CURVE('',#4760,#4767,#5074,.F.);
#4109=EDGE_CURVE('',#4768,#4771,#5075,.T.);
#4110=EDGE_CURVE('',#4772,#4766,#5076,.T.);
#4111=EDGE_CURVE('',#4765,#4757,#5077,.F.);
#4112=EDGE_CURVE('',#4773,#4770,#5078,.F.);
#4113=EDGE_CURVE('',#4769,#4759,#5079,.T.);
#4114=EDGE_CURVE('',#4758,#4763,#5080,.T.);
#4115=EDGE_CURVE('',#4764,#4774,#5081,.F.);
#4116=EDGE_CURVE('',#4775,#4776,#5082,.T.);
#4117=EDGE_CURVE('',#4775,#4777,#508,.T.);
#4118=EDGE_CURVE('',#4777,#4778,#5083,.T.);
#4119=EDGE_CURVE('',#4778,#4776,#509,.F.);
#4120=EDGE_CURVE('',#4779,#4780,#510,.T.);
#4121=EDGE_CURVE('',#4779,#4781,#511,.T.);
#4122=EDGE_CURVE('',#4781,#4782,#512,.T.);
#4123=EDGE_CURVE('',#4782,#4780,#513,.T.);
#4124=EDGE_CURVE('',#4783,#4784,#5084,.T.);
#4125=EDGE_CURVE('',#4783,#4785,#514,.F.);
#4126=EDGE_CURVE('',#4785,#4786,#5085,.T.);
#4127=EDGE_CURVE('',#4786,#4784,#515,.T.);
#4128=EDGE_CURVE('',#4755,#4775,#5086,.F.);
#4129=EDGE_CURVE('',#4776,#4779,#5087,.T.);
#4130=EDGE_CURVE('',#4780,#4786,#5088,.T.);
#4131=EDGE_CURVE('',#4785,#4756,#5089,.F.);
#4132=EDGE_CURVE('',#4781,#4778,#5090,.F.);
#4133=EDGE_CURVE('',#4777,#4753,#5091,.T.);
#4134=EDGE_CURVE('',#4754,#4783,#5092,.T.);
#4135=EDGE_CURVE('',#4784,#4782,#5093,.F.);
#4136=EDGE_CURVE('',#4787,#4788,#5094,.T.);
#4137=EDGE_CURVE('',#4787,#4789,#516,.T.);
#4138=EDGE_CURVE('',#4789,#4790,#5095,.T.);
#4139=EDGE_CURVE('',#4790,#4788,#517,.F.);
#4140=EDGE_CURVE('',#4791,#4792,#518,.T.);
#4141=EDGE_CURVE('',#4791,#4793,#519,.T.);
#4142=EDGE_CURVE('',#4793,#4794,#520,.T.);
#4143=EDGE_CURVE('',#4794,#4792,#521,.T.);
#4144=EDGE_CURVE('',#4795,#4796,#5096,.T.);
#4145=EDGE_CURVE('',#4795,#4797,#522,.F.);
#4146=EDGE_CURVE('',#4797,#4798,#5097,.T.);
#4147=EDGE_CURVE('',#4798,#4796,#523,.T.);
#4148=EDGE_CURVE('',#4752,#4787,#5098,.F.);
#4149=EDGE_CURVE('',#4788,#4791,#5099,.T.);
#4150=EDGE_CURVE('',#4792,#4798,#5100,.T.);
#4151=EDGE_CURVE('',#4797,#4749,#5101,.F.);
#4152=EDGE_CURVE('',#4793,#4790,#5102,.F.);
#4153=EDGE_CURVE('',#4789,#4751,#5103,.T.);
#4154=EDGE_CURVE('',#4750,#4795,#5104,.T.);
#4155=EDGE_CURVE('',#4796,#4794,#5105,.F.);
#4156=EDGE_CURVE('',#4799,#4800,#524,.F.);
#4157=EDGE_CURVE('',#4800,#4801,#525,.T.);
#4158=EDGE_CURVE('',#4801,#4802,#526,.T.);
#4159=EDGE_CURVE('',#4802,#4799,#527,.F.);
#4160=EDGE_CURVE('',#4803,#4804,#528,.F.);
#4161=EDGE_CURVE('',#4804,#4805,#529,.T.);
#4162=EDGE_CURVE('',#4805,#4806,#530,.T.);
#4163=EDGE_CURVE('',#4806,#4803,#531,.F.);
#4164=EDGE_CURVE('',#4807,#4808,#532,.T.);
#4165=EDGE_CURVE('',#4808,#4809,#533,.T.);
#4166=EDGE_CURVE('',#4809,#4810,#534,.F.);
#4167=EDGE_CURVE('',#4810,#4807,#535,.F.);
#4168=EDGE_CURVE('',#4811,#4812,#536,.F.);
#4169=EDGE_CURVE('',#4812,#4813,#537,.F.);
#4170=EDGE_CURVE('',#4813,#4814,#538,.T.);
#4171=EDGE_CURVE('',#4814,#4811,#539,.T.);
#4172=EDGE_CURVE('',#4815,#4816,#540,.F.);
#4173=EDGE_CURVE('',#4816,#4817,#541,.F.);
#4174=EDGE_CURVE('',#4817,#4818,#542,.T.);
#4175=EDGE_CURVE('',#4818,#4815,#543,.T.);
#4176=EDGE_CURVE('',#4819,#4820,#544,.F.);
#4177=EDGE_CURVE('',#4820,#4821,#545,.T.);
#4178=EDGE_CURVE('',#4821,#4822,#546,.T.);
#4179=EDGE_CURVE('',#4822,#4819,#547,.F.);
#4180=EDGE_CURVE('',#4819,#4808,#5106,.T.);
#4181=EDGE_CURVE('',#4809,#4822,#5107,.T.);
#4182=EDGE_CURVE('',#4819,#4806,#5108,.F.);
#4183=EDGE_CURVE('',#4806,#4808,#5109,.F.);
#4184=EDGE_CURVE('',#4809,#4811,#5110,.F.);
#4185=EDGE_CURVE('',#4811,#4822,#5111,.F.);
#4186=EDGE_CURVE('',#4803,#4807,#5112,.T.);
#4187=EDGE_CURVE('',#4820,#4805,#5113,.T.);
#4188=EDGE_CURVE('',#4821,#4802,#5114,.T.);
#4189=EDGE_CURVE('',#4799,#4820,#5115,.T.);
#4190=EDGE_CURVE('',#4812,#4821,#5116,.T.);
#4191=EDGE_CURVE('',#4810,#4814,#5117,.T.);
#4192=EDGE_CURVE('',#4807,#4818,#5118,.T.);
#4193=EDGE_CURVE('',#4815,#4810,#5119,.T.);
#4194=EDGE_CURVE('',#4803,#4818,#5120,.F.);
#4195=EDGE_CURVE('',#4799,#4805,#5121,.F.);
#4196=EDGE_CURVE('',#4812,#4802,#5122,.F.);
#4197=EDGE_CURVE('',#4815,#4814,#5123,.F.);
#4198=EDGE_CURVE('',#4804,#4817,#5124,.T.);
#4199=EDGE_CURVE('',#4800,#4804,#5125,.T.);
#4200=EDGE_CURVE('',#4813,#4801,#5126,.T.);
#4201=EDGE_CURVE('',#4816,#4813,#5127,.T.);
#4202=EDGE_CURVE('',#4800,#4817,#5128,.F.);
#4203=EDGE_CURVE('',#4816,#4801,#5129,.F.);
#4204=EDGE_CURVE('',#4823,#4823,#5130,.T.);
#4205=EDGE_CURVE('',#4824,#4824,#5131,.T.);
#4206=EDGE_CURVE('',#4825,#4825,#5132,.T.);
#4207=EDGE_CURVE('',#4826,#4826,#5133,.T.);
#4208=EDGE_CURVE('',#4827,#4828,#548,.T.);
#4209=EDGE_CURVE('',#4829,#4827,#549,.T.);
#4210=EDGE_CURVE('',#4829,#4830,#550,.T.);
#4211=EDGE_CURVE('',#4830,#4828,#551,.T.);
#4212=EDGE_CURVE('',#4827,#4831,#552,.T.);
#4213=EDGE_CURVE('',#4832,#4831,#553,.T.);
#4214=EDGE_CURVE('',#4829,#4832,#554,.T.);
#4215=EDGE_CURVE('',#4831,#4833,#555,.T.);
#4216=EDGE_CURVE('',#4834,#4833,#556,.T.);
#4217=EDGE_CURVE('',#4832,#4834,#557,.T.);
#4218=EDGE_CURVE('',#4828,#4833,#558,.T.);
#4219=EDGE_CURVE('',#4830,#4834,#559,.T.);
#4220=EDGE_CURVE('',#4835,#4836,#560,.T.);
#4221=EDGE_CURVE('',#4837,#4835,#561,.T.);
#4222=EDGE_CURVE('',#4837,#4838,#562,.T.);
#4223=EDGE_CURVE('',#4838,#4839,#563,.T.);
#4224=EDGE_CURVE('',#4839,#4836,#564,.T.);
#4225=EDGE_CURVE('',#4835,#4840,#565,.T.);
#4226=EDGE_CURVE('',#4841,#4840,#566,.T.);
#4227=EDGE_CURVE('',#4841,#4842,#567,.T.);
#4228=EDGE_CURVE('',#4843,#4842,#568,.T.);
#4229=EDGE_CURVE('',#4837,#4843,#569,.T.);
#4230=EDGE_CURVE('',#4842,#4844,#570,.T.);
#4231=EDGE_CURVE('',#4844,#4845,#571,.T.);
#4232=EDGE_CURVE('',#4845,#4846,#572,.T.);
#4233=EDGE_CURVE('',#4847,#4846,#573,.T.);
#4234=EDGE_CURVE('',#4843,#4847,#574,.T.);
#4235=EDGE_CURVE('',#4836,#4846,#575,.T.);
#4236=EDGE_CURVE('',#4839,#4847,#576,.T.);
#4237=EDGE_CURVE('',#4838,#4838,#5134,.T.);
#4238=EDGE_CURVE('',#4845,#4848,#577,.T.);
#4239=EDGE_CURVE('',#4840,#4848,#578,.T.);
#4240=EDGE_CURVE('',#4849,#4849,#5135,.F.);
#4241=EDGE_CURVE('',#4850,#4850,#5136,.T.);
#4242=EDGE_CURVE('',#4851,#4851,#5137,.T.);
#4243=EDGE_CURVE('',#4844,#4852,#579,.T.);
#4244=EDGE_CURVE('',#4852,#4848,#580,.T.);
#4245=EDGE_CURVE('',#4841,#4852,#581,.T.);
#4246=VERTEX_POINT('',#9992);
#4247=VERTEX_POINT('',#9994);
#4248=VERTEX_POINT('',#9997);
#4249=VERTEX_POINT('',#9999);
#4250=VERTEX_POINT('',#10005);
#4251=VERTEX_POINT('',#10006);
#4252=VERTEX_POINT('',#10008);
#4253=VERTEX_POINT('',#10010);
#4254=VERTEX_POINT('',#10014);
#4255=VERTEX_POINT('',#10016);
#4256=VERTEX_POINT('',#10020);
#4257=VERTEX_POINT('',#10022);
#4258=VERTEX_POINT('',#10026);
#4259=VERTEX_POINT('',#10028);
#4260=VERTEX_POINT('',#10032);
#4261=VERTEX_POINT('',#10034);
#4262=VERTEX_POINT('',#10038);
#4263=VERTEX_POINT('',#10040);
#4264=VERTEX_POINT('',#10049);
#4265=VERTEX_POINT('',#10051);
#4266=VERTEX_POINT('',#10054);
#4267=VERTEX_POINT('',#10058);
#4268=VERTEX_POINT('',#10063);
#4269=VERTEX_POINT('',#10065);
#4270=VERTEX_POINT('',#10068);
#4271=VERTEX_POINT('',#10070);
#4272=VERTEX_POINT('',#10073);
#4273=VERTEX_POINT('',#10075);
#4274=VERTEX_POINT('',#10078);
#4275=VERTEX_POINT('',#10080);
#4276=VERTEX_POINT('',#10083);
#4277=VERTEX_POINT('',#10085);
#4278=VERTEX_POINT('',#10088);
#4279=VERTEX_POINT('',#10090);
#4280=VERTEX_POINT('',#10093);
#4281=VERTEX_POINT('',#10095);
#4282=VERTEX_POINT('',#10097);
#4283=VERTEX_POINT('',#10099);
#4284=VERTEX_POINT('',#10101);
#4285=VERTEX_POINT('',#10103);
#4286=VERTEX_POINT('',#10104);
#4287=VERTEX_POINT('',#10106);
#4288=VERTEX_POINT('',#10108);
#4289=VERTEX_POINT('',#10110);
#4290=VERTEX_POINT('',#10112);
#4291=VERTEX_POINT('',#10114);
#4292=VERTEX_POINT('',#10118);
#4293=VERTEX_POINT('',#10119);
#4294=VERTEX_POINT('',#10122);
#4295=VERTEX_POINT('',#10124);
#4296=VERTEX_POINT('',#10128);
#4297=VERTEX_POINT('',#10132);
#4298=VERTEX_POINT('',#10136);
#4299=VERTEX_POINT('',#10140);
#4300=VERTEX_POINT('',#10141);
#4301=VERTEX_POINT('',#10143);
#4302=VERTEX_POINT('',#10151);
#4303=VERTEX_POINT('',#10153);
#4304=VERTEX_POINT('',#10156);
#4305=VERTEX_POINT('',#10163);
#4306=VERTEX_POINT('',#10167);
#4307=VERTEX_POINT('',#10171);
#4308=VERTEX_POINT('',#10175);
#4309=VERTEX_POINT('',#10179);
#4310=VERTEX_POINT('',#10183);
#4311=VERTEX_POINT('',#10187);
#4312=VERTEX_POINT('',#10192);
#4313=VERTEX_POINT('',#10194);
#4314=VERTEX_POINT('',#10197);
#4315=VERTEX_POINT('',#10199);
#4316=VERTEX_POINT('',#10202);
#4317=VERTEX_POINT('',#10205);
#4318=VERTEX_POINT('',#10209);
#4319=VERTEX_POINT('',#10211);
#4320=VERTEX_POINT('',#10216);
#4321=VERTEX_POINT('',#10217);
#4322=VERTEX_POINT('',#10219);
#4323=VERTEX_POINT('',#10221);
#4324=VERTEX_POINT('',#10225);
#4325=VERTEX_POINT('',#10227);
#4326=VERTEX_POINT('',#10230);
#4327=VERTEX_POINT('',#10232);
#4328=VERTEX_POINT('',#10234);
#4329=VERTEX_POINT('',#10236);
#4330=VERTEX_POINT('',#10249);
#4331=VERTEX_POINT('',#10250);
#4332=VERTEX_POINT('',#10255);
#4333=VERTEX_POINT('',#10257);
#4334=VERTEX_POINT('',#10264);
#4335=VERTEX_POINT('',#10269);
#4336=VERTEX_POINT('',#10271);
#4337=VERTEX_POINT('',#10278);
#4338=VERTEX_POINT('',#10283);
#4339=VERTEX_POINT('',#10285);
#4340=VERTEX_POINT('',#10298);
#4341=VERTEX_POINT('',#10299);
#4342=VERTEX_POINT('',#10301);
#4343=VERTEX_POINT('',#10303);
#4344=VERTEX_POINT('',#10310);
#4345=VERTEX_POINT('',#10315);
#4346=VERTEX_POINT('',#10321);
#4347=VERTEX_POINT('',#10323);
#4348=VERTEX_POINT('',#10328);
#4349=VERTEX_POINT('',#10333);
#4350=VERTEX_POINT('',#10340);
#4351=VERTEX_POINT('',#10341);
#4352=VERTEX_POINT('',#10355);
#4353=VERTEX_POINT('',#10356);
#4354=VERTEX_POINT('',#10358);
#4355=VERTEX_POINT('',#10360);
#4356=VERTEX_POINT('',#10370);
#4357=VERTEX_POINT('',#10371);
#4358=VERTEX_POINT('',#10373);
#4359=VERTEX_POINT('',#10375);
#4360=VERTEX_POINT('',#10379);
#4361=VERTEX_POINT('',#10380);
#4362=VERTEX_POINT('',#10385);
#4363=VERTEX_POINT('',#10390);
#4364=VERTEX_POINT('',#10399);
#4365=VERTEX_POINT('',#10404);
#4366=VERTEX_POINT('',#10412);
#4367=VERTEX_POINT('',#10413);
#4368=VERTEX_POINT('',#10424);
#4369=VERTEX_POINT('',#10425);
#4370=VERTEX_POINT('',#10427);
#4371=VERTEX_POINT('',#10432);
#4372=VERTEX_POINT('',#10442);
#4373=VERTEX_POINT('',#10443);
#4374=VERTEX_POINT('',#10445);
#4375=VERTEX_POINT('',#10447);
#4376=VERTEX_POINT('',#10454);
#4377=VERTEX_POINT('',#10459);
#4378=VERTEX_POINT('',#10465);
#4379=VERTEX_POINT('',#10467);
#4380=VERTEX_POINT('',#10472);
#4381=VERTEX_POINT('',#10477);
#4382=VERTEX_POINT('',#10484);
#4383=VERTEX_POINT('',#10485);
#4384=VERTEX_POINT('',#10496);
#4385=VERTEX_POINT('',#10497);
#4386=VERTEX_POINT('',#10499);
#4387=VERTEX_POINT('',#10504);
#4388=VERTEX_POINT('',#10514);
#4389=VERTEX_POINT('',#10515);
#4390=VERTEX_POINT('',#10517);
#4391=VERTEX_POINT('',#10519);
#4392=VERTEX_POINT('',#10523);
#4393=VERTEX_POINT('',#10524);
#4394=VERTEX_POINT('',#10529);
#4395=VERTEX_POINT('',#10534);
#4396=VERTEX_POINT('',#10539);
#4397=VERTEX_POINT('',#10541);
#4398=VERTEX_POINT('',#10546);
#4399=VERTEX_POINT('',#10551);
#4400=VERTEX_POINT('',#10559);
#4401=VERTEX_POINT('',#10560);
#4402=VERTEX_POINT('',#10574);
#4403=VERTEX_POINT('',#10575);
#4404=VERTEX_POINT('',#10577);
#4405=VERTEX_POINT('',#10579);
#4406=VERTEX_POINT('',#10593);
#4407=VERTEX_POINT('',#10668);
#4408=VERTEX_POINT('',#10671);
#4409=VERTEX_POINT('',#10876);
#4410=VERTEX_POINT('',#10877);
#4411=VERTEX_POINT('',#10879);
#4412=VERTEX_POINT('',#10881);
#4413=VERTEX_POINT('',#10885);
#4414=VERTEX_POINT('',#10887);
#4415=VERTEX_POINT('',#10891);
#4416=VERTEX_POINT('',#10893);
#4417=VERTEX_POINT('',#10900);
#4418=VERTEX_POINT('',#10902);
#4419=VERTEX_POINT('',#10904);
#4420=VERTEX_POINT('',#10906);
#4421=VERTEX_POINT('',#10909);
#4422=VERTEX_POINT('',#10911);
#4423=VERTEX_POINT('',#10913);
#4424=VERTEX_POINT('',#10915);
#4425=VERTEX_POINT('',#10918);
#4426=VERTEX_POINT('',#10921);
#4427=VERTEX_POINT('',#10924);
#4428=VERTEX_POINT('',#10927);
#4429=VERTEX_POINT('',#10930);
#4430=VERTEX_POINT('',#10931);
#4431=VERTEX_POINT('',#10933);
#4432=VERTEX_POINT('',#10935);
#4433=VERTEX_POINT('',#10939);
#4434=VERTEX_POINT('',#10941);
#4435=VERTEX_POINT('',#10945);
#4436=VERTEX_POINT('',#10947);
#4437=VERTEX_POINT('',#10954);
#4438=VERTEX_POINT('',#10956);
#4439=VERTEX_POINT('',#10958);
#4440=VERTEX_POINT('',#10960);
#4441=VERTEX_POINT('',#10969);
#4442=VERTEX_POINT('',#10971);
#4443=VERTEX_POINT('',#10974);
#4444=VERTEX_POINT('',#10976);
#4445=VERTEX_POINT('',#10982);
#4446=VERTEX_POINT('',#10984);
#4447=VERTEX_POINT('',#10987);
#4448=VERTEX_POINT('',#10989);
#4449=VERTEX_POINT('',#10992);
#4450=VERTEX_POINT('',#10994);
#4451=VERTEX_POINT('',#10997);
#4452=VERTEX_POINT('',#10999);
#4453=VERTEX_POINT('',#11002);
#4454=VERTEX_POINT('',#11004);
#4455=VERTEX_POINT('',#11007);
#4456=VERTEX_POINT('',#11009);
#4457=VERTEX_POINT('',#11012);
#4458=VERTEX_POINT('',#11013);
#4459=VERTEX_POINT('',#11015);
#4460=VERTEX_POINT('',#11017);
#4461=VERTEX_POINT('',#11019);
#4462=VERTEX_POINT('',#11021);
#4463=VERTEX_POINT('',#11025);
#4464=VERTEX_POINT('',#11027);
#4465=VERTEX_POINT('',#11031);
#4466=VERTEX_POINT('',#11033);
#4467=VERTEX_POINT('',#11035);
#4468=VERTEX_POINT('',#11037);
#4469=VERTEX_POINT('',#11039);
#4470=VERTEX_POINT('',#11041);
#4471=VERTEX_POINT('',#11043);
#4472=VERTEX_POINT('',#11045);
#4473=VERTEX_POINT('',#11047);
#4474=VERTEX_POINT('',#11049);
#4475=VERTEX_POINT('',#11053);
#4476=VERTEX_POINT('',#11055);
#4477=VERTEX_POINT('',#11060);
#4478=VERTEX_POINT('',#11064);
#4479=VERTEX_POINT('',#11070);
#4480=VERTEX_POINT('',#11072);
#4481=VERTEX_POINT('',#11075);
#4482=VERTEX_POINT('',#11082);
#4483=VERTEX_POINT('',#11086);
#4484=VERTEX_POINT('',#11090);
#4485=VERTEX_POINT('',#11094);
#4486=VERTEX_POINT('',#11098);
#4487=VERTEX_POINT('',#11102);
#4488=VERTEX_POINT('',#11106);
#4489=VERTEX_POINT('',#11114);
#4490=VERTEX_POINT('',#11116);
#4491=VERTEX_POINT('',#11119);
#4492=VERTEX_POINT('',#11123);
#4493=VERTEX_POINT('',#11128);
#4494=VERTEX_POINT('',#11129);
#4495=VERTEX_POINT('',#11131);
#4496=VERTEX_POINT('',#11133);
#4497=VERTEX_POINT('',#11137);
#4498=VERTEX_POINT('',#11139);
#4499=VERTEX_POINT('',#11143);
#4500=VERTEX_POINT('',#11145);
#4501=VERTEX_POINT('',#11149);
#4502=VERTEX_POINT('',#11151);
#4503=VERTEX_POINT('',#11155);
#4504=VERTEX_POINT('',#11157);
#4505=VERTEX_POINT('',#11161);
#4506=VERTEX_POINT('',#11163);
#4507=VERTEX_POINT('',#11170);
#4508=VERTEX_POINT('',#11172);
#4509=VERTEX_POINT('',#11178);
#4510=VERTEX_POINT('',#11179);
#4511=VERTEX_POINT('',#11181);
#4512=VERTEX_POINT('',#11183);
#4513=VERTEX_POINT('',#11185);
#4514=VERTEX_POINT('',#11187);
#4515=VERTEX_POINT('',#11191);
#4516=VERTEX_POINT('',#11193);
#4517=VERTEX_POINT('',#11196);
#4518=VERTEX_POINT('',#11198);
#4519=VERTEX_POINT('',#11201);
#4520=VERTEX_POINT('',#11203);
#4521=VERTEX_POINT('',#11206);
#4522=VERTEX_POINT('',#11208);
#4523=VERTEX_POINT('',#11211);
#4524=VERTEX_POINT('',#11213);
#4525=VERTEX_POINT('',#11216);
#4526=VERTEX_POINT('',#11218);
#4527=VERTEX_POINT('',#11221);
#4528=VERTEX_POINT('',#11223);
#4529=VERTEX_POINT('',#11226);
#4530=VERTEX_POINT('',#11228);
#4531=VERTEX_POINT('',#11231);
#4532=VERTEX_POINT('',#11233);
#4533=VERTEX_POINT('',#11236);
#4534=VERTEX_POINT('',#11238);
#4535=VERTEX_POINT('',#11241);
#4536=VERTEX_POINT('',#11243);
#4537=VERTEX_POINT('',#11246);
#4538=VERTEX_POINT('',#11248);
#4539=VERTEX_POINT('',#11251);
#4540=VERTEX_POINT('',#11252);
#4541=VERTEX_POINT('',#11254);
#4542=VERTEX_POINT('',#11256);
#4543=VERTEX_POINT('',#11260);
#4544=VERTEX_POINT('',#11261);
#4545=VERTEX_POINT('',#11263);
#4546=VERTEX_POINT('',#11265);
#4547=VERTEX_POINT('',#11268);
#4548=VERTEX_POINT('',#11270);
#4549=VERTEX_POINT('',#11272);
#4550=VERTEX_POINT('',#11274);
#4551=VERTEX_POINT('',#11276);
#4552=VERTEX_POINT('',#11278);
#4553=VERTEX_POINT('',#11280);
#4554=VERTEX_POINT('',#11281);
#4555=VERTEX_POINT('',#11283);
#4556=VERTEX_POINT('',#11285);
#4557=VERTEX_POINT('',#11288);
#4558=VERTEX_POINT('',#11289);
#4559=VERTEX_POINT('',#11291);
#4560=VERTEX_POINT('',#11293);
#4561=VERTEX_POINT('',#11296);
#4562=VERTEX_POINT('',#11297);
#4563=VERTEX_POINT('',#11299);
#4564=VERTEX_POINT('',#11301);
#4565=VERTEX_POINT('',#11304);
#4566=VERTEX_POINT('',#11305);
#4567=VERTEX_POINT('',#11307);
#4568=VERTEX_POINT('',#11309);
#4569=VERTEX_POINT('',#11312);
#4570=VERTEX_POINT('',#11313);
#4571=VERTEX_POINT('',#11315);
#4572=VERTEX_POINT('',#11317);
#4573=VERTEX_POINT('',#11320);
#4574=VERTEX_POINT('',#11321);
#4575=VERTEX_POINT('',#11323);
#4576=VERTEX_POINT('',#11325);
#4577=VERTEX_POINT('',#11328);
#4578=VERTEX_POINT('',#11329);
#4579=VERTEX_POINT('',#11332);
#4580=VERTEX_POINT('',#11334);
#4581=VERTEX_POINT('',#11336);
#4582=VERTEX_POINT('',#11338);
#4583=VERTEX_POINT('',#11340);
#4584=VERTEX_POINT('',#11342);
#4585=VERTEX_POINT('',#11344);
#4586=VERTEX_POINT('',#11346);
#4587=VERTEX_POINT('',#11348);
#4588=VERTEX_POINT('',#11350);
#4589=VERTEX_POINT('',#11352);
#4590=VERTEX_POINT('',#11354);
#4591=VERTEX_POINT('',#11356);
#4592=VERTEX_POINT('',#11358);
#4593=VERTEX_POINT('',#11360);
#4594=VERTEX_POINT('',#11362);
#4595=VERTEX_POINT('',#11364);
#4596=VERTEX_POINT('',#11366);
#4597=VERTEX_POINT('',#11370);
#4598=VERTEX_POINT('',#11372);
#4599=VERTEX_POINT('',#11374);
#4600=VERTEX_POINT('',#11376);
#4601=VERTEX_POINT('',#11378);
#4602=VERTEX_POINT('',#11380);
#4603=VERTEX_POINT('',#11382);
#4604=VERTEX_POINT('',#11384);
#4605=VERTEX_POINT('',#11386);
#4606=VERTEX_POINT('',#11388);
#4607=VERTEX_POINT('',#11390);
#4608=VERTEX_POINT('',#11391);
#4609=VERTEX_POINT('',#11393);
#4610=VERTEX_POINT('',#11395);
#4611=VERTEX_POINT('',#11398);
#4612=VERTEX_POINT('',#11399);
#4613=VERTEX_POINT('',#11401);
#4614=VERTEX_POINT('',#11403);
#4615=VERTEX_POINT('',#11406);
#4616=VERTEX_POINT('',#11408);
#4617=VERTEX_POINT('',#11410);
#4618=VERTEX_POINT('',#11412);
#4619=VERTEX_POINT('',#11414);
#4620=VERTEX_POINT('',#11416);
#4621=VERTEX_POINT('',#11418);
#4622=VERTEX_POINT('',#11420);
#4623=VERTEX_POINT('',#11422);
#4624=VERTEX_POINT('',#11424);
#4625=VERTEX_POINT('',#11426);
#4626=VERTEX_POINT('',#11428);
#4627=VERTEX_POINT('',#11430);
#4628=VERTEX_POINT('',#11432);
#4629=VERTEX_POINT('',#11434);
#4630=VERTEX_POINT('',#11436);
#4631=VERTEX_POINT('',#11438);
#4632=VERTEX_POINT('',#11440);
#4633=VERTEX_POINT('',#11442);
#4634=VERTEX_POINT('',#11444);
#4635=VERTEX_POINT('',#11457);
#4636=VERTEX_POINT('',#11459);
#4637=VERTEX_POINT('',#11463);
#4638=VERTEX_POINT('',#11465);
#4639=VERTEX_POINT('',#11469);
#4640=VERTEX_POINT('',#11470);
#4641=VERTEX_POINT('',#11472);
#4642=VERTEX_POINT('',#11474);
#4643=VERTEX_POINT('',#11476);
#4644=VERTEX_POINT('',#11478);
#4645=VERTEX_POINT('',#11482);
#4646=VERTEX_POINT('',#11483);
#4647=VERTEX_POINT('',#11489);
#4648=VERTEX_POINT('',#11491);
#4649=VERTEX_POINT('',#11494);
#4650=VERTEX_POINT('',#11496);
#4651=VERTEX_POINT('',#11500);
#4652=VERTEX_POINT('',#11502);
#4653=VERTEX_POINT('',#11505);
#4654=VERTEX_POINT('',#11509);
#4655=VERTEX_POINT('',#11513);
#4656=VERTEX_POINT('',#11517);
#4657=VERTEX_POINT('',#11524);
#4658=VERTEX_POINT('',#11525);
#4659=VERTEX_POINT('',#11528);
#4660=VERTEX_POINT('',#11538);
#4661=VERTEX_POINT('',#11545);
#4662=VERTEX_POINT('',#11546);
#4663=VERTEX_POINT('',#11549);
#4664=VERTEX_POINT('',#11553);
#4665=VERTEX_POINT('',#11554);
#4666=VERTEX_POINT('',#11559);
#4667=VERTEX_POINT('',#11560);
#4668=VERTEX_POINT('',#11565);
#4669=VERTEX_POINT('',#11569);
#4670=VERTEX_POINT('',#11573);
#4671=VERTEX_POINT('',#11580);
#4672=VERTEX_POINT('',#11587);
#4673=VERTEX_POINT('',#11594);
#4674=VERTEX_POINT('',#11657);
#4675=VERTEX_POINT('',#11661);
#4676=VERTEX_POINT('',#11665);
#4677=VERTEX_POINT('',#11669);
#4678=VERTEX_POINT('',#11673);
#4679=VERTEX_POINT('',#11675);
#4680=VERTEX_POINT('',#11679);
#4681=VERTEX_POINT('',#11683);
#4682=VERTEX_POINT('',#11690);
#4683=VERTEX_POINT('',#11698);
#4684=VERTEX_POINT('',#11700);
#4685=VERTEX_POINT('',#11702);
#4686=VERTEX_POINT('',#11704);
#4687=VERTEX_POINT('',#11705);
#4688=VERTEX_POINT('',#11707);
#4689=VERTEX_POINT('',#11709);
#4690=VERTEX_POINT('',#11711);
#4691=VERTEX_POINT('',#11713);
#4692=VERTEX_POINT('',#11715);
#4693=VERTEX_POINT('',#11717);
#4694=VERTEX_POINT('',#11721);
#4695=VERTEX_POINT('',#11722);
#4696=VERTEX_POINT('',#11725);
#4697=VERTEX_POINT('',#11727);
#4698=VERTEX_POINT('',#11729);
#4699=VERTEX_POINT('',#11731);
#4700=VERTEX_POINT('',#11733);
#4701=VERTEX_POINT('',#11735);
#4702=VERTEX_POINT('',#11739);
#4703=VERTEX_POINT('',#11743);
#4704=VERTEX_POINT('',#11745);
#4705=VERTEX_POINT('',#11747);
#4706=VERTEX_POINT('',#11749);
#4707=VERTEX_POINT('',#11751);
#4708=VERTEX_POINT('',#11753);
#4709=VERTEX_POINT('',#11755);
#4710=VERTEX_POINT('',#11762);
#4711=VERTEX_POINT('',#11764);
#4712=VERTEX_POINT('',#11766);
#4713=VERTEX_POINT('',#11768);
#4714=VERTEX_POINT('',#11771);
#4715=VERTEX_POINT('',#11773);
#4716=VERTEX_POINT('',#11775);
#4717=VERTEX_POINT('',#11778);
#4718=VERTEX_POINT('',#11779);
#4719=VERTEX_POINT('',#11781);
#4720=VERTEX_POINT('',#11783);
#4721=VERTEX_POINT('',#11786);
#4722=VERTEX_POINT('',#11787);
#4723=VERTEX_POINT('',#11789);
#4724=VERTEX_POINT('',#11791);
#4725=VERTEX_POINT('',#11794);
#4726=VERTEX_POINT('',#11796);
#4727=VERTEX_POINT('',#11798);
#4728=VERTEX_POINT('',#11800);
#4729=VERTEX_POINT('',#11802);
#4730=VERTEX_POINT('',#11804);
#4731=VERTEX_POINT('',#11806);
#4732=VERTEX_POINT('',#11808);
#4733=VERTEX_POINT('',#11810);
#4734=VERTEX_POINT('',#11812);
#4735=VERTEX_POINT('',#11821);
#4736=VERTEX_POINT('',#11824);
#4737=VERTEX_POINT('',#11827);
#4738=VERTEX_POINT('',#11830);
#4739=VERTEX_POINT('',#11833);
#4740=VERTEX_POINT('',#11837);
#4741=VERTEX_POINT('',#11848);
#4742=VERTEX_POINT('',#11853);
#4743=VERTEX_POINT('',#11869);
#4744=VERTEX_POINT('',#11871);
#4745=VERTEX_POINT('',#11874);
#4746=VERTEX_POINT('',#11878);
#4747=VERTEX_POINT('',#11887);
#4748=VERTEX_POINT('',#11889);
#4749=VERTEX_POINT('',#11892);
#4750=VERTEX_POINT('',#11893);
#4751=VERTEX_POINT('',#11895);
#4752=VERTEX_POINT('',#11897);
#4753=VERTEX_POINT('',#11900);
#4754=VERTEX_POINT('',#11901);
#4755=VERTEX_POINT('',#11903);
#4756=VERTEX_POINT('',#11905);
#4757=VERTEX_POINT('',#11908);
#4758=VERTEX_POINT('',#11909);
#4759=VERTEX_POINT('',#11911);
#4760=VERTEX_POINT('',#11913);
#4761=VERTEX_POINT('',#11916);
#4762=VERTEX_POINT('',#11918);
#4763=VERTEX_POINT('',#11923);
#4764=VERTEX_POINT('',#11924);
#4765=VERTEX_POINT('',#11926);
#4766=VERTEX_POINT('',#11928);
#4767=VERTEX_POINT('',#11932);
#4768=VERTEX_POINT('',#11933);
#4769=VERTEX_POINT('',#11935);
#4770=VERTEX_POINT('',#11937);
#4771=VERTEX_POINT('',#11941);
#4772=VERTEX_POINT('',#11942);
#4773=VERTEX_POINT('',#11944);
#4774=VERTEX_POINT('',#11946);
#4775=VERTEX_POINT('',#11960);
#4776=VERTEX_POINT('',#11961);
#4777=VERTEX_POINT('',#11963);
#4778=VERTEX_POINT('',#11965);
#4779=VERTEX_POINT('',#11969);
#4780=VERTEX_POINT('',#11970);
#4781=VERTEX_POINT('',#11972);
#4782=VERTEX_POINT('',#11974);
#4783=VERTEX_POINT('',#11978);
#4784=VERTEX_POINT('',#11979);
#4785=VERTEX_POINT('',#11981);
#4786=VERTEX_POINT('',#11983);
#4787=VERTEX_POINT('',#11997);
#4788=VERTEX_POINT('',#11998);
#4789=VERTEX_POINT('',#12000);
#4790=VERTEX_POINT('',#12002);
#4791=VERTEX_POINT('',#12006);
#4792=VERTEX_POINT('',#12007);
#4793=VERTEX_POINT('',#12009);
#4794=VERTEX_POINT('',#12011);
#4795=VERTEX_POINT('',#12015);
#4796=VERTEX_POINT('',#12016);
#4797=VERTEX_POINT('',#12018);
#4798=VERTEX_POINT('',#12020);
#4799=VERTEX_POINT('',#12051);
#4800=VERTEX_POINT('',#12052);
#4801=VERTEX_POINT('',#12054);
#4802=VERTEX_POINT('',#12056);
#4803=VERTEX_POINT('',#12060);
#4804=VERTEX_POINT('',#12061);
#4805=VERTEX_POINT('',#12063);
#4806=VERTEX_POINT('',#12065);
#4807=VERTEX_POINT('',#12069);
#4808=VERTEX_POINT('',#12070);
#4809=VERTEX_POINT('',#12072);
#4810=VERTEX_POINT('',#12074);
#4811=VERTEX_POINT('',#12078);
#4812=VERTEX_POINT('',#12079);
#4813=VERTEX_POINT('',#12081);
#4814=VERTEX_POINT('',#12083);
#4815=VERTEX_POINT('',#12087);
#4816=VERTEX_POINT('',#12088);
#4817=VERTEX_POINT('',#12090);
#4818=VERTEX_POINT('',#12092);
#4819=VERTEX_POINT('',#12096);
#4820=VERTEX_POINT('',#12097);
#4821=VERTEX_POINT('',#12099);
#4822=VERTEX_POINT('',#12101);
#4823=VERTEX_POINT('',#12159);
#4824=VERTEX_POINT('',#12161);
#4825=VERTEX_POINT('',#12164);
#4826=VERTEX_POINT('',#12168);
#4827=VERTEX_POINT('',#12200);
#4828=VERTEX_POINT('',#12201);
#4829=VERTEX_POINT('',#12203);
#4830=VERTEX_POINT('',#12205);
#4831=VERTEX_POINT('',#12209);
#4832=VERTEX_POINT('',#12211);
#4833=VERTEX_POINT('',#12215);
#4834=VERTEX_POINT('',#12217);
#4835=VERTEX_POINT('',#12248);
#4836=VERTEX_POINT('',#12249);
#4837=VERTEX_POINT('',#12251);
#4838=VERTEX_POINT('',#12253);
#4839=VERTEX_POINT('',#12255);
#4840=VERTEX_POINT('',#12259);
#4841=VERTEX_POINT('',#12261);
#4842=VERTEX_POINT('',#12263);
#4843=VERTEX_POINT('',#12265);
#4844=VERTEX_POINT('',#12269);
#4845=VERTEX_POINT('',#12271);
#4846=VERTEX_POINT('',#12273);
#4847=VERTEX_POINT('',#12275);
#4848=VERTEX_POINT('',#12284);
#4849=VERTEX_POINT('',#12288);
#4850=VERTEX_POINT('',#12291);
#4851=VERTEX_POINT('',#12293);
#4852=VERTEX_POINT('',#12298);
#4853=CIRCLE('',#7180,0.0015);
#4854=CIRCLE('',#7181,0.0015);
#4855=CIRCLE('',#7183,0.00225);
#4856=CIRCLE('',#7184,0.00225);
#4857=CIRCLE('',#7194,0.0015);
#4858=CIRCLE('',#7195,0.0015);
#4859=CIRCLE('',#7201,0.0027);
#4860=CIRCLE('',#7202,0.0027);
#4861=CIRCLE('',#7204,0.0015);
#4862=CIRCLE('',#7207,0.0015);
#4863=CIRCLE('',#7211,0.00165);
#4864=CIRCLE('',#7212,0.00165);
#4865=CIRCLE('',#7214,0.00165);
#4866=CIRCLE('',#7215,0.00165);
#4867=CIRCLE('',#7217,0.00165);
#4868=CIRCLE('',#7218,0.00165);
#4869=CIRCLE('',#7220,0.00165);
#4870=CIRCLE('',#7221,0.00165);
#4871=CIRCLE('',#7223,0.00165);
#4872=CIRCLE('',#7224,0.00165);
#4873=CIRCLE('',#7226,0.00165);
#4874=CIRCLE('',#7227,0.00165);
#4875=CIRCLE('',#7229,0.003);
#4876=CIRCLE('',#7230,0.003);
#4877=CIRCLE('',#7231,0.003);
#4878=CIRCLE('',#7232,0.003);
#4879=CIRCLE('',#7233,0.002175);
#4880=CIRCLE('',#7234,0.0115);
#4881=CIRCLE('',#7238,0.0115);
#4882=CIRCLE('',#7243,0.003);
#4883=CIRCLE('',#7244,0.003);
#4884=CIRCLE('',#7249,0.002175);
#4885=CIRCLE('',#7252,0.003);
#4886=CIRCLE('',#7255,0.003);
#4887=CIRCLE('',#7258,0.003);
#4888=CIRCLE('',#7261,0.003);
#4889=CIRCLE('',#7264,0.003);
#4890=CIRCLE('',#7267,0.003);
#4891=CIRCLE('',#7271,0.0025);
#4892=CIRCLE('',#7272,0.0025);
#4893=CIRCLE('',#7274,0.01195);
#4894=CIRCLE('',#7275,0.01195);
#4895=CIRCLE('',#7277,0.00795);
#4896=CIRCLE('',#7279,0.0065);
#4897=CIRCLE('',#7282,0.0024);
#4898=CIRCLE('',#7283,0.0024);
#4899=CIRCLE('',#7287,0.0065);
#4900=CIRCLE('',#7288,0.0065);
#4901=CIRCLE('',#7289,0.0065);
#4902=CIRCLE('',#7290,0.0065);
#4903=CIRCLE('',#7292,0.01);
#4904=CIRCLE('',#7293,0.01);
#4905=CIRCLE('',#7295,0.0015);
#4906=CIRCLE('',#7296,0.0015);
#4907=CIRCLE('',#7297,0.0015);
#4908=CIRCLE('',#7298,0.0015);
#4909=CIRCLE('',#7300,0.0015);
#4910=CIRCLE('',#7301,0.0015);
#4911=CIRCLE('',#7302,0.0015);
#4912=CIRCLE('',#7303,0.0015);
#4913=CIRCLE('',#7310,0.003);
#4914=CIRCLE('',#7311,0.004);
#4915=CIRCLE('',#7313,0.003);
#4916=CIRCLE('',#7314,0.004);
#4917=CIRCLE('',#7316,0.003);
#4918=CIRCLE('',#7317,0.004);
#4919=CIRCLE('',#7320,0.004);
#4920=CIRCLE('',#7325,0.004);
#4921=CIRCLE('',#7330,0.004);
#4922=CIRCLE('',#7335,0.004);
#4923=CIRCLE('',#7336,0.004);
#4924=CIRCLE('',#7340,0.003);
#4925=CIRCLE('',#7342,0.00165);
#4926=CIRCLE('',#7344,0.003);
#4927=CIRCLE('',#7346,0.00165);
#4928=CIRCLE('',#7362,0.002);
#4929=CIRCLE('',#7363,0.002);
#4930=CIRCLE('',#7364,0.002);
#4931=CIRCLE('',#7365,0.002);
#4932=CIRCLE('',#7367,0.0015);
#4933=CIRCLE('',#7368,0.0015);
#4934=CIRCLE('',#7369,0.0015);
#4935=CIRCLE('',#7370,0.0015);
#4936=CIRCLE('',#7372,0.002);
#4937=CIRCLE('',#7374,0.002);
#4938=CIRCLE('',#7376,0.002);
#4939=CIRCLE('',#7378,0.002);
#4940=CIRCLE('',#7384,0.0015);
#4941=CIRCLE('',#7385,0.0015);
#4942=CIRCLE('',#7386,0.0015);
#4943=CIRCLE('',#7387,0.0015);
#4944=CIRCLE('',#7395,0.0015);
#4945=CIRCLE('',#7396,0.0015);
#4946=CIRCLE('',#7398,0.00225);
#4947=CIRCLE('',#7399,0.00225);
#4948=CIRCLE('',#7404,0.00165);
#4949=CIRCLE('',#7405,0.00165);
#4950=CIRCLE('',#7407,0.00165);
#4951=CIRCLE('',#7408,0.00165);
#4952=CIRCLE('',#7410,0.00165);
#4953=CIRCLE('',#7411,0.00165);
#4954=CIRCLE('',#7413,0.00165);
#4955=CIRCLE('',#7414,0.00165);
#4956=CIRCLE('',#7416,0.00165);
#4957=CIRCLE('',#7417,0.00165);
#4958=CIRCLE('',#7419,0.00165);
#4959=CIRCLE('',#7420,0.00165);
#4960=CIRCLE('',#7424,0.003);
#4961=CIRCLE('',#7425,0.003);
#4962=CIRCLE('',#7426,0.003);
#4963=CIRCLE('',#7427,0.003);
#4964=CIRCLE('',#7428,0.002175);
#4965=CIRCLE('',#7429,0.0115);
#4966=CIRCLE('',#7433,0.0115);
#4967=CIRCLE('',#7436,0.003);
#4968=CIRCLE('',#7437,0.003);
#4969=CIRCLE('',#7442,0.002175);
#4970=CIRCLE('',#7445,0.003);
#4971=CIRCLE('',#7448,0.003);
#4972=CIRCLE('',#7451,0.003);
#4973=CIRCLE('',#7454,0.003);
#4974=CIRCLE('',#7457,0.003);
#4975=CIRCLE('',#7460,0.003);
#4976=CIRCLE('',#7467,0.0027);
#4977=CIRCLE('',#7468,0.0027);
#4978=CIRCLE('',#7470,0.0015);
#4979=CIRCLE('',#7473,0.0015);
#4980=CIRCLE('',#7482,0.0025);
#4981=CIRCLE('',#7483,0.0025);
#4982=CIRCLE('',#7487,0.0055);
#4983=CIRCLE('',#7488,0.0055);
#4984=CIRCLE('',#7494,0.00165);
#4985=CIRCLE('',#7495,0.00165);
#4986=CIRCLE('',#7497,0.00165);
#4987=CIRCLE('',#7498,0.00165);
#4988=CIRCLE('',#7500,0.00165);
#4989=CIRCLE('',#7501,0.00165);
#4990=CIRCLE('',#7503,0.00165);
#4991=CIRCLE('',#7504,0.00165);
#4992=CIRCLE('',#7506,0.002175);
#4993=CIRCLE('',#7507,0.002175);
#4994=CIRCLE('',#7509,0.002175);
#4995=CIRCLE('',#7510,0.002175);
#4996=CIRCLE('',#7512,0.002175);
#4997=CIRCLE('',#7513,0.002175);
#4998=CIRCLE('',#7515,0.002175);
#4999=CIRCLE('',#7516,0.002175);
#5000=CIRCLE('',#7518,0.002175);
#5001=CIRCLE('',#7519,0.002175);
#5002=CIRCLE('',#7521,0.002175);
#5003=CIRCLE('',#7522,0.002175);
#5004=CIRCLE('',#7524,0.002175);
#5005=CIRCLE('',#7525,0.002175);
#5006=CIRCLE('',#7527,0.002175);
#5007=CIRCLE('',#7528,0.002175);
#5008=CIRCLE('',#7531,0.00165);
#5009=CIRCLE('',#7532,0.00165);
#5010=CIRCLE('',#7533,0.00165);
#5011=CIRCLE('',#7534,0.00165);
#5012=CIRCLE('',#7535,0.00165);
#5013=CIRCLE('',#7536,0.00165);
#5014=CIRCLE('',#7538,0.003);
#5015=CIRCLE('',#7539,0.003);
#5016=CIRCLE('',#7540,0.003);
#5017=CIRCLE('',#7541,0.003);
#5018=CIRCLE('',#7542,0.00165);
#5019=CIRCLE('',#7543,0.00165);
#5020=CIRCLE('',#7544,0.00165);
#5021=CIRCLE('',#7545,0.00165);
#5022=CIRCLE('',#7546,0.00165);
#5023=CIRCLE('',#7547,0.00165);
#5024=CIRCLE('',#7623,0.003);
#5025=CIRCLE('',#7626,0.003);
#5026=CIRCLE('',#7629,0.003);
#5027=CIRCLE('',#7632,0.003);
#5028=CIRCLE('',#7644,0.00165);
#5029=CIRCLE('',#7645,0.00165);
#5030=CIRCLE('',#7646,0.00165);
#5031=CIRCLE('',#7648,0.001);
#5032=CIRCLE('',#7649,0.001);
#5033=CIRCLE('',#7652,0.001);
#5034=CIRCLE('',#7653,0.001);
#5035=CIRCLE('',#7656,0.00165);
#5036=CIRCLE('',#7657,0.00165);
#5037=CIRCLE('',#7658,0.00165);
#5038=CIRCLE('',#7660,0.00165);
#5039=CIRCLE('',#7661,0.00165);
#5040=CIRCLE('',#7662,0.00165);
#5041=CIRCLE('',#7663,0.00165);
#5042=CIRCLE('',#7664,0.00165);
#5043=CIRCLE('',#7665,0.00165);
#5044=CIRCLE('',#7666,0.00165);
#5045=CIRCLE('',#7667,0.00165);
#5046=CIRCLE('',#7668,0.00165);
#5047=CIRCLE('',#7669,0.00165);
#5048=CIRCLE('',#7677,0.00165);
#5049=CIRCLE('',#7679,0.00165);
#5050=CIRCLE('',#7681,0.00165);
#5051=CIRCLE('',#7683,0.00165);
#5052=CIRCLE('',#7686,0.001);
#5053=CIRCLE('',#7689,0.001);
#5054=CIRCLE('',#7691,0.001);
#5055=CIRCLE('',#7694,0.001);
#5056=CIRCLE('',#7703,0.0027);
#5057=CIRCLE('',#7704,0.0027);
#5058=CIRCLE('',#7706,0.0015);
#5059=CIRCLE('',#7709,0.0015);
#5060=CIRCLE('',#7717,0.0025);
#5061=CIRCLE('',#7718,0.0025);
#5062=CIRCLE('',#7720,0.0045);
#5063=CIRCLE('',#7721,0.0045);
#5064=CIRCLE('',#7722,0.0045);
#5065=CIRCLE('',#7723,0.0045);
#5066=CIRCLE('',#7724,0.0045);
#5067=CIRCLE('',#7725,0.0045);
#5068=CIRCLE('',#7726,0.0045);
#5069=CIRCLE('',#7727,0.0045);
#5070=CIRCLE('',#7731,0.139048367050588);
#5071=CIRCLE('',#7732,0.139048367050588);
#5072=CIRCLE('',#7734,0.0568109763400202);
#5073=CIRCLE('',#7735,0.0568109763400202);
#5074=CIRCLE('',#7738,0.0065);
#5075=CIRCLE('',#7739,0.002);
#5076=CIRCLE('',#7740,0.004);
#5077=CIRCLE('',#7741,0.0065);
#5078=CIRCLE('',#7743,0.002);
#5079=CIRCLE('',#7744,0.0065);
#5080=CIRCLE('',#7745,0.0065);
#5081=CIRCLE('',#7746,0.004);
#5082=CIRCLE('',#7748,0.0568109763400202);
#5083=CIRCLE('',#7749,0.0568109763400202);
#5084=CIRCLE('',#7752,0.139048367050588);
#5085=CIRCLE('',#7753,0.139048367050588);
#5086=CIRCLE('',#7755,0.0065);
#5087=CIRCLE('',#7756,0.002);
#5088=CIRCLE('',#7757,0.004);
#5089=CIRCLE('',#7758,0.0065);
#5090=CIRCLE('',#7760,0.002);
#5091=CIRCLE('',#7761,0.0065);
#5092=CIRCLE('',#7762,0.0065);
#5093=CIRCLE('',#7763,0.004);
#5094=CIRCLE('',#7765,0.0568109763400201);
#5095=CIRCLE('',#7766,0.0568109763400201);
#5096=CIRCLE('',#7769,0.139048367050588);
#5097=CIRCLE('',#7770,0.139048367050588);
#5098=CIRCLE('',#7772,0.0065);
#5099=CIRCLE('',#7773,0.002);
#5100=CIRCLE('',#7774,0.004);
#5101=CIRCLE('',#7775,0.0065);
#5102=CIRCLE('',#7777,0.002);
#5103=CIRCLE('',#7778,0.0065);
#5104=CIRCLE('',#7779,0.0065);
#5105=CIRCLE('',#7780,0.004);
#5106=CIRCLE('',#7805,0.0065);
#5107=CIRCLE('',#7806,0.0065);
#5108=CIRCLE('',#7808,0.0065);
#5109=CIRCLE('',#7809,0.0065);
#5110=CIRCLE('',#7811,0.0065);
#5111=CIRCLE('',#7812,0.0065);
#5112=CIRCLE('',#7814,0.0065);
#5113=CIRCLE('',#7816,0.0065);
#5114=CIRCLE('',#7818,0.0065);
#5115=CIRCLE('',#7819,0.0065);
#5116=CIRCLE('',#7821,0.0065);
#5117=CIRCLE('',#7823,0.0065);
#5118=CIRCLE('',#7825,0.0065);
#5119=CIRCLE('',#7826,0.0065);
#5120=CIRCLE('',#7828,0.0065);
#5121=CIRCLE('',#7830,0.0065);
#5122=CIRCLE('',#7832,0.0065);
#5123=CIRCLE('',#7834,0.0065);
#5124=CIRCLE('',#7836,0.0065);
#5125=CIRCLE('',#7838,0.0065);
#5126=CIRCLE('',#7840,0.0065);
#5127=CIRCLE('',#7842,0.0065);
#5128=CIRCLE('',#7844,0.0065);
#5129=CIRCLE('',#7846,0.0065);
#5130=CIRCLE('',#7859,0.0027);
#5131=CIRCLE('',#7860,0.0027);
#5132=CIRCLE('',#7862,0.0015);
#5133=CIRCLE('',#7865,0.0015);
#5134=CIRCLE('',#7928,0.0005);
#5135=CIRCLE('',#7931,0.0005);
#5136=CIRCLE('',#7933,0.001);
#5137=CIRCLE('',#7934,0.001);
#5138=EDGE_LOOP('',(#1744));
#5139=EDGE_LOOP('',(#1745));
#5140=EDGE_LOOP('',(#1746));
#5141=EDGE_LOOP('',(#1747));
#5142=EDGE_LOOP('',(#1748));
#5143=EDGE_LOOP('',(#1749));
#5144=EDGE_LOOP('',(#1750));
#5145=EDGE_LOOP('',(#1751));
#5146=EDGE_LOOP('',(#1752,#1753,#1754,#1755));
#5147=EDGE_LOOP('',(#1756,#1757,#1758,#1759));
#5148=EDGE_LOOP('',(#1760,#1761,#1762,#1763));
#5149=EDGE_LOOP('',(#1764,#1765,#1766,#1767));
#5150=EDGE_LOOP('',(#1768,#1769,#1770,#1771));
#5151=EDGE_LOOP('',(#1772));
#5152=EDGE_LOOP('',(#1773));
#5153=EDGE_LOOP('',(#1774,#1775,#1776,#1777));
#5154=EDGE_LOOP('',(#1778));
#5155=EDGE_LOOP('',(#1779,#1780,#1781,#1782,#1783,#1784));
#5156=EDGE_LOOP('',(#1785));
#5157=EDGE_LOOP('',(#1786,#1787,#1788,#1789,#1790,#1791));
#5158=EDGE_LOOP('',(#1792));
#5159=EDGE_LOOP('',(#1793));
#5160=EDGE_LOOP('',(#1794));
#5161=EDGE_LOOP('',(#1795));
#5162=EDGE_LOOP('',(#1796));
#5163=EDGE_LOOP('',(#1797));
#5164=EDGE_LOOP('',(#1798));
#5165=EDGE_LOOP('',(#1799));
#5166=EDGE_LOOP('',(#1800));
#5167=EDGE_LOOP('',(#1801));
#5168=EDGE_LOOP('',(#1802));
#5169=EDGE_LOOP('',(#1803));
#5170=EDGE_LOOP('',(#1804));
#5171=EDGE_LOOP('',(#1805));
#5172=EDGE_LOOP('',(#1806));
#5173=EDGE_LOOP('',(#1807));
#5174=EDGE_LOOP('',(#1808));
#5175=EDGE_LOOP('',(#1809));
#5176=EDGE_LOOP('',(#1810));
#5177=EDGE_LOOP('',(#1811));
#5178=EDGE_LOOP('',(#1812));
#5179=EDGE_LOOP('',(#1813));
#5180=EDGE_LOOP('',(#1814));
#5181=EDGE_LOOP('',(#1815));
#5182=EDGE_LOOP('',(#1816));
#5183=EDGE_LOOP('',(#1817,#1818,#1819,#1820,#1821,#1822,#1823));
#5184=EDGE_LOOP('',(#1824,#1825,#1826,#1827,#1828,#1829));
#5185=EDGE_LOOP('',(#1830,#1831,#1832,#1833));
#5186=EDGE_LOOP('',(#1834,#1835,#1836,#1837));
#5187=EDGE_LOOP('',(#1838,#1839,#1840,#1841));
#5188=EDGE_LOOP('',(#1842,#1843,#1844,#1845,#1846,#1847));
#5189=EDGE_LOOP('',(#1848,#1849,#1850,#1851));
#5190=EDGE_LOOP('',(#1852));
#5191=EDGE_LOOP('',(#1853));
#5192=EDGE_LOOP('',(#1854));
#5193=EDGE_LOOP('',(#1855));
#5194=EDGE_LOOP('',(#1856));
#5195=EDGE_LOOP('',(#1857));
#5196=EDGE_LOOP('',(#1858,#1859,#1860,#1861,#1862,#1863));
#5197=EDGE_LOOP('',(#1864,#1865,#1866,#1867));
#5198=EDGE_LOOP('',(#1868,#1869,#1870,#1871));
#5199=EDGE_LOOP('',(#1872));
#5200=EDGE_LOOP('',(#1873));
#5201=EDGE_LOOP('',(#1874,#1875,#1876,#1877,#1878));
#5202=EDGE_LOOP('',(#1879));
#5203=EDGE_LOOP('',(#1880));
#5204=EDGE_LOOP('',(#1881));
#5205=EDGE_LOOP('',(#1882));
#5206=EDGE_LOOP('',(#1883));
#5207=EDGE_LOOP('',(#1884));
#5208=EDGE_LOOP('',(#1885));
#5209=EDGE_LOOP('',(#1886));
#5210=EDGE_LOOP('',(#1887));
#5211=EDGE_LOOP('',(#1888));
#5212=EDGE_LOOP('',(#1889));
#5213=EDGE_LOOP('',(#1890));
#5214=EDGE_LOOP('',(#1891));
#5215=EDGE_LOOP('',(#1892));
#5216=EDGE_LOOP('',(#1893));
#5217=EDGE_LOOP('',(#1894));
#5218=EDGE_LOOP('',(#1895));
#5219=EDGE_LOOP('',(#1896));
#5220=EDGE_LOOP('',(#1897));
#5221=EDGE_LOOP('',(#1898));
#5222=EDGE_LOOP('',(#1899));
#5223=EDGE_LOOP('',(#1900));
#5224=EDGE_LOOP('',(#1901));
#5225=EDGE_LOOP('',(#1902));
#5226=EDGE_LOOP('',(#1903));
#5227=EDGE_LOOP('',(#1904));
#5228=EDGE_LOOP('',(#1905));
#5229=EDGE_LOOP('',(#1906));
#5230=EDGE_LOOP('',(#1907));
#5231=EDGE_LOOP('',(#1908));
#5232=EDGE_LOOP('',(#1909));
#5233=EDGE_LOOP('',(#1910));
#5234=EDGE_LOOP('',(#1911));
#5235=EDGE_LOOP('',(#1912));
#5236=EDGE_LOOP('',(#1913));
#5237=EDGE_LOOP('',(#1914));
#5238=EDGE_LOOP('',(#1915));
#5239=EDGE_LOOP('',(#1916));
#5240=EDGE_LOOP('',(#1917));
#5241=EDGE_LOOP('',(#1918));
#5242=EDGE_LOOP('',(#1919));
#5243=EDGE_LOOP('',(#1920));
#5244=EDGE_LOOP('',(#1921,#1922,#1923,#1924));
#5245=EDGE_LOOP('',(#1925));
#5246=EDGE_LOOP('',(#1926));
#5247=EDGE_LOOP('',(#1927));
#5248=EDGE_LOOP('',(#1928));
#5249=EDGE_LOOP('',(#1929));
#5250=EDGE_LOOP('',(#1930));
#5251=EDGE_LOOP('',(#1931));
#5252=EDGE_LOOP('',(#1932));
#5253=EDGE_LOOP('',(#1933,#1934,#1935,#1936,#1937,#1938,#1939,#1940));
#5254=EDGE_LOOP('',(#1941));
#5255=EDGE_LOOP('',(#1942));
#5256=EDGE_LOOP('',(#1943));
#5257=EDGE_LOOP('',(#1944));
#5258=EDGE_LOOP('',(#1945));
#5259=EDGE_LOOP('',(#1946));
#5260=EDGE_LOOP('',(#1947));
#5261=EDGE_LOOP('',(#1948));
#5262=EDGE_LOOP('',(#1949));
#5263=EDGE_LOOP('',(#1950,#1951,#1952,#1953));
#5264=EDGE_LOOP('',(#1954,#1955,#1956,#1957));
#5265=EDGE_LOOP('',(#1958,#1959,#1960,#1961));
#5266=EDGE_LOOP('',(#1962,#1963,#1964,#1965));
#5267=EDGE_LOOP('',(#1966,#1967,#1968,#1969,#1970,#1971,#1972,#1973,#1974,
#1975));
#5268=EDGE_LOOP('',(#1976,#1977,#1978,#1979));
#5269=EDGE_LOOP('',(#1980,#1981,#1982,#1983));
#5270=EDGE_LOOP('',(#1984,#1985,#1986,#1987));
#5271=EDGE_LOOP('',(#1988,#1989,#1990,#1991,#1992,#1993,#1994,#1995,#1996,
#1997));
#5272=EDGE_LOOP('',(#1998,#1999,#2000,#2001));
#5273=EDGE_LOOP('',(#2002,#2003,#2004,#2005));
#5274=EDGE_LOOP('',(#2006,#2007,#2008,#2009));
#5275=EDGE_LOOP('',(#2010,#2011,#2012,#2013,#2014,#2015,#2016,#2017,#2018,
#2019));
#5276=EDGE_LOOP('',(#2020,#2021,#2022,#2023));
#5277=EDGE_LOOP('',(#2024,#2025,#2026,#2027));
#5278=EDGE_LOOP('',(#2028,#2029,#2030,#2031));
#5279=EDGE_LOOP('',(#2032,#2033,#2034,#2035,#2036,#2037,#2038,#2039,#2040,
#2041));
#5280=EDGE_LOOP('',(#2042,#2043,#2044,#2045));
#5281=EDGE_LOOP('',(#2046,#2047,#2048,#2049));
#5282=EDGE_LOOP('',(#2050,#2051,#2052,#2053));
#5283=EDGE_LOOP('',(#2054));
#5284=EDGE_LOOP('',(#2055,#2056,#2057,#2058,#2059,#2060,#2061,#2062,#2063,
#2064,#2065,#2066,#2067,#2068,#2069,#2070,#2071,#2072,#2073,#2074,#2075,
#2076,#2077,#2078));
#5285=EDGE_LOOP('',(#2079,#2080,#2081,#2082,#2083,#2084,#2085,#2086,#2087));
#5286=EDGE_LOOP('',(#2088,#2089,#2090,#2091,#2092,#2093,#2094,#2095,#2096));
#5287=EDGE_LOOP('',(#2097,#2098,#2099,#2100,#2101,#2102,#2103,#2104,#2105));
#5288=EDGE_LOOP('',(#2106,#2107,#2108,#2109,#2110,#2111,#2112,#2113,#2114));
#5289=EDGE_LOOP('',(#2115));
#5290=EDGE_LOOP('',(#2116,#2117,#2118,#2119));
#5291=EDGE_LOOP('',(#2120));
#5292=EDGE_LOOP('',(#2121));
#5293=EDGE_LOOP('',(#2122));
#5294=EDGE_LOOP('',(#2123));
#5295=EDGE_LOOP('',(#2124,#2125,#2126,#2127));
#5296=EDGE_LOOP('',(#2128,#2129,#2130,#2131));
#5297=EDGE_LOOP('',(#2132,#2133,#2134,#2135));
#5298=EDGE_LOOP('',(#2136,#2137,#2138,#2139));
#5299=EDGE_LOOP('',(#2140,#2141,#2142,#2143));
#5300=EDGE_LOOP('',(#2144,#2145,#2146,#2147));
#5301=EDGE_LOOP('',(#2148,#2149,#2150,#2151));
#5302=EDGE_LOOP('',(#2152,#2153,#2154,#2155));
#5303=EDGE_LOOP('',(#2156,#2157,#2158,#2159));
#5304=EDGE_LOOP('',(#2160,#2161,#2162,#2163));
#5305=EDGE_LOOP('',(#2164,#2165,#2166,#2167));
#5306=EDGE_LOOP('',(#2168,#2169,#2170,#2171));
#5307=EDGE_LOOP('',(#2172,#2173,#2174,#2175));
#5308=EDGE_LOOP('',(#2176,#2177,#2178,#2179));
#5309=EDGE_LOOP('',(#2180,#2181,#2182,#2183));
#5310=EDGE_LOOP('',(#2184,#2185,#2186,#2187));
#5311=EDGE_LOOP('',(#2188,#2189,#2190,#2191));
#5312=EDGE_LOOP('',(#2192,#2193,#2194,#2195));
#5313=EDGE_LOOP('',(#2196,#2197,#2198,#2199));
#5314=EDGE_LOOP('',(#2200,#2201,#2202,#2203));
#5315=EDGE_LOOP('',(#2204));
#5316=EDGE_LOOP('',(#2205));
#5317=EDGE_LOOP('',(#2206));
#5318=EDGE_LOOP('',(#2207));
#5319=EDGE_LOOP('',(#2208,#2209,#2210,#2211));
#5320=EDGE_LOOP('',(#2212));
#5321=EDGE_LOOP('',(#2213));
#5322=EDGE_LOOP('',(#2214));
#5323=EDGE_LOOP('',(#2215));
#5324=EDGE_LOOP('',(#2216,#2217,#2218,#2219));
#5325=EDGE_LOOP('',(#2220));
#5326=EDGE_LOOP('',(#2221));
#5327=EDGE_LOOP('',(#2222));
#5328=EDGE_LOOP('',(#2223));
#5329=EDGE_LOOP('',(#2224));
#5330=EDGE_LOOP('',(#2225));
#5331=EDGE_LOOP('',(#2226));
#5332=EDGE_LOOP('',(#2227));
#5333=EDGE_LOOP('',(#2228,#2229,#2230,#2231));
#5334=EDGE_LOOP('',(#2232,#2233,#2234,#2235));
#5335=EDGE_LOOP('',(#2236,#2237,#2238,#2239));
#5336=EDGE_LOOP('',(#2240,#2241,#2242,#2243));
#5337=EDGE_LOOP('',(#2244));
#5338=EDGE_LOOP('',(#2245));
#5339=EDGE_LOOP('',(#2246));
#5340=EDGE_LOOP('',(#2247));
#5341=EDGE_LOOP('',(#2248,#2249,#2250,#2251));
#5342=EDGE_LOOP('',(#2252));
#5343=EDGE_LOOP('',(#2253));
#5344=EDGE_LOOP('',(#2254));
#5345=EDGE_LOOP('',(#2255));
#5346=EDGE_LOOP('',(#2256,#2257,#2258,#2259));
#5347=EDGE_LOOP('',(#2260));
#5348=EDGE_LOOP('',(#2261));
#5349=EDGE_LOOP('',(#2262));
#5350=EDGE_LOOP('',(#2263));
#5351=EDGE_LOOP('',(#2264));
#5352=EDGE_LOOP('',(#2265));
#5353=EDGE_LOOP('',(#2266));
#5354=EDGE_LOOP('',(#2267));
#5355=EDGE_LOOP('',(#2268));
#5356=EDGE_LOOP('',(#2269));
#5357=EDGE_LOOP('',(#2270));
#5358=EDGE_LOOP('',(#2271));
#5359=EDGE_LOOP('',(#2272));
#5360=EDGE_LOOP('',(#2273));
#5361=EDGE_LOOP('',(#2274));
#5362=EDGE_LOOP('',(#2275));
#5363=EDGE_LOOP('',(#2276));
#5364=EDGE_LOOP('',(#2277));
#5365=EDGE_LOOP('',(#2278));
#5366=EDGE_LOOP('',(#2279));
#5367=EDGE_LOOP('',(#2280));
#5368=EDGE_LOOP('',(#2281));
#5369=EDGE_LOOP('',(#2282));
#5370=EDGE_LOOP('',(#2283));
#5371=EDGE_LOOP('',(#2284));
#5372=EDGE_LOOP('',(#2285));
#5373=EDGE_LOOP('',(#2286));
#5374=EDGE_LOOP('',(#2287));
#5375=EDGE_LOOP('',(#2288,#2289,#2290,#2291,#2292,#2293));
#5376=EDGE_LOOP('',(#2294,#2295,#2296,#2297));
#5377=EDGE_LOOP('',(#2298));
#5378=EDGE_LOOP('',(#2299));
#5379=EDGE_LOOP('',(#2300));
#5380=EDGE_LOOP('',(#2301));
#5381=EDGE_LOOP('',(#2302));
#5382=EDGE_LOOP('',(#2303,#2304,#2305,#2306,#2307,#2308,#2309));
#5383=EDGE_LOOP('',(#2310,#2311,#2312,#2313,#2314,#2315));
#5384=EDGE_LOOP('',(#2316,#2317,#2318,#2319));
#5385=EDGE_LOOP('',(#2320,#2321,#2322,#2323));
#5386=EDGE_LOOP('',(#2324,#2325,#2326,#2327));
#5387=EDGE_LOOP('',(#2328));
#5388=EDGE_LOOP('',(#2329));
#5389=EDGE_LOOP('',(#2330));
#5390=EDGE_LOOP('',(#2331));
#5391=EDGE_LOOP('',(#2332));
#5392=EDGE_LOOP('',(#2333));
#5393=EDGE_LOOP('',(#2334,#2335,#2336,#2337,#2338,#2339));
#5394=EDGE_LOOP('',(#2340,#2341,#2342,#2343));
#5395=EDGE_LOOP('',(#2344,#2345,#2346,#2347));
#5396=EDGE_LOOP('',(#2348));
#5397=EDGE_LOOP('',(#2349));
#5398=EDGE_LOOP('',(#2350,#2351,#2352,#2353,#2354));
#5399=EDGE_LOOP('',(#2355));
#5400=EDGE_LOOP('',(#2356));
#5401=EDGE_LOOP('',(#2357));
#5402=EDGE_LOOP('',(#2358));
#5403=EDGE_LOOP('',(#2359));
#5404=EDGE_LOOP('',(#2360));
#5405=EDGE_LOOP('',(#2361));
#5406=EDGE_LOOP('',(#2362));
#5407=EDGE_LOOP('',(#2363));
#5408=EDGE_LOOP('',(#2364));
#5409=EDGE_LOOP('',(#2365));
#5410=EDGE_LOOP('',(#2366));
#5411=EDGE_LOOP('',(#2367));
#5412=EDGE_LOOP('',(#2368));
#5413=EDGE_LOOP('',(#2369));
#5414=EDGE_LOOP('',(#2370));
#5415=EDGE_LOOP('',(#2371));
#5416=EDGE_LOOP('',(#2372));
#5417=EDGE_LOOP('',(#2373));
#5418=EDGE_LOOP('',(#2374));
#5419=EDGE_LOOP('',(#2375));
#5420=EDGE_LOOP('',(#2376));
#5421=EDGE_LOOP('',(#2377));
#5422=EDGE_LOOP('',(#2378));
#5423=EDGE_LOOP('',(#2379));
#5424=EDGE_LOOP('',(#2380));
#5425=EDGE_LOOP('',(#2381));
#5426=EDGE_LOOP('',(#2382));
#5427=EDGE_LOOP('',(#2383));
#5428=EDGE_LOOP('',(#2384));
#5429=EDGE_LOOP('',(#2385));
#5430=EDGE_LOOP('',(#2386));
#5431=EDGE_LOOP('',(#2387));
#5432=EDGE_LOOP('',(#2388));
#5433=EDGE_LOOP('',(#2389));
#5434=EDGE_LOOP('',(#2390,#2391,#2392,#2393));
#5435=EDGE_LOOP('',(#2394,#2395,#2396,#2397));
#5436=EDGE_LOOP('',(#2398,#2399,#2400,#2401));
#5437=EDGE_LOOP('',(#2402,#2403,#2404,#2405));
#5438=EDGE_LOOP('',(#2406,#2407,#2408,#2409));
#5439=EDGE_LOOP('',(#2410));
#5440=EDGE_LOOP('',(#2411));
#5441=EDGE_LOOP('',(#2412,#2413,#2414,#2415));
#5442=EDGE_LOOP('',(#2416));
#5443=EDGE_LOOP('',(#2417,#2418,#2419,#2420,#2421,#2422));
#5444=EDGE_LOOP('',(#2423));
#5445=EDGE_LOOP('',(#2424));
#5446=EDGE_LOOP('',(#2425));
#5447=EDGE_LOOP('',(#2426));
#5448=EDGE_LOOP('',(#2427,#2428,#2429,#2430,#2431,#2432));
#5449=EDGE_LOOP('',(#2433));
#5450=EDGE_LOOP('',(#2434,#2435,#2436,#2437,#2438,#2439));
#5451=EDGE_LOOP('',(#2440));
#5452=EDGE_LOOP('',(#2441));
#5453=EDGE_LOOP('',(#2442));
#5454=EDGE_LOOP('',(#2443));
#5455=EDGE_LOOP('',(#2444));
#5456=EDGE_LOOP('',(#2445));
#5457=EDGE_LOOP('',(#2446));
#5458=EDGE_LOOP('',(#2447));
#5459=EDGE_LOOP('',(#2448));
#5460=EDGE_LOOP('',(#2449));
#5461=EDGE_LOOP('',(#2450));
#5462=EDGE_LOOP('',(#2451));
#5463=EDGE_LOOP('',(#2452));
#5464=EDGE_LOOP('',(#2453));
#5465=EDGE_LOOP('',(#2454));
#5466=EDGE_LOOP('',(#2455));
#5467=EDGE_LOOP('',(#2456));
#5468=EDGE_LOOP('',(#2457));
#5469=EDGE_LOOP('',(#2458));
#5470=EDGE_LOOP('',(#2459));
#5471=EDGE_LOOP('',(#2460));
#5472=EDGE_LOOP('',(#2461));
#5473=EDGE_LOOP('',(#2462));
#5474=EDGE_LOOP('',(#2463));
#5475=EDGE_LOOP('',(#2464,#2465,#2466,#2467));
#5476=EDGE_LOOP('',(#2468,#2469,#2470,#2471));
#5477=EDGE_LOOP('',(#2472));
#5478=EDGE_LOOP('',(#2473));
#5479=EDGE_LOOP('',(#2474));
#5480=EDGE_LOOP('',(#2475));
#5481=EDGE_LOOP('',(#2476));
#5482=EDGE_LOOP('',(#2477));
#5483=EDGE_LOOP('',(#2478));
#5484=EDGE_LOOP('',(#2479));
#5485=EDGE_LOOP('',(#2480));
#5486=EDGE_LOOP('',(#2481));
#5487=EDGE_LOOP('',(#2482));
#5488=EDGE_LOOP('',(#2483));
#5489=EDGE_LOOP('',(#2484));
#5490=EDGE_LOOP('',(#2485));
#5491=EDGE_LOOP('',(#2486,#2487,#2488,#2489));
#5492=EDGE_LOOP('',(#2490,#2491,#2492,#2493));
#5493=EDGE_LOOP('',(#2494));
#5494=EDGE_LOOP('',(#2495));
#5495=EDGE_LOOP('',(#2496));
#5496=EDGE_LOOP('',(#2497));
#5497=EDGE_LOOP('',(#2498,#2499,#2500,#2501));
#5498=EDGE_LOOP('',(#2502,#2503,#2504,#2505));
#5499=EDGE_LOOP('',(#2506,#2507,#2508,#2509));
#5500=EDGE_LOOP('',(#2510,#2511,#2512,#2513));
#5501=EDGE_LOOP('',(#2514,#2515,#2516,#2517,#2518,#2519,#2520,#2521,#2522,
#2523,#2524,#2525,#2526,#2527,#2528,#2529,#2530,#2531,#2532,#2533,#2534,
#2535));
#5502=EDGE_LOOP('',(#2536));
#5503=EDGE_LOOP('',(#2537));
#5504=EDGE_LOOP('',(#2538));
#5505=EDGE_LOOP('',(#2539));
#5506=EDGE_LOOP('',(#2540));
#5507=EDGE_LOOP('',(#2541));
#5508=EDGE_LOOP('',(#2542));
#5509=EDGE_LOOP('',(#2543));
#5510=EDGE_LOOP('',(#2544));
#5511=EDGE_LOOP('',(#2545));
#5512=EDGE_LOOP('',(#2546,#2547,#2548,#2549));
#5513=EDGE_LOOP('',(#2550,#2551,#2552,#2553));
#5514=EDGE_LOOP('',(#2554,#2555,#2556,#2557,#2558,#2559,#2560,#2561,#2562,
#2563,#2564,#2565,#2566,#2567,#2568,#2569,#2570,#2571,#2572,#2573,#2574,
#2575));
#5515=EDGE_LOOP('',(#2576,#2577,#2578,#2579));
#5516=EDGE_LOOP('',(#2580,#2581,#2582,#2583));
#5517=EDGE_LOOP('',(#2584,#2585,#2586,#2587));
#5518=EDGE_LOOP('',(#2588,#2589,#2590,#2591));
#5519=EDGE_LOOP('',(#2592,#2593,#2594,#2595));
#5520=EDGE_LOOP('',(#2596,#2597,#2598,#2599,#2600,#2601));
#5521=EDGE_LOOP('',(#2602,#2603,#2604,#2605,#2606,#2607));
#5522=EDGE_LOOP('',(#2608,#2609,#2610,#2611,#2612,#2613,#2614,#2615));
#5523=EDGE_LOOP('',(#2616,#2617,#2618,#2619,#2620,#2621,#2622,#2623));
#5524=EDGE_LOOP('',(#2624,#2625,#2626,#2627));
#5525=EDGE_LOOP('',(#2628,#2629,#2630,#2631));
#5526=EDGE_LOOP('',(#2632,#2633,#2634,#2635,#2636,#2637));
#5527=EDGE_LOOP('',(#2638,#2639,#2640,#2641));
#5528=EDGE_LOOP('',(#2642,#2643,#2644,#2645,#2646,#2647));
#5529=EDGE_LOOP('',(#2648,#2649,#2650,#2651));
#5530=EDGE_LOOP('',(#2652,#2653,#2654,#2655));
#5531=EDGE_LOOP('',(#2656,#2657,#2658,#2659));
#5532=EDGE_LOOP('',(#2660,#2661,#2662,#2663));
#5533=EDGE_LOOP('',(#2664,#2665,#2666,#2667));
#5534=EDGE_LOOP('',(#2668,#2669,#2670,#2671,#2672,#2673));
#5535=EDGE_LOOP('',(#2674,#2675,#2676,#2677,#2678,#2679));
#5536=EDGE_LOOP('',(#2680,#2681,#2682,#2683,#2684,#2685));
#5537=EDGE_LOOP('',(#2686,#2687,#2688,#2689,#2690,#2691));
#5538=EDGE_LOOP('',(#2692,#2693,#2694,#2695,#2696,#2697));
#5539=EDGE_LOOP('',(#2698,#2699,#2700,#2701,#2702,#2703));
#5540=EDGE_LOOP('',(#2704,#2705,#2706,#2707));
#5541=EDGE_LOOP('',(#2708,#2709,#2710,#2711));
#5542=EDGE_LOOP('',(#2712,#2713,#2714,#2715));
#5543=EDGE_LOOP('',(#2716,#2717,#2718,#2719));
#5544=EDGE_LOOP('',(#2720,#2721,#2722,#2723));
#5545=EDGE_LOOP('',(#2724,#2725,#2726,#2727));
#5546=EDGE_LOOP('',(#2728,#2729,#2730,#2731));
#5547=EDGE_LOOP('',(#2732,#2733,#2734,#2735));
#5548=EDGE_LOOP('',(#2736,#2737,#2738,#2739));
#5549=EDGE_LOOP('',(#2740,#2741,#2742,#2743));
#5550=EDGE_LOOP('',(#2744,#2745,#2746,#2747));
#5551=EDGE_LOOP('',(#2748,#2749,#2750,#2751));
#5552=EDGE_LOOP('',(#2752,#2753,#2754,#2755));
#5553=EDGE_LOOP('',(#2756,#2757,#2758,#2759));
#5554=EDGE_LOOP('',(#2760,#2761,#2762,#2763));
#5555=EDGE_LOOP('',(#2764,#2765,#2766,#2767));
#5556=EDGE_LOOP('',(#2768,#2769,#2770,#2771));
#5557=EDGE_LOOP('',(#2772,#2773,#2774,#2775));
#5558=EDGE_LOOP('',(#2776,#2777,#2778,#2779));
#5559=EDGE_LOOP('',(#2780,#2781,#2782,#2783));
#5560=EDGE_LOOP('',(#2784,#2785,#2786,#2787));
#5561=EDGE_LOOP('',(#2788,#2789,#2790,#2791));
#5562=EDGE_LOOP('',(#2792,#2793,#2794,#2795));
#5563=EDGE_LOOP('',(#2796,#2797,#2798,#2799));
#5564=EDGE_LOOP('',(#2800,#2801,#2802,#2803));
#5565=EDGE_LOOP('',(#2804,#2805,#2806,#2807));
#5566=EDGE_LOOP('',(#2808,#2809,#2810,#2811));
#5567=EDGE_LOOP('',(#2812,#2813,#2814,#2815));
#5568=EDGE_LOOP('',(#2816,#2817,#2818,#2819));
#5569=EDGE_LOOP('',(#2820,#2821,#2822,#2823));
#5570=EDGE_LOOP('',(#2824,#2825,#2826,#2827));
#5571=EDGE_LOOP('',(#2828,#2829,#2830,#2831));
#5572=EDGE_LOOP('',(#2832,#2833,#2834,#2835));
#5573=EDGE_LOOP('',(#2836,#2837,#2838,#2839));
#5574=EDGE_LOOP('',(#2840,#2841,#2842,#2843));
#5575=EDGE_LOOP('',(#2844));
#5576=EDGE_LOOP('',(#2845));
#5577=EDGE_LOOP('',(#2846));
#5578=EDGE_LOOP('',(#2847));
#5579=EDGE_LOOP('',(#2848));
#5580=EDGE_LOOP('',(#2849));
#5581=EDGE_LOOP('',(#2850));
#5582=EDGE_LOOP('',(#2851));
#5583=EDGE_LOOP('',(#2852));
#5584=EDGE_LOOP('',(#2853));
#5585=EDGE_LOOP('',(#2854));
#5586=EDGE_LOOP('',(#2855));
#5587=EDGE_LOOP('',(#2856));
#5588=EDGE_LOOP('',(#2857));
#5589=EDGE_LOOP('',(#2858));
#5590=EDGE_LOOP('',(#2859));
#5591=EDGE_LOOP('',(#2860));
#5592=EDGE_LOOP('',(#2861));
#5593=EDGE_LOOP('',(#2862));
#5594=EDGE_LOOP('',(#2863));
#5595=EDGE_LOOP('',(#2864));
#5596=EDGE_LOOP('',(#2865));
#5597=EDGE_LOOP('',(#2866));
#5598=EDGE_LOOP('',(#2867));
#5599=EDGE_LOOP('',(#2868));
#5600=EDGE_LOOP('',(#2869));
#5601=EDGE_LOOP('',(#2870));
#5602=EDGE_LOOP('',(#2871));
#5603=EDGE_LOOP('',(#2872));
#5604=EDGE_LOOP('',(#2873));
#5605=EDGE_LOOP('',(#2874));
#5606=EDGE_LOOP('',(#2875));
#5607=EDGE_LOOP('',(#2876));
#5608=EDGE_LOOP('',(#2877));
#5609=EDGE_LOOP('',(#2878));
#5610=EDGE_LOOP('',(#2879));
#5611=EDGE_LOOP('',(#2880,#2881,#2882,#2883));
#5612=EDGE_LOOP('',(#2884,#2885,#2886,#2887));
#5613=EDGE_LOOP('',(#2888,#2889,#2890,#2891));
#5614=EDGE_LOOP('',(#2892,#2893,#2894,#2895));
#5615=EDGE_LOOP('',(#2896,#2897,#2898,#2899));
#5616=EDGE_LOOP('',(#2900,#2901,#2902,#2903));
#5617=EDGE_LOOP('',(#2904,#2905,#2906,#2907));
#5618=EDGE_LOOP('',(#2908,#2909,#2910,#2911));
#5619=EDGE_LOOP('',(#2912));
#5620=EDGE_LOOP('',(#2913));
#5621=EDGE_LOOP('',(#2914));
#5622=EDGE_LOOP('',(#2915,#2916,#2917,#2918,#2919,#2920,#2921,#2922));
#5623=EDGE_LOOP('',(#2923,#2924,#2925,#2926,#2927,#2928,#2929,#2930,#2931,
#2932));
#5624=EDGE_LOOP('',(#2933,#2934,#2935,#2936));
#5625=EDGE_LOOP('',(#2937,#2938,#2939,#2940,#2941,#2942,#2943,#2944,#2945,
#2946));
#5626=EDGE_LOOP('',(#2947,#2948,#2949,#2950));
#5627=EDGE_LOOP('',(#2951,#2952,#2953,#2954,#2955,#2956,#2957,#2958));
#5628=EDGE_LOOP('',(#2959));
#5629=EDGE_LOOP('',(#2960));
#5630=EDGE_LOOP('',(#2961));
#5631=EDGE_LOOP('',(#2962,#2963,#2964,#2965));
#5632=EDGE_LOOP('',(#2966,#2967,#2968,#2969));
#5633=EDGE_LOOP('',(#2970));
#5634=EDGE_LOOP('',(#2971));
#5635=EDGE_LOOP('',(#2972));
#5636=EDGE_LOOP('',(#2973));
#5637=EDGE_LOOP('',(#2974));
#5638=EDGE_LOOP('',(#2975));
#5639=EDGE_LOOP('',(#2976));
#5640=EDGE_LOOP('',(#2977));
#5641=EDGE_LOOP('',(#2978));
#5642=EDGE_LOOP('',(#2979));
#5643=EDGE_LOOP('',(#2980,#2981,#2982,#2983));
#5644=EDGE_LOOP('',(#2984));
#5645=EDGE_LOOP('',(#2985));
#5646=EDGE_LOOP('',(#2986));
#5647=EDGE_LOOP('',(#2987));
#5648=EDGE_LOOP('',(#2988));
#5649=EDGE_LOOP('',(#2989));
#5650=EDGE_LOOP('',(#2990));
#5651=EDGE_LOOP('',(#2991));
#5652=EDGE_LOOP('',(#2992));
#5653=EDGE_LOOP('',(#2993));
#5654=EDGE_LOOP('',(#2994));
#5655=EDGE_LOOP('',(#2995));
#5656=EDGE_LOOP('',(#2996));
#5657=EDGE_LOOP('',(#2997));
#5658=EDGE_LOOP('',(#2998));
#5659=EDGE_LOOP('',(#2999));
#5660=EDGE_LOOP('',(#3000));
#5661=EDGE_LOOP('',(#3001));
#5662=EDGE_LOOP('',(#3002));
#5663=EDGE_LOOP('',(#3003));
#5664=EDGE_LOOP('',(#3004,#3005,#3006,#3007,#3008,#3009,#3010,#3011));
#5665=EDGE_LOOP('',(#3012,#3013,#3014,#3015,#3016));
#5666=EDGE_LOOP('',(#3017,#3018,#3019,#3020));
#5667=EDGE_LOOP('',(#3021,#3022,#3023,#3024,#3025));
#5668=EDGE_LOOP('',(#3026,#3027,#3028,#3029,#3030));
#5669=EDGE_LOOP('',(#3031,#3032,#3033,#3034,#3035,#3036,#3037,#3038));
#5670=EDGE_LOOP('',(#3039,#3040,#3041,#3042,#3043));
#5671=EDGE_LOOP('',(#3044,#3045,#3046,#3047));
#5672=EDGE_LOOP('',(#3048));
#5673=EDGE_LOOP('',(#3049));
#5674=EDGE_LOOP('',(#3050));
#5675=EDGE_LOOP('',(#3051));
#5676=EDGE_LOOP('',(#3052,#3053,#3054,#3055));
#5677=EDGE_LOOP('',(#3056,#3057,#3058,#3059));
#5678=EDGE_LOOP('',(#3060,#3061,#3062,#3063));
#5679=EDGE_LOOP('',(#3064,#3065,#3066,#3067));
#5680=EDGE_LOOP('',(#3068,#3069,#3070,#3071));
#5681=EDGE_LOOP('',(#3072));
#5682=EDGE_LOOP('',(#3073));
#5683=EDGE_LOOP('',(#3074));
#5684=EDGE_LOOP('',(#3075));
#5685=EDGE_LOOP('',(#3076));
#5686=EDGE_LOOP('',(#3077));
#5687=EDGE_LOOP('',(#3078));
#5688=EDGE_LOOP('',(#3079));
#5689=EDGE_LOOP('',(#3080));
#5690=EDGE_LOOP('',(#3081));
#5691=EDGE_LOOP('',(#3082,#3083,#3084,#3085));
#5692=EDGE_LOOP('',(#3086,#3087,#3088,#3089));
#5693=EDGE_LOOP('',(#3090,#3091,#3092,#3093));
#5694=EDGE_LOOP('',(#3094));
#5695=EDGE_LOOP('',(#3095));
#5696=EDGE_LOOP('',(#3096));
#5697=EDGE_LOOP('',(#3097));
#5698=EDGE_LOOP('',(#3098));
#5699=EDGE_LOOP('',(#3099));
#5700=EDGE_LOOP('',(#3100,#3101,#3102,#3103));
#5701=EDGE_LOOP('',(#3104,#3105,#3106,#3107));
#5702=EDGE_LOOP('',(#3108,#3109,#3110,#3111));
#5703=EDGE_LOOP('',(#3112,#3113,#3114,#3115,#3116,#3117,#3118,#3119));
#5704=EDGE_LOOP('',(#3120,#3121,#3122,#3123,#3124,#3125,#3126,#3127));
#5705=EDGE_LOOP('',(#3128,#3129,#3130,#3131));
#5706=EDGE_LOOP('',(#3132,#3133,#3134,#3135));
#5707=EDGE_LOOP('',(#3136,#3137,#3138,#3139));
#5708=EDGE_LOOP('',(#3140,#3141,#3142,#3143,#3144,#3145,#3146,#3147));
#5709=EDGE_LOOP('',(#3148,#3149,#3150,#3151,#3152,#3153,#3154,#3155));
#5710=EDGE_LOOP('',(#3156,#3157,#3158,#3159));
#5711=EDGE_LOOP('',(#3160,#3161,#3162,#3163));
#5712=EDGE_LOOP('',(#3164,#3165,#3166,#3167));
#5713=EDGE_LOOP('',(#3168,#3169,#3170,#3171,#3172,#3173,#3174,#3175));
#5714=EDGE_LOOP('',(#3176,#3177,#3178,#3179,#3180,#3181,#3182,#3183));
#5715=EDGE_LOOP('',(#3184,#3185,#3186,#3187));
#5716=EDGE_LOOP('',(#3188,#3189,#3190,#3191));
#5717=EDGE_LOOP('',(#3192,#3193,#3194,#3195));
#5718=EDGE_LOOP('',(#3196,#3197,#3198,#3199));
#5719=EDGE_LOOP('',(#3200,#3201,#3202,#3203));
#5720=EDGE_LOOP('',(#3204,#3205,#3206,#3207));
#5721=EDGE_LOOP('',(#3208,#3209,#3210,#3211));
#5722=EDGE_LOOP('',(#3212,#3213,#3214,#3215));
#5723=EDGE_LOOP('',(#3216,#3217,#3218,#3219));
#5724=EDGE_LOOP('',(#3220,#3221,#3222,#3223));
#5725=EDGE_LOOP('',(#3224,#3225,#3226,#3227));
#5726=EDGE_LOOP('',(#3228,#3229,#3230,#3231));
#5727=EDGE_LOOP('',(#3232,#3233,#3234,#3235));
#5728=EDGE_LOOP('',(#3236,#3237,#3238,#3239));
#5729=EDGE_LOOP('',(#3240,#3241,#3242,#3243));
#5730=EDGE_LOOP('',(#3244,#3245,#3246,#3247));
#5731=EDGE_LOOP('',(#3248,#3249,#3250,#3251));
#5732=EDGE_LOOP('',(#3252,#3253,#3254,#3255));
#5733=EDGE_LOOP('',(#3256,#3257,#3258,#3259));
#5734=EDGE_LOOP('',(#3260,#3261,#3262));
#5735=EDGE_LOOP('',(#3263,#3264,#3265));
#5736=EDGE_LOOP('',(#3266,#3267,#3268,#3269));
#5737=EDGE_LOOP('',(#3270,#3271,#3272,#3273));
#5738=EDGE_LOOP('',(#3274,#3275,#3276,#3277));
#5739=EDGE_LOOP('',(#3278,#3279,#3280,#3281));
#5740=EDGE_LOOP('',(#3282,#3283,#3284,#3285));
#5741=EDGE_LOOP('',(#3286,#3287,#3288,#3289));
#5742=EDGE_LOOP('',(#3290,#3291,#3292));
#5743=EDGE_LOOP('',(#3293,#3294,#3295));
#5744=EDGE_LOOP('',(#3296,#3297,#3298));
#5745=EDGE_LOOP('',(#3299,#3300,#3301));
#5746=EDGE_LOOP('',(#3302,#3303,#3304,#3305));
#5747=EDGE_LOOP('',(#3306,#3307,#3308,#3309));
#5748=EDGE_LOOP('',(#3310,#3311,#3312,#3313));
#5749=EDGE_LOOP('',(#3314,#3315,#3316,#3317));
#5750=EDGE_LOOP('',(#3318,#3319,#3320));
#5751=EDGE_LOOP('',(#3321,#3322,#3323));
#5752=EDGE_LOOP('',(#3324,#3325,#3326,#3327));
#5753=EDGE_LOOP('',(#3328));
#5754=EDGE_LOOP('',(#3329));
#5755=EDGE_LOOP('',(#3330));
#5756=EDGE_LOOP('',(#3331));
#5757=EDGE_LOOP('',(#3332));
#5758=EDGE_LOOP('',(#3333));
#5759=EDGE_LOOP('',(#3334));
#5760=EDGE_LOOP('',(#3335));
#5761=EDGE_LOOP('',(#3336,#3337,#3338,#3339));
#5762=EDGE_LOOP('',(#3340,#3341,#3342,#3343));
#5763=EDGE_LOOP('',(#3344,#3345,#3346,#3347));
#5764=EDGE_LOOP('',(#3348,#3349,#3350,#3351));
#5765=EDGE_LOOP('',(#3352,#3353,#3354,#3355));
#5766=EDGE_LOOP('',(#3356,#3357,#3358,#3359));
#5767=EDGE_LOOP('',(#3360,#3361,#3362,#3363,#3364));
#5768=EDGE_LOOP('',(#3365,#3366,#3367,#3368,#3369,#3370));
#5769=EDGE_LOOP('',(#3371,#3372,#3373,#3374,#3375,#3376));
#5770=EDGE_LOOP('',(#3377,#3378,#3379,#3380));
#5771=EDGE_LOOP('',(#3381,#3382,#3383,#3384,#3385,#3386));
#5772=EDGE_LOOP('',(#3387,#3388,#3389,#3390,#3391,#3392));
#5773=EDGE_LOOP('',(#3393));
#5774=EDGE_LOOP('',(#3394));
#5775=EDGE_LOOP('',(#3395));
#5776=EDGE_LOOP('',(#3396));
#5777=EDGE_LOOP('',(#3397));
#5778=EDGE_LOOP('',(#3398));
#5779=EDGE_LOOP('',(#3399));
#5780=EDGE_LOOP('',(#3400,#3401,#3402,#3403));
#5781=EDGE_LOOP('',(#3404,#3405,#3406,#3407));
#5782=EDGE_LOOP('',(#3408,#3409,#3410,#3411));
#5783=FACE_BOUND('',#5138,.T.);
#5784=FACE_BOUND('',#5139,.T.);
#5785=FACE_BOUND('',#5140,.T.);
#5786=FACE_BOUND('',#5141,.T.);
#5787=FACE_BOUND('',#5142,.T.);
#5788=FACE_BOUND('',#5143,.T.);
#5789=FACE_BOUND('',#5144,.T.);
#5790=FACE_BOUND('',#5145,.T.);
#5791=FACE_BOUND('',#5146,.T.);
#5792=FACE_BOUND('',#5147,.T.);
#5793=FACE_BOUND('',#5148,.T.);
#5794=FACE_BOUND('',#5149,.T.);
#5795=FACE_BOUND('',#5150,.T.);
#5796=FACE_BOUND('',#5151,.T.);
#5797=FACE_BOUND('',#5152,.T.);
#5798=FACE_BOUND('',#5153,.T.);
#5799=FACE_BOUND('',#5154,.T.);
#5800=FACE_BOUND('',#5155,.T.);
#5801=FACE_BOUND('',#5156,.T.);
#5802=FACE_BOUND('',#5157,.T.);
#5803=FACE_BOUND('',#5158,.T.);
#5804=FACE_BOUND('',#5159,.T.);
#5805=FACE_BOUND('',#5160,.T.);
#5806=FACE_BOUND('',#5161,.T.);
#5807=FACE_BOUND('',#5162,.T.);
#5808=FACE_BOUND('',#5163,.T.);
#5809=FACE_BOUND('',#5164,.T.);
#5810=FACE_BOUND('',#5165,.T.);
#5811=FACE_BOUND('',#5166,.T.);
#5812=FACE_BOUND('',#5167,.T.);
#5813=FACE_BOUND('',#5168,.T.);
#5814=FACE_BOUND('',#5169,.T.);
#5815=FACE_BOUND('',#5170,.T.);
#5816=FACE_BOUND('',#5171,.T.);
#5817=FACE_BOUND('',#5172,.T.);
#5818=FACE_BOUND('',#5173,.T.);
#5819=FACE_BOUND('',#5174,.T.);
#5820=FACE_BOUND('',#5175,.T.);
#5821=FACE_BOUND('',#5176,.T.);
#5822=FACE_BOUND('',#5177,.T.);
#5823=FACE_BOUND('',#5178,.T.);
#5824=FACE_BOUND('',#5179,.T.);
#5825=FACE_BOUND('',#5180,.T.);
#5826=FACE_BOUND('',#5181,.T.);
#5827=FACE_BOUND('',#5182,.T.);
#5828=FACE_BOUND('',#5183,.T.);
#5829=FACE_BOUND('',#5184,.T.);
#5830=FACE_BOUND('',#5185,.T.);
#5831=FACE_BOUND('',#5186,.T.);
#5832=FACE_BOUND('',#5187,.T.);
#5833=FACE_BOUND('',#5188,.T.);
#5834=FACE_BOUND('',#5189,.T.);
#5835=FACE_BOUND('',#5190,.T.);
#5836=FACE_BOUND('',#5191,.T.);
#5837=FACE_BOUND('',#5192,.T.);
#5838=FACE_BOUND('',#5193,.T.);
#5839=FACE_BOUND('',#5194,.T.);
#5840=FACE_BOUND('',#5195,.T.);
#5841=FACE_BOUND('',#5196,.T.);
#5842=FACE_BOUND('',#5197,.T.);
#5843=FACE_BOUND('',#5198,.T.);
#5844=FACE_BOUND('',#5199,.T.);
#5845=FACE_BOUND('',#5200,.T.);
#5846=FACE_BOUND('',#5201,.T.);
#5847=FACE_BOUND('',#5202,.T.);
#5848=FACE_BOUND('',#5203,.T.);
#5849=FACE_BOUND('',#5204,.T.);
#5850=FACE_BOUND('',#5205,.T.);
#5851=FACE_BOUND('',#5206,.T.);
#5852=FACE_BOUND('',#5207,.T.);
#5853=FACE_BOUND('',#5208,.T.);
#5854=FACE_BOUND('',#5209,.T.);
#5855=FACE_BOUND('',#5210,.T.);
#5856=FACE_BOUND('',#5211,.T.);
#5857=FACE_BOUND('',#5212,.T.);
#5858=FACE_BOUND('',#5213,.T.);
#5859=FACE_BOUND('',#5214,.T.);
#5860=FACE_BOUND('',#5215,.T.);
#5861=FACE_BOUND('',#5216,.T.);
#5862=FACE_BOUND('',#5217,.T.);
#5863=FACE_BOUND('',#5218,.T.);
#5864=FACE_BOUND('',#5219,.T.);
#5865=FACE_BOUND('',#5220,.T.);
#5866=FACE_BOUND('',#5221,.T.);
#5867=FACE_BOUND('',#5222,.T.);
#5868=FACE_BOUND('',#5223,.T.);
#5869=FACE_BOUND('',#5224,.T.);
#5870=FACE_BOUND('',#5225,.T.);
#5871=FACE_BOUND('',#5226,.T.);
#5872=FACE_BOUND('',#5227,.T.);
#5873=FACE_BOUND('',#5228,.T.);
#5874=FACE_BOUND('',#5229,.T.);
#5875=FACE_BOUND('',#5230,.T.);
#5876=FACE_BOUND('',#5231,.T.);
#5877=FACE_BOUND('',#5232,.T.);
#5878=FACE_BOUND('',#5233,.T.);
#5879=FACE_BOUND('',#5234,.T.);
#5880=FACE_BOUND('',#5235,.T.);
#5881=FACE_BOUND('',#5236,.T.);
#5882=FACE_BOUND('',#5237,.T.);
#5883=FACE_BOUND('',#5238,.T.);
#5884=FACE_BOUND('',#5239,.T.);
#5885=FACE_BOUND('',#5240,.T.);
#5886=FACE_BOUND('',#5241,.T.);
#5887=FACE_BOUND('',#5242,.T.);
#5888=FACE_BOUND('',#5243,.T.);
#5889=FACE_BOUND('',#5244,.T.);
#5890=FACE_BOUND('',#5245,.T.);
#5891=FACE_BOUND('',#5246,.T.);
#5892=FACE_BOUND('',#5247,.T.);
#5893=FACE_BOUND('',#5248,.T.);
#5894=FACE_BOUND('',#5249,.T.);
#5895=FACE_BOUND('',#5250,.T.);
#5896=FACE_BOUND('',#5251,.T.);
#5897=FACE_BOUND('',#5252,.T.);
#5898=FACE_BOUND('',#5253,.T.);
#5899=FACE_BOUND('',#5254,.T.);
#5900=FACE_BOUND('',#5255,.T.);
#5901=FACE_BOUND('',#5256,.T.);
#5902=FACE_BOUND('',#5257,.T.);
#5903=FACE_BOUND('',#5258,.T.);
#5904=FACE_BOUND('',#5259,.T.);
#5905=FACE_BOUND('',#5260,.T.);
#5906=FACE_BOUND('',#5261,.T.);
#5907=FACE_BOUND('',#5262,.T.);
#5908=FACE_BOUND('',#5263,.T.);
#5909=FACE_BOUND('',#5264,.T.);
#5910=FACE_BOUND('',#5265,.T.);
#5911=FACE_BOUND('',#5266,.T.);
#5912=FACE_BOUND('',#5267,.T.);
#5913=FACE_BOUND('',#5268,.T.);
#5914=FACE_BOUND('',#5269,.T.);
#5915=FACE_BOUND('',#5270,.T.);
#5916=FACE_BOUND('',#5271,.T.);
#5917=FACE_BOUND('',#5272,.T.);
#5918=FACE_BOUND('',#5273,.T.);
#5919=FACE_BOUND('',#5274,.T.);
#5920=FACE_BOUND('',#5275,.T.);
#5921=FACE_BOUND('',#5276,.T.);
#5922=FACE_BOUND('',#5277,.T.);
#5923=FACE_BOUND('',#5278,.T.);
#5924=FACE_BOUND('',#5279,.T.);
#5925=FACE_BOUND('',#5280,.T.);
#5926=FACE_BOUND('',#5281,.T.);
#5927=FACE_BOUND('',#5282,.T.);
#5928=FACE_BOUND('',#5283,.T.);
#5929=FACE_BOUND('',#5284,.T.);
#5930=FACE_BOUND('',#5285,.T.);
#5931=FACE_BOUND('',#5286,.T.);
#5932=FACE_BOUND('',#5287,.T.);
#5933=FACE_BOUND('',#5288,.T.);
#5934=FACE_BOUND('',#5289,.T.);
#5935=FACE_BOUND('',#5290,.T.);
#5936=FACE_BOUND('',#5291,.T.);
#5937=FACE_BOUND('',#5292,.T.);
#5938=FACE_BOUND('',#5293,.T.);
#5939=FACE_BOUND('',#5294,.T.);
#5940=FACE_BOUND('',#5295,.T.);
#5941=FACE_BOUND('',#5296,.T.);
#5942=FACE_BOUND('',#5297,.T.);
#5943=FACE_BOUND('',#5298,.T.);
#5944=FACE_BOUND('',#5299,.T.);
#5945=FACE_BOUND('',#5300,.T.);
#5946=FACE_BOUND('',#5301,.T.);
#5947=FACE_BOUND('',#5302,.T.);
#5948=FACE_BOUND('',#5303,.T.);
#5949=FACE_BOUND('',#5304,.T.);
#5950=FACE_BOUND('',#5305,.T.);
#5951=FACE_BOUND('',#5306,.T.);
#5952=FACE_BOUND('',#5307,.T.);
#5953=FACE_BOUND('',#5308,.T.);
#5954=FACE_BOUND('',#5309,.T.);
#5955=FACE_BOUND('',#5310,.T.);
#5956=FACE_BOUND('',#5311,.T.);
#5957=FACE_BOUND('',#5312,.T.);
#5958=FACE_BOUND('',#5313,.T.);
#5959=FACE_BOUND('',#5314,.T.);
#5960=FACE_BOUND('',#5315,.T.);
#5961=FACE_BOUND('',#5316,.T.);
#5962=FACE_BOUND('',#5317,.T.);
#5963=FACE_BOUND('',#5318,.T.);
#5964=FACE_BOUND('',#5319,.T.);
#5965=FACE_BOUND('',#5320,.T.);
#5966=FACE_BOUND('',#5321,.T.);
#5967=FACE_BOUND('',#5322,.T.);
#5968=FACE_BOUND('',#5323,.T.);
#5969=FACE_BOUND('',#5324,.T.);
#5970=FACE_BOUND('',#5325,.T.);
#5971=FACE_BOUND('',#5326,.T.);
#5972=FACE_BOUND('',#5327,.T.);
#5973=FACE_BOUND('',#5328,.T.);
#5974=FACE_BOUND('',#5329,.T.);
#5975=FACE_BOUND('',#5330,.T.);
#5976=FACE_BOUND('',#5331,.T.);
#5977=FACE_BOUND('',#5332,.T.);
#5978=FACE_BOUND('',#5333,.T.);
#5979=FACE_BOUND('',#5334,.T.);
#5980=FACE_BOUND('',#5335,.T.);
#5981=FACE_BOUND('',#5336,.T.);
#5982=FACE_BOUND('',#5337,.T.);
#5983=FACE_BOUND('',#5338,.T.);
#5984=FACE_BOUND('',#5339,.T.);
#5985=FACE_BOUND('',#5340,.T.);
#5986=FACE_BOUND('',#5341,.T.);
#5987=FACE_BOUND('',#5342,.T.);
#5988=FACE_BOUND('',#5343,.T.);
#5989=FACE_BOUND('',#5344,.T.);
#5990=FACE_BOUND('',#5345,.T.);
#5991=FACE_BOUND('',#5346,.T.);
#5992=FACE_BOUND('',#5347,.T.);
#5993=FACE_BOUND('',#5348,.T.);
#5994=FACE_BOUND('',#5349,.T.);
#5995=FACE_BOUND('',#5350,.T.);
#5996=FACE_BOUND('',#5351,.T.);
#5997=FACE_BOUND('',#5352,.T.);
#5998=FACE_BOUND('',#5353,.T.);
#5999=FACE_BOUND('',#5354,.T.);
#6000=FACE_BOUND('',#5355,.T.);
#6001=FACE_BOUND('',#5356,.T.);
#6002=FACE_BOUND('',#5357,.T.);
#6003=FACE_BOUND('',#5358,.T.);
#6004=FACE_BOUND('',#5359,.T.);
#6005=FACE_BOUND('',#5360,.T.);
#6006=FACE_BOUND('',#5361,.T.);
#6007=FACE_BOUND('',#5362,.T.);
#6008=FACE_BOUND('',#5363,.T.);
#6009=FACE_BOUND('',#5364,.T.);
#6010=FACE_BOUND('',#5365,.T.);
#6011=FACE_BOUND('',#5366,.T.);
#6012=FACE_BOUND('',#5367,.T.);
#6013=FACE_BOUND('',#5368,.T.);
#6014=FACE_BOUND('',#5369,.T.);
#6015=FACE_BOUND('',#5370,.T.);
#6016=FACE_BOUND('',#5371,.T.);
#6017=FACE_BOUND('',#5372,.T.);
#6018=FACE_BOUND('',#5373,.T.);
#6019=FACE_BOUND('',#5374,.T.);
#6020=FACE_BOUND('',#5375,.T.);
#6021=FACE_BOUND('',#5376,.T.);
#6022=FACE_BOUND('',#5377,.T.);
#6023=FACE_BOUND('',#5378,.T.);
#6024=FACE_BOUND('',#5379,.T.);
#6025=FACE_BOUND('',#5380,.T.);
#6026=FACE_BOUND('',#5381,.T.);
#6027=FACE_BOUND('',#5382,.T.);
#6028=FACE_BOUND('',#5383,.T.);
#6029=FACE_BOUND('',#5384,.T.);
#6030=FACE_BOUND('',#5385,.T.);
#6031=FACE_BOUND('',#5386,.T.);
#6032=FACE_BOUND('',#5387,.T.);
#6033=FACE_BOUND('',#5388,.T.);
#6034=FACE_BOUND('',#5389,.T.);
#6035=FACE_BOUND('',#5390,.T.);
#6036=FACE_BOUND('',#5391,.T.);
#6037=FACE_BOUND('',#5392,.T.);
#6038=FACE_BOUND('',#5393,.T.);
#6039=FACE_BOUND('',#5394,.T.);
#6040=FACE_BOUND('',#5395,.T.);
#6041=FACE_BOUND('',#5396,.T.);
#6042=FACE_BOUND('',#5397,.T.);
#6043=FACE_BOUND('',#5398,.T.);
#6044=FACE_BOUND('',#5399,.T.);
#6045=FACE_BOUND('',#5400,.T.);
#6046=FACE_BOUND('',#5401,.T.);
#6047=FACE_BOUND('',#5402,.T.);
#6048=FACE_BOUND('',#5403,.T.);
#6049=FACE_BOUND('',#5404,.T.);
#6050=FACE_BOUND('',#5405,.T.);
#6051=FACE_BOUND('',#5406,.T.);
#6052=FACE_BOUND('',#5407,.T.);
#6053=FACE_BOUND('',#5408,.T.);
#6054=FACE_BOUND('',#5409,.T.);
#6055=FACE_BOUND('',#5410,.T.);
#6056=FACE_BOUND('',#5411,.T.);
#6057=FACE_BOUND('',#5412,.T.);
#6058=FACE_BOUND('',#5413,.T.);
#6059=FACE_BOUND('',#5414,.T.);
#6060=FACE_BOUND('',#5415,.T.);
#6061=FACE_BOUND('',#5416,.T.);
#6062=FACE_BOUND('',#5417,.T.);
#6063=FACE_BOUND('',#5418,.T.);
#6064=FACE_BOUND('',#5419,.T.);
#6065=FACE_BOUND('',#5420,.T.);
#6066=FACE_BOUND('',#5421,.T.);
#6067=FACE_BOUND('',#5422,.T.);
#6068=FACE_BOUND('',#5423,.T.);
#6069=FACE_BOUND('',#5424,.T.);
#6070=FACE_BOUND('',#5425,.T.);
#6071=FACE_BOUND('',#5426,.T.);
#6072=FACE_BOUND('',#5427,.T.);
#6073=FACE_BOUND('',#5428,.T.);
#6074=FACE_BOUND('',#5429,.T.);
#6075=FACE_BOUND('',#5430,.T.);
#6076=FACE_BOUND('',#5431,.T.);
#6077=FACE_BOUND('',#5432,.T.);
#6078=FACE_BOUND('',#5433,.T.);
#6079=FACE_BOUND('',#5434,.T.);
#6080=FACE_BOUND('',#5435,.T.);
#6081=FACE_BOUND('',#5436,.T.);
#6082=FACE_BOUND('',#5437,.T.);
#6083=FACE_BOUND('',#5438,.T.);
#6084=FACE_BOUND('',#5439,.T.);
#6085=FACE_BOUND('',#5440,.T.);
#6086=FACE_BOUND('',#5441,.T.);
#6087=FACE_BOUND('',#5442,.T.);
#6088=FACE_BOUND('',#5443,.T.);
#6089=FACE_BOUND('',#5444,.T.);
#6090=FACE_BOUND('',#5445,.T.);
#6091=FACE_BOUND('',#5446,.T.);
#6092=FACE_BOUND('',#5447,.T.);
#6093=FACE_BOUND('',#5448,.T.);
#6094=FACE_BOUND('',#5449,.T.);
#6095=FACE_BOUND('',#5450,.T.);
#6096=FACE_BOUND('',#5451,.T.);
#6097=FACE_BOUND('',#5452,.T.);
#6098=FACE_BOUND('',#5453,.T.);
#6099=FACE_BOUND('',#5454,.T.);
#6100=FACE_BOUND('',#5455,.T.);
#6101=FACE_BOUND('',#5456,.T.);
#6102=FACE_BOUND('',#5457,.T.);
#6103=FACE_BOUND('',#5458,.T.);
#6104=FACE_BOUND('',#5459,.T.);
#6105=FACE_BOUND('',#5460,.T.);
#6106=FACE_BOUND('',#5461,.T.);
#6107=FACE_BOUND('',#5462,.T.);
#6108=FACE_BOUND('',#5463,.T.);
#6109=FACE_BOUND('',#5464,.T.);
#6110=FACE_BOUND('',#5465,.T.);
#6111=FACE_BOUND('',#5466,.T.);
#6112=FACE_BOUND('',#5467,.T.);
#6113=FACE_BOUND('',#5468,.T.);
#6114=FACE_BOUND('',#5469,.T.);
#6115=FACE_BOUND('',#5470,.T.);
#6116=FACE_BOUND('',#5471,.T.);
#6117=FACE_BOUND('',#5472,.T.);
#6118=FACE_BOUND('',#5473,.T.);
#6119=FACE_BOUND('',#5474,.T.);
#6120=FACE_BOUND('',#5475,.T.);
#6121=FACE_BOUND('',#5476,.T.);
#6122=FACE_BOUND('',#5477,.T.);
#6123=FACE_BOUND('',#5478,.T.);
#6124=FACE_BOUND('',#5479,.T.);
#6125=FACE_BOUND('',#5480,.T.);
#6126=FACE_BOUND('',#5481,.T.);
#6127=FACE_BOUND('',#5482,.T.);
#6128=FACE_BOUND('',#5483,.T.);
#6129=FACE_BOUND('',#5484,.T.);
#6130=FACE_BOUND('',#5485,.T.);
#6131=FACE_BOUND('',#5486,.T.);
#6132=FACE_BOUND('',#5487,.T.);
#6133=FACE_BOUND('',#5488,.T.);
#6134=FACE_BOUND('',#5489,.T.);
#6135=FACE_BOUND('',#5490,.T.);
#6136=FACE_BOUND('',#5491,.T.);
#6137=FACE_BOUND('',#5492,.T.);
#6138=FACE_BOUND('',#5493,.T.);
#6139=FACE_BOUND('',#5494,.T.);
#6140=FACE_BOUND('',#5495,.T.);
#6141=FACE_BOUND('',#5496,.T.);
#6142=FACE_BOUND('',#5497,.T.);
#6143=FACE_BOUND('',#5498,.T.);
#6144=FACE_BOUND('',#5499,.T.);
#6145=FACE_BOUND('',#5500,.T.);
#6146=FACE_BOUND('',#5501,.T.);
#6147=FACE_BOUND('',#5502,.T.);
#6148=FACE_BOUND('',#5503,.T.);
#6149=FACE_BOUND('',#5504,.T.);
#6150=FACE_BOUND('',#5505,.T.);
#6151=FACE_BOUND('',#5506,.T.);
#6152=FACE_BOUND('',#5507,.T.);
#6153=FACE_BOUND('',#5508,.T.);
#6154=FACE_BOUND('',#5509,.T.);
#6155=FACE_BOUND('',#5510,.T.);
#6156=FACE_BOUND('',#5511,.T.);
#6157=FACE_BOUND('',#5512,.T.);
#6158=FACE_BOUND('',#5513,.T.);
#6159=FACE_BOUND('',#5514,.T.);
#6160=FACE_BOUND('',#5515,.T.);
#6161=FACE_BOUND('',#5516,.T.);
#6162=FACE_BOUND('',#5517,.T.);
#6163=FACE_BOUND('',#5518,.T.);
#6164=FACE_BOUND('',#5519,.T.);
#6165=FACE_BOUND('',#5520,.T.);
#6166=FACE_BOUND('',#5521,.T.);
#6167=FACE_BOUND('',#5522,.T.);
#6168=FACE_BOUND('',#5523,.T.);
#6169=FACE_BOUND('',#5524,.T.);
#6170=FACE_BOUND('',#5525,.T.);
#6171=FACE_BOUND('',#5526,.T.);
#6172=FACE_BOUND('',#5527,.T.);
#6173=FACE_BOUND('',#5528,.T.);
#6174=FACE_BOUND('',#5529,.T.);
#6175=FACE_BOUND('',#5530,.T.);
#6176=FACE_BOUND('',#5531,.T.);
#6177=FACE_BOUND('',#5532,.T.);
#6178=FACE_BOUND('',#5533,.T.);
#6179=FACE_BOUND('',#5534,.T.);
#6180=FACE_BOUND('',#5535,.T.);
#6181=FACE_BOUND('',#5536,.T.);
#6182=FACE_BOUND('',#5537,.T.);
#6183=FACE_BOUND('',#5538,.T.);
#6184=FACE_BOUND('',#5539,.T.);
#6185=FACE_BOUND('',#5540,.T.);
#6186=FACE_BOUND('',#5541,.T.);
#6187=FACE_BOUND('',#5542,.T.);
#6188=FACE_BOUND('',#5543,.T.);
#6189=FACE_BOUND('',#5544,.T.);
#6190=FACE_BOUND('',#5545,.T.);
#6191=FACE_BOUND('',#5546,.T.);
#6192=FACE_BOUND('',#5547,.T.);
#6193=FACE_BOUND('',#5548,.T.);
#6194=FACE_BOUND('',#5549,.T.);
#6195=FACE_BOUND('',#5550,.T.);
#6196=FACE_BOUND('',#5551,.T.);
#6197=FACE_BOUND('',#5552,.T.);
#6198=FACE_BOUND('',#5553,.T.);
#6199=FACE_BOUND('',#5554,.T.);
#6200=FACE_BOUND('',#5555,.T.);
#6201=FACE_BOUND('',#5556,.T.);
#6202=FACE_BOUND('',#5557,.T.);
#6203=FACE_BOUND('',#5558,.T.);
#6204=FACE_BOUND('',#5559,.T.);
#6205=FACE_BOUND('',#5560,.T.);
#6206=FACE_BOUND('',#5561,.T.);
#6207=FACE_BOUND('',#5562,.T.);
#6208=FACE_BOUND('',#5563,.T.);
#6209=FACE_BOUND('',#5564,.T.);
#6210=FACE_BOUND('',#5565,.T.);
#6211=FACE_BOUND('',#5566,.T.);
#6212=FACE_BOUND('',#5567,.T.);
#6213=FACE_BOUND('',#5568,.T.);
#6214=FACE_BOUND('',#5569,.T.);
#6215=FACE_BOUND('',#5570,.T.);
#6216=FACE_BOUND('',#5571,.T.);
#6217=FACE_BOUND('',#5572,.T.);
#6218=FACE_BOUND('',#5573,.T.);
#6219=FACE_BOUND('',#5574,.T.);
#6220=FACE_BOUND('',#5575,.T.);
#6221=FACE_BOUND('',#5576,.T.);
#6222=FACE_BOUND('',#5577,.T.);
#6223=FACE_BOUND('',#5578,.T.);
#6224=FACE_BOUND('',#5579,.T.);
#6225=FACE_BOUND('',#5580,.T.);
#6226=FACE_BOUND('',#5581,.T.);
#6227=FACE_BOUND('',#5582,.T.);
#6228=FACE_BOUND('',#5583,.T.);
#6229=FACE_BOUND('',#5584,.T.);
#6230=FACE_BOUND('',#5585,.T.);
#6231=FACE_BOUND('',#5586,.T.);
#6232=FACE_BOUND('',#5587,.T.);
#6233=FACE_BOUND('',#5588,.T.);
#6234=FACE_BOUND('',#5589,.T.);
#6235=FACE_BOUND('',#5590,.T.);
#6236=FACE_BOUND('',#5591,.T.);
#6237=FACE_BOUND('',#5592,.T.);
#6238=FACE_BOUND('',#5593,.T.);
#6239=FACE_BOUND('',#5594,.T.);
#6240=FACE_BOUND('',#5595,.T.);
#6241=FACE_BOUND('',#5596,.T.);
#6242=FACE_BOUND('',#5597,.T.);
#6243=FACE_BOUND('',#5598,.T.);
#6244=FACE_BOUND('',#5599,.T.);
#6245=FACE_BOUND('',#5600,.T.);
#6246=FACE_BOUND('',#5601,.T.);
#6247=FACE_BOUND('',#5602,.T.);
#6248=FACE_BOUND('',#5603,.T.);
#6249=FACE_BOUND('',#5604,.T.);
#6250=FACE_BOUND('',#5605,.T.);
#6251=FACE_BOUND('',#5606,.T.);
#6252=FACE_BOUND('',#5607,.T.);
#6253=FACE_BOUND('',#5608,.T.);
#6254=FACE_BOUND('',#5609,.T.);
#6255=FACE_BOUND('',#5610,.T.);
#6256=FACE_BOUND('',#5611,.T.);
#6257=FACE_BOUND('',#5612,.T.);
#6258=FACE_BOUND('',#5613,.T.);
#6259=FACE_BOUND('',#5614,.T.);
#6260=FACE_BOUND('',#5615,.T.);
#6261=FACE_BOUND('',#5616,.T.);
#6262=FACE_BOUND('',#5617,.T.);
#6263=FACE_BOUND('',#5618,.T.);
#6264=FACE_BOUND('',#5619,.T.);
#6265=FACE_BOUND('',#5620,.T.);
#6266=FACE_BOUND('',#5621,.T.);
#6267=FACE_BOUND('',#5622,.T.);
#6268=FACE_BOUND('',#5623,.T.);
#6269=FACE_BOUND('',#5624,.T.);
#6270=FACE_BOUND('',#5625,.T.);
#6271=FACE_BOUND('',#5626,.T.);
#6272=FACE_BOUND('',#5627,.T.);
#6273=FACE_BOUND('',#5628,.T.);
#6274=FACE_BOUND('',#5629,.T.);
#6275=FACE_BOUND('',#5630,.T.);
#6276=FACE_BOUND('',#5631,.T.);
#6277=FACE_BOUND('',#5632,.T.);
#6278=FACE_BOUND('',#5633,.T.);
#6279=FACE_BOUND('',#5634,.T.);
#6280=FACE_BOUND('',#5635,.T.);
#6281=FACE_BOUND('',#5636,.T.);
#6282=FACE_BOUND('',#5637,.T.);
#6283=FACE_BOUND('',#5638,.T.);
#6284=FACE_BOUND('',#5639,.T.);
#6285=FACE_BOUND('',#5640,.T.);
#6286=FACE_BOUND('',#5641,.T.);
#6287=FACE_BOUND('',#5642,.T.);
#6288=FACE_BOUND('',#5643,.T.);
#6289=FACE_BOUND('',#5644,.T.);
#6290=FACE_BOUND('',#5645,.T.);
#6291=FACE_BOUND('',#5646,.T.);
#6292=FACE_BOUND('',#5647,.T.);
#6293=FACE_BOUND('',#5648,.T.);
#6294=FACE_BOUND('',#5649,.T.);
#6295=FACE_BOUND('',#5650,.T.);
#6296=FACE_BOUND('',#5651,.T.);
#6297=FACE_BOUND('',#5652,.T.);
#6298=FACE_BOUND('',#5653,.T.);
#6299=FACE_BOUND('',#5654,.T.);
#6300=FACE_BOUND('',#5655,.T.);
#6301=FACE_BOUND('',#5656,.T.);
#6302=FACE_BOUND('',#5657,.T.);
#6303=FACE_BOUND('',#5658,.T.);
#6304=FACE_BOUND('',#5659,.T.);
#6305=FACE_BOUND('',#5660,.T.);
#6306=FACE_BOUND('',#5661,.T.);
#6307=FACE_BOUND('',#5662,.T.);
#6308=FACE_BOUND('',#5663,.T.);
#6309=FACE_BOUND('',#5664,.T.);
#6310=FACE_BOUND('',#5665,.T.);
#6311=FACE_BOUND('',#5666,.T.);
#6312=FACE_BOUND('',#5667,.T.);
#6313=FACE_BOUND('',#5668,.T.);
#6314=FACE_BOUND('',#5669,.T.);
#6315=FACE_BOUND('',#5670,.T.);
#6316=FACE_BOUND('',#5671,.T.);
#6317=FACE_BOUND('',#5672,.T.);
#6318=FACE_BOUND('',#5673,.T.);
#6319=FACE_BOUND('',#5674,.T.);
#6320=FACE_BOUND('',#5675,.T.);
#6321=FACE_BOUND('',#5676,.T.);
#6322=FACE_BOUND('',#5677,.T.);
#6323=FACE_BOUND('',#5678,.T.);
#6324=FACE_BOUND('',#5679,.T.);
#6325=FACE_BOUND('',#5680,.T.);
#6326=FACE_BOUND('',#5681,.T.);
#6327=FACE_BOUND('',#5682,.T.);
#6328=FACE_BOUND('',#5683,.T.);
#6329=FACE_BOUND('',#5684,.T.);
#6330=FACE_BOUND('',#5685,.T.);
#6331=FACE_BOUND('',#5686,.T.);
#6332=FACE_BOUND('',#5687,.T.);
#6333=FACE_BOUND('',#5688,.T.);
#6334=FACE_BOUND('',#5689,.T.);
#6335=FACE_BOUND('',#5690,.T.);
#6336=FACE_BOUND('',#5691,.T.);
#6337=FACE_BOUND('',#5692,.T.);
#6338=FACE_BOUND('',#5693,.T.);
#6339=FACE_BOUND('',#5694,.T.);
#6340=FACE_BOUND('',#5695,.T.);
#6341=FACE_BOUND('',#5696,.T.);
#6342=FACE_BOUND('',#5697,.T.);
#6343=FACE_BOUND('',#5698,.T.);
#6344=FACE_BOUND('',#5699,.T.);
#6345=FACE_BOUND('',#5700,.T.);
#6346=FACE_BOUND('',#5701,.T.);
#6347=FACE_BOUND('',#5702,.T.);
#6348=FACE_BOUND('',#5703,.T.);
#6349=FACE_BOUND('',#5704,.T.);
#6350=FACE_BOUND('',#5705,.T.);
#6351=FACE_BOUND('',#5706,.T.);
#6352=FACE_BOUND('',#5707,.T.);
#6353=FACE_BOUND('',#5708,.T.);
#6354=FACE_BOUND('',#5709,.T.);
#6355=FACE_BOUND('',#5710,.T.);
#6356=FACE_BOUND('',#5711,.T.);
#6357=FACE_BOUND('',#5712,.T.);
#6358=FACE_BOUND('',#5713,.T.);
#6359=FACE_BOUND('',#5714,.T.);
#6360=FACE_BOUND('',#5715,.T.);
#6361=FACE_BOUND('',#5716,.T.);
#6362=FACE_BOUND('',#5717,.T.);
#6363=FACE_BOUND('',#5718,.T.);
#6364=FACE_BOUND('',#5719,.T.);
#6365=FACE_BOUND('',#5720,.T.);
#6366=FACE_BOUND('',#5721,.T.);
#6367=FACE_BOUND('',#5722,.T.);
#6368=FACE_BOUND('',#5723,.T.);
#6369=FACE_BOUND('',#5724,.T.);
#6370=FACE_BOUND('',#5725,.T.);
#6371=FACE_BOUND('',#5726,.T.);
#6372=FACE_BOUND('',#5727,.T.);
#6373=FACE_BOUND('',#5728,.T.);
#6374=FACE_BOUND('',#5729,.T.);
#6375=FACE_BOUND('',#5730,.T.);
#6376=FACE_BOUND('',#5731,.T.);
#6377=FACE_BOUND('',#5732,.T.);
#6378=FACE_BOUND('',#5733,.T.);
#6379=FACE_BOUND('',#5734,.T.);
#6380=FACE_BOUND('',#5735,.T.);
#6381=FACE_BOUND('',#5736,.T.);
#6382=FACE_BOUND('',#5737,.T.);
#6383=FACE_BOUND('',#5738,.T.);
#6384=FACE_BOUND('',#5739,.T.);
#6385=FACE_BOUND('',#5740,.T.);
#6386=FACE_BOUND('',#5741,.T.);
#6387=FACE_BOUND('',#5742,.T.);
#6388=FACE_BOUND('',#5743,.T.);
#6389=FACE_BOUND('',#5744,.T.);
#6390=FACE_BOUND('',#5745,.T.);
#6391=FACE_BOUND('',#5746,.T.);
#6392=FACE_BOUND('',#5747,.T.);
#6393=FACE_BOUND('',#5748,.T.);
#6394=FACE_BOUND('',#5749,.T.);
#6395=FACE_BOUND('',#5750,.T.);
#6396=FACE_BOUND('',#5751,.T.);
#6397=FACE_BOUND('',#5752,.T.);
#6398=FACE_BOUND('',#5753,.T.);
#6399=FACE_BOUND('',#5754,.T.);
#6400=FACE_BOUND('',#5755,.T.);
#6401=FACE_BOUND('',#5756,.T.);
#6402=FACE_BOUND('',#5757,.T.);
#6403=FACE_BOUND('',#5758,.T.);
#6404=FACE_BOUND('',#5759,.T.);
#6405=FACE_BOUND('',#5760,.T.);
#6406=FACE_BOUND('',#5761,.T.);
#6407=FACE_BOUND('',#5762,.T.);
#6408=FACE_BOUND('',#5763,.T.);
#6409=FACE_BOUND('',#5764,.T.);
#6410=FACE_BOUND('',#5765,.T.);
#6411=FACE_BOUND('',#5766,.T.);
#6412=FACE_BOUND('',#5767,.T.);
#6413=FACE_BOUND('',#5768,.T.);
#6414=FACE_BOUND('',#5769,.T.);
#6415=FACE_BOUND('',#5770,.T.);
#6416=FACE_BOUND('',#5771,.T.);
#6417=FACE_BOUND('',#5772,.T.);
#6418=FACE_BOUND('',#5773,.T.);
#6419=FACE_BOUND('',#5774,.T.);
#6420=FACE_BOUND('',#5775,.T.);
#6421=FACE_BOUND('',#5776,.T.);
#6422=FACE_BOUND('',#5777,.T.);
#6423=FACE_BOUND('',#5778,.T.);
#6424=FACE_BOUND('',#5779,.T.);
#6425=FACE_BOUND('',#5780,.T.);
#6426=FACE_BOUND('',#5781,.T.);
#6427=FACE_BOUND('',#5782,.T.);
#6428=CYLINDRICAL_SURFACE('',#7179,0.0015);
#6429=CYLINDRICAL_SURFACE('',#7182,0.00225);
#6430=CYLINDRICAL_SURFACE('',#7193,0.0015);
#6431=CYLINDRICAL_SURFACE('',#7200,0.0027);
#6432=CYLINDRICAL_SURFACE('',#7206,0.0015);
#6433=CYLINDRICAL_SURFACE('',#7210,0.00165);
#6434=CYLINDRICAL_SURFACE('',#7213,0.00165);
#6435=CYLINDRICAL_SURFACE('',#7216,0.00165);
#6436=CYLINDRICAL_SURFACE('',#7219,0.00165);
#6437=CYLINDRICAL_SURFACE('',#7222,0.00165);
#6438=CYLINDRICAL_SURFACE('',#7225,0.00165);
#6439=CYLINDRICAL_SURFACE('',#7237,0.0115);
#6440=CYLINDRICAL_SURFACE('',#7248,0.002175);
#6441=CYLINDRICAL_SURFACE('',#7251,0.003);
#6442=CYLINDRICAL_SURFACE('',#7254,0.003);
#6443=CYLINDRICAL_SURFACE('',#7257,0.003);
#6444=CYLINDRICAL_SURFACE('',#7260,0.003);
#6445=CYLINDRICAL_SURFACE('',#7263,0.003);
#6446=CYLINDRICAL_SURFACE('',#7266,0.003);
#6447=CYLINDRICAL_SURFACE('',#7270,0.0025);
#6448=CYLINDRICAL_SURFACE('',#7273,0.01195);
#6449=CYLINDRICAL_SURFACE('',#7281,0.0024);
#6450=CYLINDRICAL_SURFACE('',#7286,0.0065);
#6451=CYLINDRICAL_SURFACE('',#7291,0.01);
#6452=CYLINDRICAL_SURFACE('',#7304,0.0015);
#6453=CYLINDRICAL_SURFACE('',#7305,0.0015);
#6454=CYLINDRICAL_SURFACE('',#7306,0.0015);
#6455=CYLINDRICAL_SURFACE('',#7307,0.0015);
#6456=CYLINDRICAL_SURFACE('',#7319,0.004);
#6457=CYLINDRICAL_SURFACE('',#7324,0.004);
#6458=CYLINDRICAL_SURFACE('',#7329,0.004);
#6459=CYLINDRICAL_SURFACE('',#7334,0.004);
#6460=CYLINDRICAL_SURFACE('',#7343,0.003);
#6461=CYLINDRICAL_SURFACE('',#7347,0.00165);
#6462=CYLINDRICAL_SURFACE('',#7371,0.002);
#6463=CYLINDRICAL_SURFACE('',#7373,0.002);
#6464=CYLINDRICAL_SURFACE('',#7375,0.002);
#6465=CYLINDRICAL_SURFACE('',#7377,0.002);
#6466=CYLINDRICAL_SURFACE('',#7389,0.0015);
#6467=CYLINDRICAL_SURFACE('',#7390,0.0015);
#6468=CYLINDRICAL_SURFACE('',#7391,0.0015);
#6469=CYLINDRICAL_SURFACE('',#7392,0.0015);
#6470=CYLINDRICAL_SURFACE('',#7394,0.0015);
#6471=CYLINDRICAL_SURFACE('',#7397,0.00225);
#6472=CYLINDRICAL_SURFACE('',#7403,0.00165);
#6473=CYLINDRICAL_SURFACE('',#7406,0.00165);
#6474=CYLINDRICAL_SURFACE('',#7409,0.00165);
#6475=CYLINDRICAL_SURFACE('',#7412,0.00165);
#6476=CYLINDRICAL_SURFACE('',#7415,0.00165);
#6477=CYLINDRICAL_SURFACE('',#7418,0.00165);
#6478=CYLINDRICAL_SURFACE('',#7432,0.0115);
#6479=CYLINDRICAL_SURFACE('',#7441,0.002175);
#6480=CYLINDRICAL_SURFACE('',#7444,0.003);
#6481=CYLINDRICAL_SURFACE('',#7447,0.003);
#6482=CYLINDRICAL_SURFACE('',#7452,0.003);
#6483=CYLINDRICAL_SURFACE('',#7455,0.003);
#6484=CYLINDRICAL_SURFACE('',#7458,0.003);
#6485=CYLINDRICAL_SURFACE('',#7461,0.003);
#6486=CYLINDRICAL_SURFACE('',#7466,0.0027);
#6487=CYLINDRICAL_SURFACE('',#7472,0.0015);
#6488=CYLINDRICAL_SURFACE('',#7481,0.0025);
#6489=CYLINDRICAL_SURFACE('',#7486,0.0055);
#6490=CYLINDRICAL_SURFACE('',#7493,0.00165);
#6491=CYLINDRICAL_SURFACE('',#7496,0.00165);
#6492=CYLINDRICAL_SURFACE('',#7499,0.00165);
#6493=CYLINDRICAL_SURFACE('',#7502,0.00165);
#6494=CYLINDRICAL_SURFACE('',#7505,0.002175);
#6495=CYLINDRICAL_SURFACE('',#7508,0.002175);
#6496=CYLINDRICAL_SURFACE('',#7511,0.002175);
#6497=CYLINDRICAL_SURFACE('',#7514,0.002175);
#6498=CYLINDRICAL_SURFACE('',#7517,0.002175);
#6499=CYLINDRICAL_SURFACE('',#7520,0.002175);
#6500=CYLINDRICAL_SURFACE('',#7523,0.002175);
#6501=CYLINDRICAL_SURFACE('',#7526,0.002175);
#6502=CYLINDRICAL_SURFACE('',#7608,0.00165);
#6503=CYLINDRICAL_SURFACE('',#7609,0.00165);
#6504=CYLINDRICAL_SURFACE('',#7610,0.00165);
#6505=CYLINDRICAL_SURFACE('',#7611,0.00165);
#6506=CYLINDRICAL_SURFACE('',#7612,0.00165);
#6507=CYLINDRICAL_SURFACE('',#7613,0.00165);
#6508=CYLINDRICAL_SURFACE('',#7622,0.003);
#6509=CYLINDRICAL_SURFACE('',#7625,0.003);
#6510=CYLINDRICAL_SURFACE('',#7628,0.003);
#6511=CYLINDRICAL_SURFACE('',#7631,0.003);
#6512=CYLINDRICAL_SURFACE('',#7670,0.00165);
#6513=CYLINDRICAL_SURFACE('',#7671,0.00165);
#6514=CYLINDRICAL_SURFACE('',#7672,0.00165);
#6515=CYLINDRICAL_SURFACE('',#7673,0.00165);
#6516=CYLINDRICAL_SURFACE('',#7674,0.00165);
#6517=CYLINDRICAL_SURFACE('',#7675,0.00165);
#6518=CYLINDRICAL_SURFACE('',#7676,0.00165);
#6519=CYLINDRICAL_SURFACE('',#7678,0.00165);
#6520=CYLINDRICAL_SURFACE('',#7680,0.00165);
#6521=CYLINDRICAL_SURFACE('',#7682,0.00165);
#6522=CYLINDRICAL_SURFACE('',#7697,0.001);
#6523=CYLINDRICAL_SURFACE('',#7698,0.001);
#6524=CYLINDRICAL_SURFACE('',#7699,0.001);
#6525=CYLINDRICAL_SURFACE('',#7700,0.001);
#6526=CYLINDRICAL_SURFACE('',#7702,0.0027);
#6527=CYLINDRICAL_SURFACE('',#7708,0.0015);
#6528=CYLINDRICAL_SURFACE('',#7716,0.0025);
#6529=CYLINDRICAL_SURFACE('',#7719,0.0045);
#6530=CYLINDRICAL_SURFACE('',#7730,0.139048367050588);
#6531=CYLINDRICAL_SURFACE('',#7733,0.0568109763400202);
#6532=CYLINDRICAL_SURFACE('',#7747,0.0568109763400202);
#6533=CYLINDRICAL_SURFACE('',#7751,0.139048367050588);
#6534=CYLINDRICAL_SURFACE('',#7764,0.0568109763400201);
#6535=CYLINDRICAL_SURFACE('',#7768,0.139048367050588);
#6536=CYLINDRICAL_SURFACE('',#7781,0.004);
#6537=CYLINDRICAL_SURFACE('',#7782,0.004);
#6538=CYLINDRICAL_SURFACE('',#7783,0.004);
#6539=CYLINDRICAL_SURFACE('',#7784,0.002);
#6540=CYLINDRICAL_SURFACE('',#7785,0.002);
#6541=CYLINDRICAL_SURFACE('',#7786,0.002);
#6542=CYLINDRICAL_SURFACE('',#7787,0.0065);
#6543=CYLINDRICAL_SURFACE('',#7788,0.0065);
#6544=CYLINDRICAL_SURFACE('',#7789,0.0065);
#6545=CYLINDRICAL_SURFACE('',#7790,0.0065);
#6546=CYLINDRICAL_SURFACE('',#7791,0.0065);
#6547=CYLINDRICAL_SURFACE('',#7792,0.0065);
#6548=CYLINDRICAL_SURFACE('',#7804,0.0065);
#6549=CYLINDRICAL_SURFACE('',#7813,0.0065);
#6550=CYLINDRICAL_SURFACE('',#7815,0.0065);
#6551=CYLINDRICAL_SURFACE('',#7817,0.0065);
#6552=CYLINDRICAL_SURFACE('',#7820,0.0065);
#6553=CYLINDRICAL_SURFACE('',#7822,0.0065);
#6554=CYLINDRICAL_SURFACE('',#7824,0.0065);
#6555=CYLINDRICAL_SURFACE('',#7835,0.0065);
#6556=CYLINDRICAL_SURFACE('',#7837,0.0065);
#6557=CYLINDRICAL_SURFACE('',#7839,0.0065);
#6558=CYLINDRICAL_SURFACE('',#7841,0.0065);
#6559=CYLINDRICAL_SURFACE('',#7847,0.0065);
#6560=CYLINDRICAL_SURFACE('',#7858,0.0027);
#6561=CYLINDRICAL_SURFACE('',#7864,0.0015);
#6562=CYLINDRICAL_SURFACE('',#7930,0.0005);
#6563=CYLINDRICAL_SURFACE('',#7932,0.001);
#6564=ADVANCED_FACE('',(#5783,#5784),#6428,.F.);
#6565=ADVANCED_FACE('',(#5785,#5786),#6429,.T.);
#6566=ADVANCED_FACE('',(#5787,#5788),#1501,.T.);
#6567=ADVANCED_FACE('',(#5789,#5790),#1502,.F.);
#6568=ADVANCED_FACE('',(#5791),#1503,.F.);
#6569=ADVANCED_FACE('',(#5792),#1504,.F.);
#6570=ADVANCED_FACE('',(#5793),#1505,.F.);
#6571=ADVANCED_FACE('',(#5794),#1506,.F.);
#6572=ADVANCED_FACE('',(#5795),#1507,.F.);
#6573=ADVANCED_FACE('',(#5796,#5797),#6430,.F.);
#6574=ADVANCED_FACE('',(#5798),#1508,.F.);
#6575=ADVANCED_FACE('',(#5799,#5800),#1509,.T.);
#6576=ADVANCED_FACE('',(#5801,#5802),#1510,.F.);
#6577=ADVANCED_FACE('',(#5803,#5804),#6431,.T.);
#6578=ADVANCED_FACE('',(#5805,#5806),#1511,.T.);
#6579=ADVANCED_FACE('',(#5807),#1512,.F.);
#6580=ADVANCED_FACE('',(#5808,#5809),#6432,.T.);
#6581=ADVANCED_FACE('',(#5810),#1513,.T.);
#6582=ADVANCED_FACE('',(#5811,#5812),#6433,.F.);
#6583=ADVANCED_FACE('',(#5813,#5814),#6434,.F.);
#6584=ADVANCED_FACE('',(#5815,#5816),#6435,.F.);
#6585=ADVANCED_FACE('',(#5817,#5818),#6436,.F.);
#6586=ADVANCED_FACE('',(#5819,#5820),#6437,.F.);
#6587=ADVANCED_FACE('',(#5821,#5822),#6438,.F.);
#6588=ADVANCED_FACE('',(#5823,#5824,#5825,#5826,#5827,#5828),#1514,.F.);
#6589=ADVANCED_FACE('',(#5829),#1515,.F.);
#6590=ADVANCED_FACE('',(#5830),#1516,.F.);
#6591=ADVANCED_FACE('',(#5831),#6439,.T.);
#6592=ADVANCED_FACE('',(#5832),#1517,.T.);
#6593=ADVANCED_FACE('',(#5833),#1518,.T.);
#6594=ADVANCED_FACE('',(#5834),#1519,.F.);
#6595=ADVANCED_FACE('',(#5835,#5836,#5837,#5838,#5839,#5840,#5841),#1520,
 .T.);
#6596=ADVANCED_FACE('',(#5842),#1521,.F.);
#6597=ADVANCED_FACE('',(#5843),#1522,.T.);
#6598=ADVANCED_FACE('',(#5844,#5845,#5846),#1523,.T.);
#6599=ADVANCED_FACE('',(#5847,#5848),#6440,.F.);
#6600=ADVANCED_FACE('',(#5849),#1524,.T.);
#6601=ADVANCED_FACE('',(#5850,#5851),#6441,.T.);
#6602=ADVANCED_FACE('',(#5852,#5853),#1525,.T.);
#6603=ADVANCED_FACE('',(#5854,#5855),#6442,.T.);
#6604=ADVANCED_FACE('',(#5856,#5857),#1526,.T.);
#6605=ADVANCED_FACE('',(#5858,#5859),#6443,.F.);
#6606=ADVANCED_FACE('',(#5860,#5861),#1527,.T.);
#6607=ADVANCED_FACE('',(#5862,#5863),#6444,.F.);
#6608=ADVANCED_FACE('',(#5864,#5865),#1528,.T.);
#6609=ADVANCED_FACE('',(#5866,#5867),#6445,.F.);
#6610=ADVANCED_FACE('',(#5868,#5869),#1529,.T.);
#6611=ADVANCED_FACE('',(#5870,#5871),#6446,.F.);
#6612=ADVANCED_FACE('',(#5872,#5873),#1530,.T.);
#6613=ADVANCED_FACE('',(#5874,#5875),#6447,.T.);
#6614=ADVANCED_FACE('',(#5876,#5877),#6448,.T.);
#6615=ADVANCED_FACE('',(#5878,#5879),#1531,.T.);
#6616=ADVANCED_FACE('',(#5880,#5881),#1532,.F.);
#6617=ADVANCED_FACE('',(#5882,#5883),#91,.T.);
#6618=ADVANCED_FACE('',(#5884,#5885),#6449,.T.);
#6619=ADVANCED_FACE('',(#5886,#5887),#1533,.T.);
#6620=ADVANCED_FACE('',(#5888),#1534,.T.);
#6621=ADVANCED_FACE('',(#5889,#5890),#6450,.T.);
#6622=ADVANCED_FACE('',(#5891,#5892),#6451,.T.);
#6623=ADVANCED_FACE('',(#5893,#5894,#5895,#5896,#5897),#1535,.T.);
#6624=ADVANCED_FACE('',(#5898,#5899),#1536,.F.);
#6625=ADVANCED_FACE('',(#5900,#5901),#6452,.F.);
#6626=ADVANCED_FACE('',(#5902,#5903),#6453,.F.);
#6627=ADVANCED_FACE('',(#5904,#5905),#6454,.F.);
#6628=ADVANCED_FACE('',(#5906,#5907),#6455,.F.);
#6629=ADVANCED_FACE('',(#5908),#1537,.T.);
#6630=ADVANCED_FACE('',(#5909),#1538,.T.);
#6631=ADVANCED_FACE('',(#5910),#1539,.T.);
#6632=ADVANCED_FACE('',(#5911),#1540,.T.);
#6633=ADVANCED_FACE('',(#5912),#6456,.T.);
#6634=ADVANCED_FACE('',(#5913),#1541,.T.);
#6635=ADVANCED_FACE('',(#5914),#1542,.T.);
#6636=ADVANCED_FACE('',(#5915),#1543,.F.);
#6637=ADVANCED_FACE('',(#5916),#6457,.T.);
#6638=ADVANCED_FACE('',(#5917),#1544,.T.);
#6639=ADVANCED_FACE('',(#5918),#1545,.F.);
#6640=ADVANCED_FACE('',(#5919),#1546,.F.);
#6641=ADVANCED_FACE('',(#5920),#6458,.T.);
#6642=ADVANCED_FACE('',(#5921),#1547,.F.);
#6643=ADVANCED_FACE('',(#5922),#1548,.F.);
#6644=ADVANCED_FACE('',(#5923),#1549,.T.);
#6645=ADVANCED_FACE('',(#5924),#6459,.T.);
#6646=ADVANCED_FACE('',(#5925),#1550,.F.);
#6647=ADVANCED_FACE('',(#5926),#1551,.T.);
#6648=ADVANCED_FACE('',(#5927),#1552,.T.);
#6649=ADVANCED_FACE('',(#5928,#5929),#1553,.F.);
#6650=ADVANCED_FACE('',(#5930),#19,.T.);
#6651=ADVANCED_FACE('',(#5931),#20,.T.);
#6652=ADVANCED_FACE('',(#5932),#21,.T.);
#6653=ADVANCED_FACE('',(#5933),#22,.T.);
#6654=ADVANCED_FACE('',(#5934,#5935),#6460,.F.);
#6655=ADVANCED_FACE('',(#5936,#5937),#1554,.T.);
#6656=ADVANCED_FACE('',(#5938,#5939),#6461,.F.);
#6657=ADVANCED_FACE('',(#5940),#1555,.T.);
#6658=ADVANCED_FACE('',(#5941),#23,.T.);
#6659=ADVANCED_FACE('',(#5942),#24,.T.);
#6660=ADVANCED_FACE('',(#5943),#1556,.F.);
#6661=ADVANCED_FACE('',(#5944),#25,.T.);
#6662=ADVANCED_FACE('',(#5945),#1557,.F.);
#6663=ADVANCED_FACE('',(#5946),#1558,.T.);
#6664=ADVANCED_FACE('',(#5947),#26,.T.);
#6665=ADVANCED_FACE('',(#5948),#27,.T.);
#6666=ADVANCED_FACE('',(#5949),#1559,.T.);
#6667=ADVANCED_FACE('',(#5950),#1560,.F.);
#6668=ADVANCED_FACE('',(#5951),#28,.T.);
#6669=ADVANCED_FACE('',(#5952),#1561,.F.);
#6670=ADVANCED_FACE('',(#5953),#29,.T.);
#6671=ADVANCED_FACE('',(#5954),#30,.T.);
#6672=ADVANCED_FACE('',(#5955),#1562,.T.);
#6673=ADVANCED_FACE('',(#5956),#1563,.T.);
#6674=ADVANCED_FACE('',(#5957),#1564,.F.);
#6675=ADVANCED_FACE('',(#5958),#1565,.F.);
#6676=ADVANCED_FACE('',(#5959),#1566,.T.);
#6677=ADVANCED_FACE('',(#5960,#5961,#5962,#5963,#5964),#1567,.T.);
#6678=ADVANCED_FACE('',(#5965,#5966,#5967,#5968,#5969),#1568,.F.);
#6679=ADVANCED_FACE('',(#5970,#5971),#6462,.T.);
#6680=ADVANCED_FACE('',(#5972,#5973),#6463,.T.);
#6681=ADVANCED_FACE('',(#5974,#5975),#6464,.T.);
#6682=ADVANCED_FACE('',(#5976,#5977),#6465,.T.);
#6683=ADVANCED_FACE('',(#5978),#1569,.T.);
#6684=ADVANCED_FACE('',(#5979),#1570,.F.);
#6685=ADVANCED_FACE('',(#5980),#1571,.F.);
#6686=ADVANCED_FACE('',(#5981),#1572,.T.);
#6687=ADVANCED_FACE('',(#5982,#5983,#5984,#5985,#5986),#1573,.T.);
#6688=ADVANCED_FACE('',(#5987,#5988,#5989,#5990,#5991),#1574,.F.);
#6689=ADVANCED_FACE('',(#5992,#5993),#6466,.F.);
#6690=ADVANCED_FACE('',(#5994,#5995),#6467,.F.);
#6691=ADVANCED_FACE('',(#5996,#5997),#6468,.F.);
#6692=ADVANCED_FACE('',(#5998,#5999),#6469,.F.);
#6693=ADVANCED_FACE('',(#6000,#6001),#6470,.F.);
#6694=ADVANCED_FACE('',(#6002,#6003),#6471,.T.);
#6695=ADVANCED_FACE('',(#6004,#6005),#1575,.T.);
#6696=ADVANCED_FACE('',(#6006,#6007),#1576,.F.);
#6697=ADVANCED_FACE('',(#6008,#6009),#6472,.F.);
#6698=ADVANCED_FACE('',(#6010,#6011),#6473,.F.);
#6699=ADVANCED_FACE('',(#6012,#6013),#6474,.F.);
#6700=ADVANCED_FACE('',(#6014,#6015),#6475,.F.);
#6701=ADVANCED_FACE('',(#6016,#6017),#6476,.F.);
#6702=ADVANCED_FACE('',(#6018,#6019),#6477,.F.);
#6703=ADVANCED_FACE('',(#6020),#1577,.T.);
#6704=ADVANCED_FACE('',(#6021),#1578,.F.);
#6705=ADVANCED_FACE('',(#6022,#6023,#6024,#6025,#6026,#6027),#1579,.T.);
#6706=ADVANCED_FACE('',(#6028),#1580,.F.);
#6707=ADVANCED_FACE('',(#6029),#1581,.F.);
#6708=ADVANCED_FACE('',(#6030),#6478,.T.);
#6709=ADVANCED_FACE('',(#6031),#1582,.T.);
#6710=ADVANCED_FACE('',(#6032,#6033,#6034,#6035,#6036,#6037,#6038),#1583,
 .F.);
#6711=ADVANCED_FACE('',(#6039),#1584,.T.);
#6712=ADVANCED_FACE('',(#6040),#1585,.F.);
#6713=ADVANCED_FACE('',(#6041,#6042,#6043),#1586,.T.);
#6714=ADVANCED_FACE('',(#6044,#6045),#6479,.F.);
#6715=ADVANCED_FACE('',(#6046),#1587,.T.);
#6716=ADVANCED_FACE('',(#6047,#6048),#6480,.T.);
#6717=ADVANCED_FACE('',(#6049,#6050),#1588,.T.);
#6718=ADVANCED_FACE('',(#6051,#6052),#6481,.T.);
#6719=ADVANCED_FACE('',(#6053,#6054),#1589,.T.);
#6720=ADVANCED_FACE('',(#6055,#6056),#1590,.T.);
#6721=ADVANCED_FACE('',(#6057,#6058),#6482,.F.);
#6722=ADVANCED_FACE('',(#6059,#6060),#1591,.T.);
#6723=ADVANCED_FACE('',(#6061,#6062),#6483,.F.);
#6724=ADVANCED_FACE('',(#6063,#6064),#1592,.T.);
#6725=ADVANCED_FACE('',(#6065,#6066),#6484,.F.);
#6726=ADVANCED_FACE('',(#6067,#6068),#1593,.T.);
#6727=ADVANCED_FACE('',(#6069,#6070),#6485,.F.);
#6728=ADVANCED_FACE('',(#6071,#6072),#6486,.T.);
#6729=ADVANCED_FACE('',(#6073,#6074),#1594,.T.);
#6730=ADVANCED_FACE('',(#6075),#1595,.F.);
#6731=ADVANCED_FACE('',(#6076,#6077),#6487,.T.);
#6732=ADVANCED_FACE('',(#6078),#1596,.T.);
#6733=ADVANCED_FACE('',(#6079),#1597,.F.);
#6734=ADVANCED_FACE('',(#6080),#1598,.F.);
#6735=ADVANCED_FACE('',(#6081),#1599,.F.);
#6736=ADVANCED_FACE('',(#6082),#1600,.F.);
#6737=ADVANCED_FACE('',(#6083),#1601,.F.);
#6738=ADVANCED_FACE('',(#6084,#6085),#6488,.F.);
#6739=ADVANCED_FACE('',(#6086),#1602,.F.);
#6740=ADVANCED_FACE('',(#6087,#6088),#1603,.T.);
#6741=ADVANCED_FACE('',(#6089,#6090),#6489,.T.);
#6742=ADVANCED_FACE('',(#6091,#6092),#1604,.T.);
#6743=ADVANCED_FACE('',(#6093,#6094),#1605,.F.);
#6744=ADVANCED_FACE('',(#6095),#1606,.T.);
#6745=ADVANCED_FACE('',(#6096,#6097),#6490,.F.);
#6746=ADVANCED_FACE('',(#6098,#6099),#6491,.F.);
#6747=ADVANCED_FACE('',(#6100,#6101),#6492,.F.);
#6748=ADVANCED_FACE('',(#6102,#6103),#6493,.F.);
#6749=ADVANCED_FACE('',(#6104,#6105),#6494,.F.);
#6750=ADVANCED_FACE('',(#6106,#6107),#6495,.F.);
#6751=ADVANCED_FACE('',(#6108,#6109),#6496,.F.);
#6752=ADVANCED_FACE('',(#6110,#6111),#6497,.F.);
#6753=ADVANCED_FACE('',(#6112,#6113),#6498,.F.);
#6754=ADVANCED_FACE('',(#6114,#6115),#6499,.F.);
#6755=ADVANCED_FACE('',(#6116,#6117),#6500,.F.);
#6756=ADVANCED_FACE('',(#6118,#6119),#6501,.F.);
#6757=ADVANCED_FACE('',(#6120),#1607,.F.);
#6758=ADVANCED_FACE('',(#6121,#6122,#6123,#6124,#6125,#6126,#6127,#6128,
#6129,#6130,#6131,#6132,#6133,#6134,#6135,#6136,#6137,#6138,#6139,#6140,
#6141,#6142,#6143,#6144,#6145,#6146),#1608,.T.);
#6759=ADVANCED_FACE('',(#6147,#6148,#6149,#6150,#6151,#6152,#6153,#6154,
#6155,#6156,#6157,#6158,#6159),#1609,.F.);
#6760=ADVANCED_FACE('',(#6160),#1610,.F.);
#6761=ADVANCED_FACE('',(#6161),#1611,.T.);
#6762=ADVANCED_FACE('',(#6162),#1612,.T.);
#6763=ADVANCED_FACE('',(#6163),#1613,.T.);
#6764=ADVANCED_FACE('',(#6164),#1614,.T.);
#6765=ADVANCED_FACE('',(#6165),#1615,.T.);
#6766=ADVANCED_FACE('',(#6166),#1616,.T.);
#6767=ADVANCED_FACE('',(#6167),#1617,.F.);
#6768=ADVANCED_FACE('',(#6168),#1618,.T.);
#6769=ADVANCED_FACE('',(#6169),#1619,.F.);
#6770=ADVANCED_FACE('',(#6170),#1620,.T.);
#6771=ADVANCED_FACE('',(#6171),#1621,.T.);
#6772=ADVANCED_FACE('',(#6172),#1622,.T.);
#6773=ADVANCED_FACE('',(#6173),#1623,.T.);
#6774=ADVANCED_FACE('',(#6174),#1624,.F.);
#6775=ADVANCED_FACE('',(#6175),#1625,.T.);
#6776=ADVANCED_FACE('',(#6176),#1626,.T.);
#6777=ADVANCED_FACE('',(#6177),#1627,.F.);
#6778=ADVANCED_FACE('',(#6178),#1628,.T.);
#6779=ADVANCED_FACE('',(#6179),#1629,.T.);
#6780=ADVANCED_FACE('',(#6180),#1630,.F.);
#6781=ADVANCED_FACE('',(#6181),#1631,.T.);
#6782=ADVANCED_FACE('',(#6182),#1632,.F.);
#6783=ADVANCED_FACE('',(#6183),#1633,.F.);
#6784=ADVANCED_FACE('',(#6184),#1634,.T.);
#6785=ADVANCED_FACE('',(#6185),#1635,.F.);
#6786=ADVANCED_FACE('',(#6186),#1636,.F.);
#6787=ADVANCED_FACE('',(#6187),#1637,.F.);
#6788=ADVANCED_FACE('',(#6188),#1638,.F.);
#6789=ADVANCED_FACE('',(#6189),#1639,.T.);
#6790=ADVANCED_FACE('',(#6190),#1640,.F.);
#6791=ADVANCED_FACE('',(#6191),#1641,.F.);
#6792=ADVANCED_FACE('',(#6192),#1642,.T.);
#6793=ADVANCED_FACE('',(#6193),#1643,.T.);
#6794=ADVANCED_FACE('',(#6194),#1644,.T.);
#6795=ADVANCED_FACE('',(#6195),#1645,.T.);
#6796=ADVANCED_FACE('',(#6196),#1646,.T.);
#6797=ADVANCED_FACE('',(#6197),#1647,.T.);
#6798=ADVANCED_FACE('',(#6198),#1648,.F.);
#6799=ADVANCED_FACE('',(#6199),#1649,.T.);
#6800=ADVANCED_FACE('',(#6200),#1650,.F.);
#6801=ADVANCED_FACE('',(#6201),#1651,.F.);
#6802=ADVANCED_FACE('',(#6202),#1652,.F.);
#6803=ADVANCED_FACE('',(#6203),#1653,.F.);
#6804=ADVANCED_FACE('',(#6204),#1654,.T.);
#6805=ADVANCED_FACE('',(#6205),#1655,.F.);
#6806=ADVANCED_FACE('',(#6206),#1656,.T.);
#6807=ADVANCED_FACE('',(#6207),#1657,.T.);
#6808=ADVANCED_FACE('',(#6208),#1658,.F.);
#6809=ADVANCED_FACE('',(#6209),#1659,.T.);
#6810=ADVANCED_FACE('',(#6210),#1660,.F.);
#6811=ADVANCED_FACE('',(#6211),#1661,.F.);
#6812=ADVANCED_FACE('',(#6212),#1662,.T.);
#6813=ADVANCED_FACE('',(#6213),#1663,.F.);
#6814=ADVANCED_FACE('',(#6214),#1664,.T.);
#6815=ADVANCED_FACE('',(#6215),#1665,.F.);
#6816=ADVANCED_FACE('',(#6216),#1666,.T.);
#6817=ADVANCED_FACE('',(#6217),#1667,.F.);
#6818=ADVANCED_FACE('',(#6218),#1668,.T.);
#6819=ADVANCED_FACE('',(#6219),#1669,.F.);
#6820=ADVANCED_FACE('',(#6220,#6221),#6502,.F.);
#6821=ADVANCED_FACE('',(#6222,#6223),#6503,.F.);
#6822=ADVANCED_FACE('',(#6224,#6225),#6504,.F.);
#6823=ADVANCED_FACE('',(#6226,#6227),#6505,.F.);
#6824=ADVANCED_FACE('',(#6228,#6229),#6506,.F.);
#6825=ADVANCED_FACE('',(#6230,#6231),#6507,.F.);
#6826=ADVANCED_FACE('',(#6232),#1670,.F.);
#6827=ADVANCED_FACE('',(#6233),#1671,.F.);
#6828=ADVANCED_FACE('',(#6234),#1672,.F.);
#6829=ADVANCED_FACE('',(#6235),#1673,.F.);
#6830=ADVANCED_FACE('',(#6236),#1674,.F.);
#6831=ADVANCED_FACE('',(#6237),#1675,.F.);
#6832=ADVANCED_FACE('',(#6238),#1676,.F.);
#6833=ADVANCED_FACE('',(#6239),#1677,.F.);
#6834=ADVANCED_FACE('',(#6240,#6241),#6508,.F.);
#6835=ADVANCED_FACE('',(#6242,#6243),#1678,.T.);
#6836=ADVANCED_FACE('',(#6244,#6245),#6509,.F.);
#6837=ADVANCED_FACE('',(#6246,#6247),#1679,.T.);
#6838=ADVANCED_FACE('',(#6248,#6249),#6510,.F.);
#6839=ADVANCED_FACE('',(#6250,#6251),#1680,.T.);
#6840=ADVANCED_FACE('',(#6252,#6253),#6511,.F.);
#6841=ADVANCED_FACE('',(#6254,#6255),#1681,.T.);
#6842=ADVANCED_FACE('',(#6256),#1682,.T.);
#6843=ADVANCED_FACE('',(#6257),#1683,.F.);
#6844=ADVANCED_FACE('',(#6258),#1684,.F.);
#6845=ADVANCED_FACE('',(#6259),#1685,.T.);
#6846=ADVANCED_FACE('',(#6260),#1686,.T.);
#6847=ADVANCED_FACE('',(#6261),#1687,.T.);
#6848=ADVANCED_FACE('',(#6262),#1688,.F.);
#6849=ADVANCED_FACE('',(#6263),#1689,.T.);
#6850=ADVANCED_FACE('',(#6264,#6265,#6266,#6267),#1690,.T.);
#6851=ADVANCED_FACE('',(#6268),#1691,.T.);
#6852=ADVANCED_FACE('',(#6269),#1692,.F.);
#6853=ADVANCED_FACE('',(#6270),#1693,.F.);
#6854=ADVANCED_FACE('',(#6271),#1694,.T.);
#6855=ADVANCED_FACE('',(#6272,#6273,#6274,#6275),#1695,.T.);
#6856=ADVANCED_FACE('',(#6276,#6277,#6278,#6279,#6280,#6281,#6282,#6283,
#6284,#6285,#6286,#6287,#6288),#1696,.F.);
#6857=ADVANCED_FACE('',(#6289,#6290),#6512,.F.);
#6858=ADVANCED_FACE('',(#6291,#6292),#6513,.F.);
#6859=ADVANCED_FACE('',(#6293,#6294),#6514,.F.);
#6860=ADVANCED_FACE('',(#6295,#6296),#6515,.F.);
#6861=ADVANCED_FACE('',(#6297,#6298),#6516,.F.);
#6862=ADVANCED_FACE('',(#6299,#6300),#6517,.F.);
#6863=ADVANCED_FACE('',(#6301,#6302),#6518,.F.);
#6864=ADVANCED_FACE('',(#6303,#6304),#6519,.F.);
#6865=ADVANCED_FACE('',(#6305,#6306),#6520,.F.);
#6866=ADVANCED_FACE('',(#6307,#6308),#6521,.F.);
#6867=ADVANCED_FACE('',(#6309),#1697,.F.);
#6868=ADVANCED_FACE('',(#6310),#1698,.T.);
#6869=ADVANCED_FACE('',(#6311),#1699,.T.);
#6870=ADVANCED_FACE('',(#6312),#1700,.F.);
#6871=ADVANCED_FACE('',(#6313),#1701,.F.);
#6872=ADVANCED_FACE('',(#6314),#1702,.T.);
#6873=ADVANCED_FACE('',(#6315),#1703,.T.);
#6874=ADVANCED_FACE('',(#6316),#1704,.F.);
#6875=ADVANCED_FACE('',(#6317,#6318,#6319,#6320,#6321),#1705,.T.);
#6876=ADVANCED_FACE('',(#6322),#6522,.F.);
#6877=ADVANCED_FACE('',(#6323),#6523,.F.);
#6878=ADVANCED_FACE('',(#6324),#6524,.F.);
#6879=ADVANCED_FACE('',(#6325),#6525,.F.);
#6880=ADVANCED_FACE('',(#6326,#6327),#6526,.T.);
#6881=ADVANCED_FACE('',(#6328,#6329),#1706,.T.);
#6882=ADVANCED_FACE('',(#6330),#1707,.F.);
#6883=ADVANCED_FACE('',(#6331,#6332),#6527,.T.);
#6884=ADVANCED_FACE('',(#6333),#1708,.T.);
#6885=ADVANCED_FACE('',(#6334,#6335),#6528,.F.);
#6886=ADVANCED_FACE('',(#6336,#6337,#6338,#6339,#6340),#6529,.T.);
#6887=ADVANCED_FACE('',(#6341,#6342),#1709,.T.);
#6888=ADVANCED_FACE('',(#6343,#6344),#1710,.F.);
#6889=ADVANCED_FACE('',(#6345),#6530,.F.);
#6890=ADVANCED_FACE('',(#6346),#6531,.T.);
#6891=ADVANCED_FACE('',(#6347),#1711,.F.);
#6892=ADVANCED_FACE('',(#6348),#1712,.T.);
#6893=ADVANCED_FACE('',(#6349),#1713,.F.);
#6894=ADVANCED_FACE('',(#6350),#6532,.T.);
#6895=ADVANCED_FACE('',(#6351),#1714,.F.);
#6896=ADVANCED_FACE('',(#6352),#6533,.F.);
#6897=ADVANCED_FACE('',(#6353),#1715,.T.);
#6898=ADVANCED_FACE('',(#6354),#1716,.F.);
#6899=ADVANCED_FACE('',(#6355),#6534,.T.);
#6900=ADVANCED_FACE('',(#6356),#1717,.F.);
#6901=ADVANCED_FACE('',(#6357),#6535,.F.);
#6902=ADVANCED_FACE('',(#6358),#1718,.T.);
#6903=ADVANCED_FACE('',(#6359),#1719,.F.);
#6904=ADVANCED_FACE('',(#6360),#6536,.T.);
#6905=ADVANCED_FACE('',(#6361),#6537,.T.);
#6906=ADVANCED_FACE('',(#6362),#6538,.T.);
#6907=ADVANCED_FACE('',(#6363),#6539,.T.);
#6908=ADVANCED_FACE('',(#6364),#6540,.T.);
#6909=ADVANCED_FACE('',(#6365),#6541,.T.);
#6910=ADVANCED_FACE('',(#6366),#6542,.F.);
#6911=ADVANCED_FACE('',(#6367),#6543,.F.);
#6912=ADVANCED_FACE('',(#6368),#6544,.F.);
#6913=ADVANCED_FACE('',(#6369),#6545,.F.);
#6914=ADVANCED_FACE('',(#6370),#6546,.F.);
#6915=ADVANCED_FACE('',(#6371),#6547,.F.);
#6916=ADVANCED_FACE('',(#6372),#1720,.T.);
#6917=ADVANCED_FACE('',(#6373),#1721,.F.);
#6918=ADVANCED_FACE('',(#6374),#1722,.F.);
#6919=ADVANCED_FACE('',(#6375),#1723,.T.);
#6920=ADVANCED_FACE('',(#6376),#1724,.T.);
#6921=ADVANCED_FACE('',(#6377),#1725,.F.);
#6922=ADVANCED_FACE('',(#6378),#6548,.T.);
#6923=ADVANCED_FACE('',(#6379),#10,.T.);
#6924=ADVANCED_FACE('',(#6380),#11,.T.);
#6925=ADVANCED_FACE('',(#6381),#6549,.T.);
#6926=ADVANCED_FACE('',(#6382),#6550,.T.);
#6927=ADVANCED_FACE('',(#6383),#6551,.T.);
#6928=ADVANCED_FACE('',(#6384),#6552,.T.);
#6929=ADVANCED_FACE('',(#6385),#6553,.T.);
#6930=ADVANCED_FACE('',(#6386),#6554,.T.);
#6931=ADVANCED_FACE('',(#6387),#12,.T.);
#6932=ADVANCED_FACE('',(#6388),#13,.T.);
#6933=ADVANCED_FACE('',(#6389),#14,.T.);
#6934=ADVANCED_FACE('',(#6390),#15,.T.);
#6935=ADVANCED_FACE('',(#6391),#6555,.T.);
#6936=ADVANCED_FACE('',(#6392),#6556,.T.);
#6937=ADVANCED_FACE('',(#6393),#6557,.T.);
#6938=ADVANCED_FACE('',(#6394),#6558,.T.);
#6939=ADVANCED_FACE('',(#6395),#16,.T.);
#6940=ADVANCED_FACE('',(#6396),#17,.T.);
#6941=ADVANCED_FACE('',(#6397),#6559,.T.);
#6942=ADVANCED_FACE('',(#6398,#6399),#6560,.T.);
#6943=ADVANCED_FACE('',(#6400,#6401),#1726,.T.);
#6944=ADVANCED_FACE('',(#6402),#1727,.F.);
#6945=ADVANCED_FACE('',(#6403,#6404),#6561,.T.);
#6946=ADVANCED_FACE('',(#6405),#1728,.T.);
#6947=ADVANCED_FACE('',(#6406),#1729,.T.);
#6948=ADVANCED_FACE('',(#6407),#1730,.F.);
#6949=ADVANCED_FACE('',(#6408),#1731,.F.);
#6950=ADVANCED_FACE('',(#6409),#1732,.T.);
#6951=ADVANCED_FACE('',(#6410),#1733,.T.);
#6952=ADVANCED_FACE('',(#6411),#1734,.F.);
#6953=ADVANCED_FACE('',(#6412),#1735,.T.);
#6954=ADVANCED_FACE('',(#6413),#1736,.F.);
#6955=ADVANCED_FACE('',(#6414),#1737,.F.);
#6956=ADVANCED_FACE('',(#6415),#1738,.T.);
#6957=ADVANCED_FACE('',(#6416),#1739,.T.);
#6958=ADVANCED_FACE('',(#6417),#1740,.F.);
#6959=ADVANCED_FACE('',(#6418,#6419),#6562,.T.);
#6960=ADVANCED_FACE('',(#6420,#6421),#6563,.T.);
#6961=ADVANCED_FACE('',(#6422),#18,.T.);
#6962=ADVANCED_FACE('',(#6423,#6424),#92,.F.);
#6963=ADVANCED_FACE('',(#6425),#1741,.T.);
#6964=ADVANCED_FACE('',(#6426),#1742,.F.);
#6965=ADVANCED_FACE('',(#6427),#1743,.T.);
#6966=CLOSED_SHELL('',(#6564,#6565,#6566,#6567));
#6967=CLOSED_SHELL('',(#6568,#6569,#6570,#6571,#6572,#6573,#6574,#6575,
#6576));
#6968=CLOSED_SHELL('',(#6577,#6578,#6579,#6580,#6581));
#6969=CLOSED_SHELL('',(#6582,#6583,#6584,#6585,#6586,#6587,#6588,#6589,
#6590,#6591,#6592,#6593,#6594,#6595,#6596,#6597,#6598,#6599,#6600,#6601,
#6602,#6603,#6604,#6605,#6606,#6607,#6608,#6609,#6610,#6611,#6612));
#6970=CLOSED_SHELL('',(#6613,#6614,#6615,#6616,#6617,#6618,#6619,#6620,
#6621,#6622,#6623,#6624,#6625,#6626,#6627,#6628));
#6971=CLOSED_SHELL('',(#6629,#6630,#6631,#6632,#6633,#6634,#6635,#6636,
#6637,#6638,#6639,#6640,#6641,#6642,#6643,#6644,#6645,#6646,#6647,#6648,
#6649,#6650,#6651,#6652,#6653,#6654,#6655,#6656,#6657,#6658,#6659,#6660,
#6661,#6662,#6663,#6664,#6665,#6666,#6667,#6668,#6669,#6670,#6671,#6672));
#6972=CLOSED_SHELL('',(#6673,#6674,#6675,#6676,#6677,#6678,#6679,#6680,
#6681,#6682,#6683,#6684,#6685,#6686,#6687,#6688,#6689,#6690,#6691,#6692));
#6973=CLOSED_SHELL('',(#6693,#6694,#6695,#6696));
#6974=CLOSED_SHELL('',(#6697,#6698,#6699,#6700,#6701,#6702,#6703,#6704,
#6705,#6706,#6707,#6708,#6709,#6710,#6711,#6712,#6713,#6714,#6715,#6716,
#6717,#6718,#6719,#6720,#6721,#6722,#6723,#6724,#6725,#6726,#6727));
#6975=CLOSED_SHELL('',(#6728,#6729,#6730,#6731,#6732));
#6976=CLOSED_SHELL('',(#6733,#6734,#6735,#6736,#6737,#6738,#6739,#6740,
#6741,#6742,#6743));
#6977=CLOSED_SHELL('',(#6744,#6745,#6746,#6747,#6748,#6749,#6750,#6751,
#6752,#6753,#6754,#6755,#6756,#6757,#6758,#6759,#6760,#6761,#6762,#6763,
#6764,#6765,#6766,#6767,#6768,#6769,#6770,#6771,#6772,#6773,#6774,#6775,
#6776,#6777,#6778,#6779,#6780,#6781,#6782,#6783,#6784,#6785,#6786,#6787,
#6788,#6789,#6790,#6791,#6792,#6793,#6794,#6795,#6796,#6797,#6798,#6799,
#6800,#6801,#6802,#6803,#6804,#6805,#6806,#6807,#6808,#6809,#6810,#6811,
#6812,#6813,#6814,#6815,#6816,#6817,#6818,#6819,#6820,#6821,#6822,#6823,
#6824,#6825,#6826,#6827,#6828,#6829,#6830,#6831,#6832,#6833,#6834,#6835,
#6836,#6837,#6838,#6839,#6840,#6841,#6842,#6843,#6844,#6845,#6846,#6847,
#6848,#6849));
#6978=CLOSED_SHELL('',(#6850,#6851,#6852,#6853,#6854,#6855,#6856,#6857,
#6858,#6859,#6860,#6861,#6862,#6863,#6864,#6865,#6866,#6867,#6868,#6869,
#6870,#6871,#6872,#6873,#6874,#6875,#6876,#6877,#6878,#6879));
#6979=CLOSED_SHELL('',(#6880,#6881,#6882,#6883,#6884));
#6980=CLOSED_SHELL('',(#6885,#6886,#6887,#6888,#6889,#6890,#6891,#6892,
#6893,#6894,#6895,#6896,#6897,#6898,#6899,#6900,#6901,#6902,#6903,#6904,
#6905,#6906,#6907,#6908,#6909,#6910,#6911,#6912,#6913,#6914,#6915));
#6981=CLOSED_SHELL('',(#6916,#6917,#6918,#6919,#6920,#6921,#6922,#6923,
#6924,#6925,#6926,#6927,#6928,#6929,#6930,#6931,#6932,#6933,#6934,#6935,
#6936,#6937,#6938,#6939,#6940,#6941));
#6982=CLOSED_SHELL('',(#6942,#6943,#6944,#6945,#6946));
#6983=CLOSED_SHELL('',(#6947,#6948,#6949,#6950,#6951,#6952));
#6984=CLOSED_SHELL('',(#6953,#6954,#6955,#6956,#6957,#6958,#6959,#6960,
#6961,#6962,#6963,#6964,#6965));
#6985=STYLED_ITEM('',(#7004),#7119);
#6986=STYLED_ITEM('',(#7005),#7120);
#6987=STYLED_ITEM('',(#7006),#7121);
#6988=STYLED_ITEM('',(#7007),#7122);
#6989=STYLED_ITEM('',(#7008),#7123);
#6990=STYLED_ITEM('',(#7009),#7124);
#6991=STYLED_ITEM('',(#7010),#7125);
#6992=STYLED_ITEM('',(#7011),#7126);
#6993=STYLED_ITEM('',(#7012),#7127);
#6994=STYLED_ITEM('',(#7013),#7128);
#6995=STYLED_ITEM('',(#7014),#7129);
#6996=STYLED_ITEM('',(#7015),#7130);
#6997=STYLED_ITEM('',(#7016),#7131);
#6998=STYLED_ITEM('',(#7017),#7132);
#6999=STYLED_ITEM('',(#7018),#7133);
#7000=STYLED_ITEM('',(#7019),#7134);
#7001=STYLED_ITEM('',(#7020),#7135);
#7002=STYLED_ITEM('',(#7021),#7136);
#7003=STYLED_ITEM('',(#7022),#7137);
#7004=PRESENTATION_STYLE_ASSIGNMENT((#7023));
#7005=PRESENTATION_STYLE_ASSIGNMENT((#7024));
#7006=PRESENTATION_STYLE_ASSIGNMENT((#7025));
#7007=PRESENTATION_STYLE_ASSIGNMENT((#7026));
#7008=PRESENTATION_STYLE_ASSIGNMENT((#7027));
#7009=PRESENTATION_STYLE_ASSIGNMENT((#7028));
#7010=PRESENTATION_STYLE_ASSIGNMENT((#7029));
#7011=PRESENTATION_STYLE_ASSIGNMENT((#7030));
#7012=PRESENTATION_STYLE_ASSIGNMENT((#7031));
#7013=PRESENTATION_STYLE_ASSIGNMENT((#7032));
#7014=PRESENTATION_STYLE_ASSIGNMENT((#7033));
#7015=PRESENTATION_STYLE_ASSIGNMENT((#7034));
#7016=PRESENTATION_STYLE_ASSIGNMENT((#7035));
#7017=PRESENTATION_STYLE_ASSIGNMENT((#7036));
#7018=PRESENTATION_STYLE_ASSIGNMENT((#7037));
#7019=PRESENTATION_STYLE_ASSIGNMENT((#7038));
#7020=PRESENTATION_STYLE_ASSIGNMENT((#7039));
#7021=PRESENTATION_STYLE_ASSIGNMENT((#7040));
#7022=PRESENTATION_STYLE_ASSIGNMENT((#7041));
#7023=SURFACE_STYLE_USAGE(.BOTH.,#7042);
#7024=SURFACE_STYLE_USAGE(.BOTH.,#7043);
#7025=SURFACE_STYLE_USAGE(.BOTH.,#7044);
#7026=SURFACE_STYLE_USAGE(.BOTH.,#7045);
#7027=SURFACE_STYLE_USAGE(.BOTH.,#7046);
#7028=SURFACE_STYLE_USAGE(.BOTH.,#7047);
#7029=SURFACE_STYLE_USAGE(.BOTH.,#7048);
#7030=SURFACE_STYLE_USAGE(.BOTH.,#7049);
#7031=SURFACE_STYLE_USAGE(.BOTH.,#7050);
#7032=SURFACE_STYLE_USAGE(.BOTH.,#7051);
#7033=SURFACE_STYLE_USAGE(.BOTH.,#7052);
#7034=SURFACE_STYLE_USAGE(.BOTH.,#7053);
#7035=SURFACE_STYLE_USAGE(.BOTH.,#7054);
#7036=SURFACE_STYLE_USAGE(.BOTH.,#7055);
#7037=SURFACE_STYLE_USAGE(.BOTH.,#7056);
#7038=SURFACE_STYLE_USAGE(.BOTH.,#7057);
#7039=SURFACE_STYLE_USAGE(.BOTH.,#7058);
#7040=SURFACE_STYLE_USAGE(.BOTH.,#7059);
#7041=SURFACE_STYLE_USAGE(.BOTH.,#7060);
#7042=SURFACE_SIDE_STYLE('',(#7061));
#7043=SURFACE_SIDE_STYLE('',(#7062));
#7044=SURFACE_SIDE_STYLE('',(#7063));
#7045=SURFACE_SIDE_STYLE('',(#7064));
#7046=SURFACE_SIDE_STYLE('',(#7065));
#7047=SURFACE_SIDE_STYLE('',(#7066));
#7048=SURFACE_SIDE_STYLE('',(#7067));
#7049=SURFACE_SIDE_STYLE('',(#7068));
#7050=SURFACE_SIDE_STYLE('',(#7069));
#7051=SURFACE_SIDE_STYLE('',(#7070));
#7052=SURFACE_SIDE_STYLE('',(#7071));
#7053=SURFACE_SIDE_STYLE('',(#7072));
#7054=SURFACE_SIDE_STYLE('',(#7073));
#7055=SURFACE_SIDE_STYLE('',(#7074));
#7056=SURFACE_SIDE_STYLE('',(#7075));
#7057=SURFACE_SIDE_STYLE('',(#7076));
#7058=SURFACE_SIDE_STYLE('',(#7077));
#7059=SURFACE_SIDE_STYLE('',(#7078));
#7060=SURFACE_SIDE_STYLE('',(#7079));
#7061=SURFACE_STYLE_FILL_AREA(#7080);
#7062=SURFACE_STYLE_FILL_AREA(#7081);
#7063=SURFACE_STYLE_FILL_AREA(#7082);
#7064=SURFACE_STYLE_FILL_AREA(#7083);
#7065=SURFACE_STYLE_FILL_AREA(#7084);
#7066=SURFACE_STYLE_FILL_AREA(#7085);
#7067=SURFACE_STYLE_FILL_AREA(#7086);
#7068=SURFACE_STYLE_FILL_AREA(#7087);
#7069=SURFACE_STYLE_FILL_AREA(#7088);
#7070=SURFACE_STYLE_FILL_AREA(#7089);
#7071=SURFACE_STYLE_FILL_AREA(#7090);
#7072=SURFACE_STYLE_FILL_AREA(#7091);
#7073=SURFACE_STYLE_FILL_AREA(#7092);
#7074=SURFACE_STYLE_FILL_AREA(#7093);
#7075=SURFACE_STYLE_FILL_AREA(#7094);
#7076=SURFACE_STYLE_FILL_AREA(#7095);
#7077=SURFACE_STYLE_FILL_AREA(#7096);
#7078=SURFACE_STYLE_FILL_AREA(#7097);
#7079=SURFACE_STYLE_FILL_AREA(#7098);
#7080=FILL_AREA_STYLE('',(#7099));
#7081=FILL_AREA_STYLE('',(#7100));
#7082=FILL_AREA_STYLE('',(#7101));
#7083=FILL_AREA_STYLE('',(#7102));
#7084=FILL_AREA_STYLE('',(#7103));
#7085=FILL_AREA_STYLE('',(#7104));
#7086=FILL_AREA_STYLE('',(#7105));
#7087=FILL_AREA_STYLE('',(#7106));
#7088=FILL_AREA_STYLE('',(#7107));
#7089=FILL_AREA_STYLE('',(#7108));
#7090=FILL_AREA_STYLE('',(#7109));
#7091=FILL_AREA_STYLE('',(#7110));
#7092=FILL_AREA_STYLE('',(#7111));
#7093=FILL_AREA_STYLE('',(#7112));
#7094=FILL_AREA_STYLE('',(#7113));
#7095=FILL_AREA_STYLE('',(#7114));
#7096=FILL_AREA_STYLE('',(#7115));
#7097=FILL_AREA_STYLE('',(#7116));
#7098=FILL_AREA_STYLE('',(#7117));
#7099=FILL_AREA_STYLE_COLOUR('',#7118);
#7100=FILL_AREA_STYLE_COLOUR('',#7118);
#7101=FILL_AREA_STYLE_COLOUR('',#7118);
#7102=FILL_AREA_STYLE_COLOUR('',#7118);
#7103=FILL_AREA_STYLE_COLOUR('',#7118);
#7104=FILL_AREA_STYLE_COLOUR('',#7118);
#7105=FILL_AREA_STYLE_COLOUR('',#7118);
#7106=FILL_AREA_STYLE_COLOUR('',#7118);
#7107=FILL_AREA_STYLE_COLOUR('',#7118);
#7108=FILL_AREA_STYLE_COLOUR('',#7118);
#7109=FILL_AREA_STYLE_COLOUR('',#7118);
#7110=FILL_AREA_STYLE_COLOUR('',#7118);
#7111=FILL_AREA_STYLE_COLOUR('',#7118);
#7112=FILL_AREA_STYLE_COLOUR('',#7118);
#7113=FILL_AREA_STYLE_COLOUR('',#7118);
#7114=FILL_AREA_STYLE_COLOUR('',#7118);
#7115=FILL_AREA_STYLE_COLOUR('',#7118);
#7116=FILL_AREA_STYLE_COLOUR('',#7118);
#7117=FILL_AREA_STYLE_COLOUR('',#7118);
#7118=COLOUR_RGB('',0.615686274509804,0.811764705882353,0.929411764705882);
#7119=MANIFOLD_SOLID_BREP('Part 1',#6966);
#7120=MANIFOLD_SOLID_BREP('Part 1',#6967);
#7121=MANIFOLD_SOLID_BREP('Part 1',#6968);
#7122=MANIFOLD_SOLID_BREP('Part 1',#6969);
#7123=MANIFOLD_SOLID_BREP('Part 1',#6970);
#7124=MANIFOLD_SOLID_BREP('Part 1',#6971);
#7125=MANIFOLD_SOLID_BREP('Part 1',#6972);
#7126=MANIFOLD_SOLID_BREP('Part 1',#6973);
#7127=MANIFOLD_SOLID_BREP('Part 1',#6974);
#7128=MANIFOLD_SOLID_BREP('Part 1',#6975);
#7129=MANIFOLD_SOLID_BREP('Part 1',#6976);
#7130=MANIFOLD_SOLID_BREP('Part 1',#6977);
#7131=MANIFOLD_SOLID_BREP('Part 1',#6978);
#7132=MANIFOLD_SOLID_BREP('Part 1',#6979);
#7133=MANIFOLD_SOLID_BREP('Part 1',#6980);
#7134=MANIFOLD_SOLID_BREP('Part 1',#6981);
#7135=MANIFOLD_SOLID_BREP('Part 1',#6982);
#7136=MANIFOLD_SOLID_BREP('Part 1',#6983);
#7137=MANIFOLD_SOLID_BREP('Part 1',#6984);
#7138=SHAPE_DEFINITION_REPRESENTATION(#12359,#7158);
#7139=SHAPE_DEFINITION_REPRESENTATION(#12360,#7159);
#7140=SHAPE_DEFINITION_REPRESENTATION(#12362,#7160);
#7141=SHAPE_DEFINITION_REPRESENTATION(#12364,#7161);
#7142=SHAPE_DEFINITION_REPRESENTATION(#12366,#7162);
#7143=SHAPE_DEFINITION_REPRESENTATION(#12368,#7163);
#7144=SHAPE_DEFINITION_REPRESENTATION(#12370,#7164);
#7145=SHAPE_DEFINITION_REPRESENTATION(#12372,#7165);
#7146=SHAPE_DEFINITION_REPRESENTATION(#12374,#7166);
#7147=SHAPE_DEFINITION_REPRESENTATION(#12376,#7167);
#7148=SHAPE_DEFINITION_REPRESENTATION(#12381,#7168);
#7149=SHAPE_DEFINITION_REPRESENTATION(#12383,#7169);
#7150=SHAPE_DEFINITION_REPRESENTATION(#12385,#7170);
#7151=SHAPE_DEFINITION_REPRESENTATION(#12387,#7171);
#7152=SHAPE_DEFINITION_REPRESENTATION(#12389,#7172);
#7153=SHAPE_DEFINITION_REPRESENTATION(#12395,#7173);
#7154=SHAPE_DEFINITION_REPRESENTATION(#12401,#7174);
#7155=SHAPE_DEFINITION_REPRESENTATION(#12412,#7175);
#7156=SHAPE_DEFINITION_REPRESENTATION(#12441,#7176);
#7157=SHAPE_DEFINITION_REPRESENTATION(#12464,#7177);
#7158=SHAPE_REPRESENTATION('Drone Frame',(#7178,#7187,#7199,#7209,#7269,
#7308,#7356,#7393,#7402,#7462,#7463,#7464,#7465,#7475,#7491,#7642,#7701,
#7711,#7712,#7713,#7714,#7715,#7793,#7794,#7795,#7796,#7797,#7848,#7849,
#7850,#7851,#7852,#7853,#7854,#7855,#7856,#7857,#7867,#7868,#7869,#7870,
#7871,#7872,#7873,#7874,#7875,#7876,#7877,#7878,#7879,#7880,#7881,#7882,
#7883,#7884,#7885,#7886,#7887,#7888,#7889,#7890,#7891,#7892,#7893,#7894,
#7901,#7902,#7903,#7904,#7905,#7906,#7907,#7908,#7909,#7910,#7911,#7912,
#7913,#7914,#7915,#7916,#7917,#7918,#7919,#7920,#7921,#7922,#7940,#7941,
#7942,#7943,#7944,#7945,#7946,#7947,#7948,#7949,#7950,#7951),#12316);
#7159=SHAPE_REPRESENTATION('Part 1',(#7178),#12317);
#7160=SHAPE_REPRESENTATION('Part 1',(#7178),#12318);
#7161=SHAPE_REPRESENTATION('Part 1',(#7178),#12319);
#7162=SHAPE_REPRESENTATION('Part 1',(#7178),#12320);
#7163=SHAPE_REPRESENTATION('Part 1',(#7178),#12321);
#7164=SHAPE_REPRESENTATION('Part 1',(#7178),#12322);
#7165=SHAPE_REPRESENTATION('Part 1',(#7178),#12323);
#7166=SHAPE_REPRESENTATION('Part 1',(#7178),#12324);
#7167=SHAPE_REPRESENTATION('Part 1',(#7178),#12325);
#7168=SHAPE_REPRESENTATION('Part 1',(#7178),#12326);
#7169=SHAPE_REPRESENTATION('Part 1',(#7178),#12327);
#7170=SHAPE_REPRESENTATION('Part 1',(#7178),#12328);
#7171=SHAPE_REPRESENTATION('Part 1',(#7178),#12329);
#7172=SHAPE_REPRESENTATION('Part 1',(#7178),#12330);
#7173=SHAPE_REPRESENTATION('Part 1',(#7178),#12331);
#7174=SHAPE_REPRESENTATION('Part 1',(#7178),#12332);
#7175=SHAPE_REPRESENTATION('Part 1',(#7178),#12333);
#7176=SHAPE_REPRESENTATION('Part 1',(#7178),#12334);
#7177=SHAPE_REPRESENTATION('Part 1',(#7178),#12335);
#7178=AXIS2_PLACEMENT_3D('',#9989,#7952,#7953);
#7179=AXIS2_PLACEMENT_3D('',#9990,#7954,#7955);
#7180=AXIS2_PLACEMENT_3D('',#9991,#7956,#7957);
#7181=AXIS2_PLACEMENT_3D('',#9993,#7958,#7959);
#7182=AXIS2_PLACEMENT_3D('',#9995,#7960,#7961);
#7183=AXIS2_PLACEMENT_3D('',#9996,#7962,#7963);
#7184=AXIS2_PLACEMENT_3D('',#9998,#7964,#7965);
#7185=AXIS2_PLACEMENT_3D('',#10000,#7966,#7967);
#7186=AXIS2_PLACEMENT_3D('',#10001,#7968,#7969);
#7187=AXIS2_PLACEMENT_3D('',#10002,#7970,#7971);
#7188=AXIS2_PLACEMENT_3D('',#10003,#7972,#7973);
#7189=AXIS2_PLACEMENT_3D('',#10012,#7978,#7979);
#7190=AXIS2_PLACEMENT_3D('',#10018,#7983,#7984);
#7191=AXIS2_PLACEMENT_3D('',#10024,#7988,#7989);
#7192=AXIS2_PLACEMENT_3D('',#10030,#7993,#7994);
#7193=AXIS2_PLACEMENT_3D('',#10036,#7998,#7999);
#7194=AXIS2_PLACEMENT_3D('',#10037,#8000,#8001);
#7195=AXIS2_PLACEMENT_3D('',#10039,#8002,#8003);
#7196=AXIS2_PLACEMENT_3D('',#10041,#8004,#8005);
#7197=AXIS2_PLACEMENT_3D('',#10044,#8008,#8009);
#7198=AXIS2_PLACEMENT_3D('',#10045,#8010,#8011);
#7199=AXIS2_PLACEMENT_3D('',#10046,#8012,#8013);
#7200=AXIS2_PLACEMENT_3D('',#10047,#8014,#8015);
#7201=AXIS2_PLACEMENT_3D('',#10048,#8016,#8017);
#7202=AXIS2_PLACEMENT_3D('',#10050,#8018,#8019);
#7203=AXIS2_PLACEMENT_3D('',#10052,#8020,#8021);
#7204=AXIS2_PLACEMENT_3D('',#10053,#8022,#8023);
#7205=AXIS2_PLACEMENT_3D('',#10055,#8024,#8025);
#7206=AXIS2_PLACEMENT_3D('',#10056,#8026,#8027);
#7207=AXIS2_PLACEMENT_3D('',#10057,#8028,#8029);
#7208=AXIS2_PLACEMENT_3D('',#10059,#8030,#8031);
#7209=AXIS2_PLACEMENT_3D('',#10060,#8032,#8033);
#7210=AXIS2_PLACEMENT_3D('',#10061,#8034,#8035);
#7211=AXIS2_PLACEMENT_3D('',#10062,#8036,#8037);
#7212=AXIS2_PLACEMENT_3D('',#10064,#8038,#8039);
#7213=AXIS2_PLACEMENT_3D('',#10066,#8040,#8041);
#7214=AXIS2_PLACEMENT_3D('',#10067,#8042,#8043);
#7215=AXIS2_PLACEMENT_3D('',#10069,#8044,#8045);
#7216=AXIS2_PLACEMENT_3D('',#10071,#8046,#8047);
#7217=AXIS2_PLACEMENT_3D('',#10072,#8048,#8049);
#7218=AXIS2_PLACEMENT_3D('',#10074,#8050,#8051);
#7219=AXIS2_PLACEMENT_3D('',#10076,#8052,#8053);
#7220=AXIS2_PLACEMENT_3D('',#10077,#8054,#8055);
#7221=AXIS2_PLACEMENT_3D('',#10079,#8056,#8057);
#7222=AXIS2_PLACEMENT_3D('',#10081,#8058,#8059);
#7223=AXIS2_PLACEMENT_3D('',#10082,#8060,#8061);
#7224=AXIS2_PLACEMENT_3D('',#10084,#8062,#8063);
#7225=AXIS2_PLACEMENT_3D('',#10086,#8064,#8065);
#7226=AXIS2_PLACEMENT_3D('',#10087,#8066,#8067);
#7227=AXIS2_PLACEMENT_3D('',#10089,#8068,#8069);
#7228=AXIS2_PLACEMENT_3D('',#10091,#8070,#8071);
#7229=AXIS2_PLACEMENT_3D('',#10092,#8072,#8073);
#7230=AXIS2_PLACEMENT_3D('',#10094,#8074,#8075);
#7231=AXIS2_PLACEMENT_3D('',#10096,#8076,#8077);
#7232=AXIS2_PLACEMENT_3D('',#10098,#8078,#8079);
#7233=AXIS2_PLACEMENT_3D('',#10100,#8080,#8081);
#7234=AXIS2_PLACEMENT_3D('',#10109,#8085,#8086);
#7235=AXIS2_PLACEMENT_3D('',#10116,#8090,#8091);
#7236=AXIS2_PLACEMENT_3D('',#10126,#8097,#8098);
#7237=AXIS2_PLACEMENT_3D('',#10130,#8101,#8102);
#7238=AXIS2_PLACEMENT_3D('',#10133,#8104,#8105);
#7239=AXIS2_PLACEMENT_3D('',#10134,#8106,#8107);
#7240=AXIS2_PLACEMENT_3D('',#10138,#8110,#8111);
#7241=AXIS2_PLACEMENT_3D('',#10146,#8116,#8117);
#7242=AXIS2_PLACEMENT_3D('',#10149,#8120,#8121);
#7243=AXIS2_PLACEMENT_3D('',#10150,#8122,#8123);
#7244=AXIS2_PLACEMENT_3D('',#10152,#8124,#8125);
#7245=AXIS2_PLACEMENT_3D('',#10154,#8126,#8127);
#7246=AXIS2_PLACEMENT_3D('',#10158,#8130,#8131);
#7247=AXIS2_PLACEMENT_3D('',#10160,#8133,#8134);
#7248=AXIS2_PLACEMENT_3D('',#10161,#8135,#8136);
#7249=AXIS2_PLACEMENT_3D('',#10162,#8137,#8138);
#7250=AXIS2_PLACEMENT_3D('',#10164,#8139,#8140);
#7251=AXIS2_PLACEMENT_3D('',#10165,#8141,#8142);
#7252=AXIS2_PLACEMENT_3D('',#10166,#8143,#8144);
#7253=AXIS2_PLACEMENT_3D('',#10168,#8145,#8146);
#7254=AXIS2_PLACEMENT_3D('',#10169,#8147,#8148);
#7255=AXIS2_PLACEMENT_3D('',#10170,#8149,#8150);
#7256=AXIS2_PLACEMENT_3D('',#10172,#8151,#8152);
#7257=AXIS2_PLACEMENT_3D('',#10173,#8153,#8154);
#7258=AXIS2_PLACEMENT_3D('',#10174,#8155,#8156);
#7259=AXIS2_PLACEMENT_3D('',#10176,#8157,#8158);
#7260=AXIS2_PLACEMENT_3D('',#10177,#8159,#8160);
#7261=AXIS2_PLACEMENT_3D('',#10178,#8161,#8162);
#7262=AXIS2_PLACEMENT_3D('',#10180,#8163,#8164);
#7263=AXIS2_PLACEMENT_3D('',#10181,#8165,#8166);
#7264=AXIS2_PLACEMENT_3D('',#10182,#8167,#8168);
#7265=AXIS2_PLACEMENT_3D('',#10184,#8169,#8170);
#7266=AXIS2_PLACEMENT_3D('',#10185,#8171,#8172);
#7267=AXIS2_PLACEMENT_3D('',#10186,#8173,#8174);
#7268=AXIS2_PLACEMENT_3D('',#10188,#8175,#8176);
#7269=AXIS2_PLACEMENT_3D('',#10189,#8177,#8178);
#7270=AXIS2_PLACEMENT_3D('',#10190,#8179,#8180);
#7271=AXIS2_PLACEMENT_3D('',#10191,#8181,#8182);
#7272=AXIS2_PLACEMENT_3D('',#10193,#8183,#8184);
#7273=AXIS2_PLACEMENT_3D('',#10195,#8185,#8186);
#7274=AXIS2_PLACEMENT_3D('',#10196,#8187,#8188);
#7275=AXIS2_PLACEMENT_3D('',#10198,#8189,#8190);
#7276=AXIS2_PLACEMENT_3D('',#10200,#8191,#8192);
#7277=AXIS2_PLACEMENT_3D('',#10201,#8193,#8194);
#7278=AXIS2_PLACEMENT_3D('',#10203,#8195,#8196);
#7279=AXIS2_PLACEMENT_3D('',#10204,#8197,#8198);
#7280=AXIS2_PLACEMENT_3D('',#10206,#8199,#8200);
#7281=AXIS2_PLACEMENT_3D('',#10207,#8201,#8202);
#7282=AXIS2_PLACEMENT_3D('',#10208,#8203,#8204);
#7283=AXIS2_PLACEMENT_3D('',#10210,#8205,#8206);
#7284=AXIS2_PLACEMENT_3D('',#10212,#8207,#8208);
#7285=AXIS2_PLACEMENT_3D('',#10213,#8209,#8210);
#7286=AXIS2_PLACEMENT_3D('',#10214,#8211,#8212);
#7287=AXIS2_PLACEMENT_3D('',#10215,#8213,#8214);
#7288=AXIS2_PLACEMENT_3D('',#10218,#8215,#8216);
#7289=AXIS2_PLACEMENT_3D('',#10220,#8217,#8218);
#7290=AXIS2_PLACEMENT_3D('',#10222,#8219,#8220);
#7291=AXIS2_PLACEMENT_3D('',#10223,#8221,#8222);
#7292=AXIS2_PLACEMENT_3D('',#10224,#8223,#8224);
#7293=AXIS2_PLACEMENT_3D('',#10226,#8225,#8226);
#7294=AXIS2_PLACEMENT_3D('',#10228,#8227,#8228);
#7295=AXIS2_PLACEMENT_3D('',#10229,#8229,#8230);
#7296=AXIS2_PLACEMENT_3D('',#10231,#8231,#8232);
#7297=AXIS2_PLACEMENT_3D('',#10233,#8233,#8234);
#7298=AXIS2_PLACEMENT_3D('',#10235,#8235,#8236);
#7299=AXIS2_PLACEMENT_3D('',#10237,#8237,#8238);
#7300=AXIS2_PLACEMENT_3D('',#10238,#8239,#8240);
#7301=AXIS2_PLACEMENT_3D('',#10239,#8241,#8242);
#7302=AXIS2_PLACEMENT_3D('',#10240,#8243,#8244);
#7303=AXIS2_PLACEMENT_3D('',#10241,#8245,#8246);
#7304=AXIS2_PLACEMENT_3D('',#10242,#8247,#8248);
#7305=AXIS2_PLACEMENT_3D('',#10243,#8249,#8250);
#7306=AXIS2_PLACEMENT_3D('',#10244,#8251,#8252);
#7307=AXIS2_PLACEMENT_3D('',#10245,#8253,#8254);
#7308=AXIS2_PLACEMENT_3D('',#10246,#8255,#8256);
#7309=AXIS2_PLACEMENT_3D('',#10247,#8257,#8258);
#7310=AXIS2_PLACEMENT_3D('',#10248,#8259,#8260);
#7311=AXIS2_PLACEMENT_3D('',#10256,#8261,#8262);
#7312=AXIS2_PLACEMENT_3D('',#10262,#8263,#8264);
#7313=AXIS2_PLACEMENT_3D('',#10263,#8265,#8266);
#7314=AXIS2_PLACEMENT_3D('',#10270,#8267,#8268);
#7315=AXIS2_PLACEMENT_3D('',#10276,#8269,#8270);
#7316=AXIS2_PLACEMENT_3D('',#10277,#8271,#8272);
#7317=AXIS2_PLACEMENT_3D('',#10284,#8273,#8274);
#7318=AXIS2_PLACEMENT_3D('',#10290,#8275,#8276);
#7319=AXIS2_PLACEMENT_3D('',#10305,#8280,#8281);
#7320=AXIS2_PLACEMENT_3D('',#10320,#8282,#8283);
#7321=AXIS2_PLACEMENT_3D('',#10338,#8285,#8286);
#7322=AXIS2_PLACEMENT_3D('',#10350,#8289,#8290);
#7323=AXIS2_PLACEMENT_3D('',#10362,#8294,#8295);
#7324=AXIS2_PLACEMENT_3D('',#10377,#8299,#8300);
#7325=AXIS2_PLACEMENT_3D('',#10409,#8302,#8303);
#7326=AXIS2_PLACEMENT_3D('',#10410,#8304,#8305);
#7327=AXIS2_PLACEMENT_3D('',#10422,#8308,#8309);
#7328=AXIS2_PLACEMENT_3D('',#10434,#8313,#8314);
#7329=AXIS2_PLACEMENT_3D('',#10449,#8318,#8319);
#7330=AXIS2_PLACEMENT_3D('',#10464,#8320,#8321);
#7331=AXIS2_PLACEMENT_3D('',#10482,#8323,#8324);
#7332=AXIS2_PLACEMENT_3D('',#10494,#8327,#8328);
#7333=AXIS2_PLACEMENT_3D('',#10506,#8332,#8333);
#7334=AXIS2_PLACEMENT_3D('',#10521,#8337,#8338);
#7335=AXIS2_PLACEMENT_3D('',#10540,#8340,#8341);
#7336=AXIS2_PLACEMENT_3D('',#10556,#8342,#8343);
#7337=AXIS2_PLACEMENT_3D('',#10557,#8344,#8345);
#7338=AXIS2_PLACEMENT_3D('',#10569,#8348,#8349);
#7339=AXIS2_PLACEMENT_3D('',#10581,#8353,#8354);
#7340=AXIS2_PLACEMENT_3D('',#10582,#8355,#8356);
#7341=AXIS2_PLACEMENT_3D('',#10591,#8357,#8358);
#7342=AXIS2_PLACEMENT_3D('',#10592,#8359,#8360);
#7343=AXIS2_PLACEMENT_3D('',#10666,#8369,#8370);
#7344=AXIS2_PLACEMENT_3D('',#10667,#8371,#8372);
#7345=AXIS2_PLACEMENT_3D('',#10669,#8373,#8374);
#7346=AXIS2_PLACEMENT_3D('',#10670,#8375,#8376);
#7347=AXIS2_PLACEMENT_3D('',#10672,#8377,#8378);
#7348=AXIS2_PLACEMENT_3D('',#10673,#8379,#8380);
#7349=AXIS2_PLACEMENT_3D('',#10722,#8381,#8382);
#7350=AXIS2_PLACEMENT_3D('',#10747,#8383,#8384);
#7351=AXIS2_PLACEMENT_3D('',#10748,#8385,#8386);
#7352=AXIS2_PLACEMENT_3D('',#10797,#8387,#8388);
#7353=AXIS2_PLACEMENT_3D('',#10798,#8389,#8390);
#7354=AXIS2_PLACEMENT_3D('',#10823,#8391,#8392);
#7355=AXIS2_PLACEMENT_3D('',#10872,#8393,#8394);
#7356=AXIS2_PLACEMENT_3D('',#10873,#8395,#8396);
#7357=AXIS2_PLACEMENT_3D('',#10874,#8397,#8398);
#7358=AXIS2_PLACEMENT_3D('',#10883,#8403,#8404);
#7359=AXIS2_PLACEMENT_3D('',#10889,#8408,#8409);
#7360=AXIS2_PLACEMENT_3D('',#10895,#8413,#8414);
#7361=AXIS2_PLACEMENT_3D('',#10898,#8417,#8418);
#7362=AXIS2_PLACEMENT_3D('',#10899,#8419,#8420);
#7363=AXIS2_PLACEMENT_3D('',#10901,#8421,#8422);
#7364=AXIS2_PLACEMENT_3D('',#10903,#8423,#8424);
#7365=AXIS2_PLACEMENT_3D('',#10905,#8425,#8426);
#7366=AXIS2_PLACEMENT_3D('',#10907,#8427,#8428);
#7367=AXIS2_PLACEMENT_3D('',#10908,#8429,#8430);
#7368=AXIS2_PLACEMENT_3D('',#10910,#8431,#8432);
#7369=AXIS2_PLACEMENT_3D('',#10912,#8433,#8434);
#7370=AXIS2_PLACEMENT_3D('',#10914,#8435,#8436);
#7371=AXIS2_PLACEMENT_3D('',#10916,#8437,#8438);
#7372=AXIS2_PLACEMENT_3D('',#10917,#8439,#8440);
#7373=AXIS2_PLACEMENT_3D('',#10919,#8441,#8442);
#7374=AXIS2_PLACEMENT_3D('',#10920,#8443,#8444);
#7375=AXIS2_PLACEMENT_3D('',#10922,#8445,#8446);
#7376=AXIS2_PLACEMENT_3D('',#10923,#8447,#8448);
#7377=AXIS2_PLACEMENT_3D('',#10925,#8449,#8450);
#7378=AXIS2_PLACEMENT_3D('',#10926,#8451,#8452);
#7379=AXIS2_PLACEMENT_3D('',#10928,#8453,#8454);
#7380=AXIS2_PLACEMENT_3D('',#10937,#8459,#8460);
#7381=AXIS2_PLACEMENT_3D('',#10943,#8464,#8465);
#7382=AXIS2_PLACEMENT_3D('',#10949,#8469,#8470);
#7383=AXIS2_PLACEMENT_3D('',#10952,#8473,#8474);
#7384=AXIS2_PLACEMENT_3D('',#10953,#8475,#8476);
#7385=AXIS2_PLACEMENT_3D('',#10955,#8477,#8478);
#7386=AXIS2_PLACEMENT_3D('',#10957,#8479,#8480);
#7387=AXIS2_PLACEMENT_3D('',#10959,#8481,#8482);
#7388=AXIS2_PLACEMENT_3D('',#10961,#8483,#8484);
#7389=AXIS2_PLACEMENT_3D('',#10962,#8485,#8486);
#7390=AXIS2_PLACEMENT_3D('',#10963,#8487,#8488);
#7391=AXIS2_PLACEMENT_3D('',#10964,#8489,#8490);
#7392=AXIS2_PLACEMENT_3D('',#10965,#8491,#8492);
#7393=AXIS2_PLACEMENT_3D('',#10966,#8493,#8494);
#7394=AXIS2_PLACEMENT_3D('',#10967,#8495,#8496);
#7395=AXIS2_PLACEMENT_3D('',#10968,#8497,#8498);
#7396=AXIS2_PLACEMENT_3D('',#10970,#8499,#8500);
#7397=AXIS2_PLACEMENT_3D('',#10972,#8501,#8502);
#7398=AXIS2_PLACEMENT_3D('',#10973,#8503,#8504);
#7399=AXIS2_PLACEMENT_3D('',#10975,#8505,#8506);
#7400=AXIS2_PLACEMENT_3D('',#10977,#8507,#8508);
#7401=AXIS2_PLACEMENT_3D('',#10978,#8509,#8510);
#7402=AXIS2_PLACEMENT_3D('',#10979,#8511,#8512);
#7403=AXIS2_PLACEMENT_3D('',#10980,#8513,#8514);
#7404=AXIS2_PLACEMENT_3D('',#10981,#8515,#8516);
#7405=AXIS2_PLACEMENT_3D('',#10983,#8517,#8518);
#7406=AXIS2_PLACEMENT_3D('',#10985,#8519,#8520);
#7407=AXIS2_PLACEMENT_3D('',#10986,#8521,#8522);
#7408=AXIS2_PLACEMENT_3D('',#10988,#8523,#8524);
#7409=AXIS2_PLACEMENT_3D('',#10990,#8525,#8526);
#7410=AXIS2_PLACEMENT_3D('',#10991,#8527,#8528);
#7411=AXIS2_PLACEMENT_3D('',#10993,#8529,#8530);
#7412=AXIS2_PLACEMENT_3D('',#10995,#8531,#8532);
#7413=AXIS2_PLACEMENT_3D('',#10996,#8533,#8534);
#7414=AXIS2_PLACEMENT_3D('',#10998,#8535,#8536);
#7415=AXIS2_PLACEMENT_3D('',#11000,#8537,#8538);
#7416=AXIS2_PLACEMENT_3D('',#11001,#8539,#8540);
#7417=AXIS2_PLACEMENT_3D('',#11003,#8541,#8542);
#7418=AXIS2_PLACEMENT_3D('',#11005,#8543,#8544);
#7419=AXIS2_PLACEMENT_3D('',#11006,#8545,#8546);
#7420=AXIS2_PLACEMENT_3D('',#11008,#8547,#8548);
#7421=AXIS2_PLACEMENT_3D('',#11010,#8549,#8550);
#7422=AXIS2_PLACEMENT_3D('',#11023,#8557,#8558);
#7423=AXIS2_PLACEMENT_3D('',#11029,#8562,#8563);
#7424=AXIS2_PLACEMENT_3D('',#11030,#8564,#8565);
#7425=AXIS2_PLACEMENT_3D('',#11032,#8566,#8567);
#7426=AXIS2_PLACEMENT_3D('',#11034,#8568,#8569);
#7427=AXIS2_PLACEMENT_3D('',#11036,#8570,#8571);
#7428=AXIS2_PLACEMENT_3D('',#11038,#8572,#8573);
#7429=AXIS2_PLACEMENT_3D('',#11048,#8578,#8579);
#7430=AXIS2_PLACEMENT_3D('',#11051,#8581,#8582);
#7431=AXIS2_PLACEMENT_3D('',#11058,#8587,#8588);
#7432=AXIS2_PLACEMENT_3D('',#11062,#8591,#8592);
#7433=AXIS2_PLACEMENT_3D('',#11063,#8593,#8594);
#7434=AXIS2_PLACEMENT_3D('',#11066,#8596,#8597);
#7435=AXIS2_PLACEMENT_3D('',#11068,#8599,#8600);
#7436=AXIS2_PLACEMENT_3D('',#11069,#8601,#8602);
#7437=AXIS2_PLACEMENT_3D('',#11071,#8603,#8604);
#7438=AXIS2_PLACEMENT_3D('',#11073,#8605,#8606);
#7439=AXIS2_PLACEMENT_3D('',#11077,#8609,#8610);
#7440=AXIS2_PLACEMENT_3D('',#11079,#8612,#8613);
#7441=AXIS2_PLACEMENT_3D('',#11080,#8614,#8615);
#7442=AXIS2_PLACEMENT_3D('',#11081,#8616,#8617);
#7443=AXIS2_PLACEMENT_3D('',#11083,#8618,#8619);
#7444=AXIS2_PLACEMENT_3D('',#11084,#8620,#8621);
#7445=AXIS2_PLACEMENT_3D('',#11085,#8622,#8623);
#7446=AXIS2_PLACEMENT_3D('',#11087,#8624,#8625);
#7447=AXIS2_PLACEMENT_3D('',#11088,#8626,#8627);
#7448=AXIS2_PLACEMENT_3D('',#11089,#8628,#8629);
#7449=AXIS2_PLACEMENT_3D('',#11091,#8630,#8631);
#7450=AXIS2_PLACEMENT_3D('',#11092,#8632,#8633);
#7451=AXIS2_PLACEMENT_3D('',#11093,#8634,#8635);
#7452=AXIS2_PLACEMENT_3D('',#11095,#8636,#8637);
#7453=AXIS2_PLACEMENT_3D('',#11096,#8638,#8639);
#7454=AXIS2_PLACEMENT_3D('',#11097,#8640,#8641);
#7455=AXIS2_PLACEMENT_3D('',#11099,#8642,#8643);
#7456=AXIS2_PLACEMENT_3D('',#11100,#8644,#8645);
#7457=AXIS2_PLACEMENT_3D('',#11101,#8646,#8647);
#7458=AXIS2_PLACEMENT_3D('',#11103,#8648,#8649);
#7459=AXIS2_PLACEMENT_3D('',#11104,#8650,#8651);
#7460=AXIS2_PLACEMENT_3D('',#11105,#8652,#8653);
#7461=AXIS2_PLACEMENT_3D('',#11107,#8654,#8655);
#7462=AXIS2_PLACEMENT_3D('',#11108,#8656,#8657);
#7463=AXIS2_PLACEMENT_3D('',#11109,#8658,#8659);
#7464=AXIS2_PLACEMENT_3D('',#11110,#8660,#8661);
#7465=AXIS2_PLACEMENT_3D('',#11111,#8662,#8663);
#7466=AXIS2_PLACEMENT_3D('',#11112,#8664,#8665);
#7467=AXIS2_PLACEMENT_3D('',#11113,#8666,#8667);
#7468=AXIS2_PLACEMENT_3D('',#11115,#8668,#8669);
#7469=AXIS2_PLACEMENT_3D('',#11117,#8670,#8671);
#7470=AXIS2_PLACEMENT_3D('',#11118,#8672,#8673);
#7471=AXIS2_PLACEMENT_3D('',#11120,#8674,#8675);
#7472=AXIS2_PLACEMENT_3D('',#11121,#8676,#8677);
#7473=AXIS2_PLACEMENT_3D('',#11122,#8678,#8679);
#7474=AXIS2_PLACEMENT_3D('',#11124,#8680,#8681);
#7475=AXIS2_PLACEMENT_3D('',#11125,#8682,#8683);
#7476=AXIS2_PLACEMENT_3D('',#11126,#8684,#8685);
#7477=AXIS2_PLACEMENT_3D('',#11135,#8690,#8691);
#7478=AXIS2_PLACEMENT_3D('',#11141,#8695,#8696);
#7479=AXIS2_PLACEMENT_3D('',#11147,#8700,#8701);
#7480=AXIS2_PLACEMENT_3D('',#11153,#8705,#8706);
#7481=AXIS2_PLACEMENT_3D('',#11159,#8710,#8711);
#7482=AXIS2_PLACEMENT_3D('',#11160,#8712,#8713);
#7483=AXIS2_PLACEMENT_3D('',#11162,#8714,#8715);
#7484=AXIS2_PLACEMENT_3D('',#11164,#8716,#8717);
#7485=AXIS2_PLACEMENT_3D('',#11167,#8720,#8721);
#7486=AXIS2_PLACEMENT_3D('',#11168,#8722,#8723);
#7487=AXIS2_PLACEMENT_3D('',#11169,#8724,#8725);
#7488=AXIS2_PLACEMENT_3D('',#11171,#8726,#8727);
#7489=AXIS2_PLACEMENT_3D('',#11173,#8728,#8729);
#7490=AXIS2_PLACEMENT_3D('',#11174,#8730,#8731);
#7491=AXIS2_PLACEMENT_3D('',#11175,#8732,#8733);
#7492=AXIS2_PLACEMENT_3D('',#11176,#8734,#8735);
#7493=AXIS2_PLACEMENT_3D('',#11189,#8742,#8743);
#7494=AXIS2_PLACEMENT_3D('',#11190,#8744,#8745);
#7495=AXIS2_PLACEMENT_3D('',#11192,#8746,#8747);
#7496=AXIS2_PLACEMENT_3D('',#11194,#8748,#8749);
#7497=AXIS2_PLACEMENT_3D('',#11195,#8750,#8751);
#7498=AXIS2_PLACEMENT_3D('',#11197,#8752,#8753);
#7499=AXIS2_PLACEMENT_3D('',#11199,#8754,#8755);
#7500=AXIS2_PLACEMENT_3D('',#11200,#8756,#8757);
#7501=AXIS2_PLACEMENT_3D('',#11202,#8758,#8759);
#7502=AXIS2_PLACEMENT_3D('',#11204,#8760,#8761);
#7503=AXIS2_PLACEMENT_3D('',#11205,#8762,#8763);
#7504=AXIS2_PLACEMENT_3D('',#11207,#8764,#8765);
#7505=AXIS2_PLACEMENT_3D('',#11209,#8766,#8767);
#7506=AXIS2_PLACEMENT_3D('',#11210,#8768,#8769);
#7507=AXIS2_PLACEMENT_3D('',#11212,#8770,#8771);
#7508=AXIS2_PLACEMENT_3D('',#11214,#8772,#8773);
#7509=AXIS2_PLACEMENT_3D('',#11215,#8774,#8775);
#7510=AXIS2_PLACEMENT_3D('',#11217,#8776,#8777);
#7511=AXIS2_PLACEMENT_3D('',#11219,#8778,#8779);
#7512=AXIS2_PLACEMENT_3D('',#11220,#8780,#8781);
#7513=AXIS2_PLACEMENT_3D('',#11222,#8782,#8783);
#7514=AXIS2_PLACEMENT_3D('',#11224,#8784,#8785);
#7515=AXIS2_PLACEMENT_3D('',#11225,#8786,#8787);
#7516=AXIS2_PLACEMENT_3D('',#11227,#8788,#8789);
#7517=AXIS2_PLACEMENT_3D('',#11229,#8790,#8791);
#7518=AXIS2_PLACEMENT_3D('',#11230,#8792,#8793);
#7519=AXIS2_PLACEMENT_3D('',#11232,#8794,#8795);
#7520=AXIS2_PLACEMENT_3D('',#11234,#8796,#8797);
#7521=AXIS2_PLACEMENT_3D('',#11235,#8798,#8799);
#7522=AXIS2_PLACEMENT_3D('',#11237,#8800,#8801);
#7523=AXIS2_PLACEMENT_3D('',#11239,#8802,#8803);
#7524=AXIS2_PLACEMENT_3D('',#11240,#8804,#8805);
#7525=AXIS2_PLACEMENT_3D('',#11242,#8806,#8807);
#7526=AXIS2_PLACEMENT_3D('',#11244,#8808,#8809);
#7527=AXIS2_PLACEMENT_3D('',#11245,#8810,#8811);
#7528=AXIS2_PLACEMENT_3D('',#11247,#8812,#8813);
#7529=AXIS2_PLACEMENT_3D('',#11249,#8814,#8815);
#7530=AXIS2_PLACEMENT_3D('',#11258,#8820,#8821);
#7531=AXIS2_PLACEMENT_3D('',#11267,#8826,#8827);
#7532=AXIS2_PLACEMENT_3D('',#11269,#8828,#8829);
#7533=AXIS2_PLACEMENT_3D('',#11271,#8830,#8831);
#7534=AXIS2_PLACEMENT_3D('',#11273,#8832,#8833);
#7535=AXIS2_PLACEMENT_3D('',#11275,#8834,#8835);
#7536=AXIS2_PLACEMENT_3D('',#11277,#8836,#8837);
#7537=AXIS2_PLACEMENT_3D('',#11368,#8883,#8884);
#7538=AXIS2_PLACEMENT_3D('',#11369,#8885,#8886);
#7539=AXIS2_PLACEMENT_3D('',#11371,#8887,#8888);
#7540=AXIS2_PLACEMENT_3D('',#11373,#8889,#8890);
#7541=AXIS2_PLACEMENT_3D('',#11375,#8891,#8892);
#7542=AXIS2_PLACEMENT_3D('',#11377,#8893,#8894);
#7543=AXIS2_PLACEMENT_3D('',#11379,#8895,#8896);
#7544=AXIS2_PLACEMENT_3D('',#11381,#8897,#8898);
#7545=AXIS2_PLACEMENT_3D('',#11383,#8899,#8900);
#7546=AXIS2_PLACEMENT_3D('',#11385,#8901,#8902);
#7547=AXIS2_PLACEMENT_3D('',#11387,#8903,#8904);
#7548=AXIS2_PLACEMENT_3D('',#11446,#8934,#8935);
#7549=AXIS2_PLACEMENT_3D('',#11449,#8938,#8939);
#7550=AXIS2_PLACEMENT_3D('',#11452,#8942,#8943);
#7551=AXIS2_PLACEMENT_3D('',#11455,#8946,#8947);
#7552=AXIS2_PLACEMENT_3D('',#11461,#8951,#8952);
#7553=AXIS2_PLACEMENT_3D('',#11467,#8956,#8957);
#7554=AXIS2_PLACEMENT_3D('',#11480,#8964,#8965);
#7555=AXIS2_PLACEMENT_3D('',#11487,#8970,#8971);
#7556=AXIS2_PLACEMENT_3D('',#11498,#8978,#8979);
#7557=AXIS2_PLACEMENT_3D('',#11507,#8985,#8986);
#7558=AXIS2_PLACEMENT_3D('',#11511,#8989,#8990);
#7559=AXIS2_PLACEMENT_3D('',#11515,#8993,#8994);
#7560=AXIS2_PLACEMENT_3D('',#11520,#8998,#8999);
#7561=AXIS2_PLACEMENT_3D('',#11522,#9001,#9002);
#7562=AXIS2_PLACEMENT_3D('',#11530,#9007,#9008);
#7563=AXIS2_PLACEMENT_3D('',#11533,#9011,#9012);
#7564=AXIS2_PLACEMENT_3D('',#11536,#9015,#9016);
#7565=AXIS2_PLACEMENT_3D('',#11540,#9019,#9020);
#7566=AXIS2_PLACEMENT_3D('',#11542,#9022,#9023);
#7567=AXIS2_PLACEMENT_3D('',#11543,#9024,#9025);
#7568=AXIS2_PLACEMENT_3D('',#11551,#9030,#9031);
#7569=AXIS2_PLACEMENT_3D('',#11557,#9035,#9036);
#7570=AXIS2_PLACEMENT_3D('',#11563,#9040,#9041);
#7571=AXIS2_PLACEMENT_3D('',#11567,#9044,#9045);
#7572=AXIS2_PLACEMENT_3D('',#11571,#9048,#9049);
#7573=AXIS2_PLACEMENT_3D('',#11575,#9052,#9053);
#7574=AXIS2_PLACEMENT_3D('',#11577,#9055,#9056);
#7575=AXIS2_PLACEMENT_3D('',#11578,#9057,#9058);
#7576=AXIS2_PLACEMENT_3D('',#11582,#9061,#9062);
#7577=AXIS2_PLACEMENT_3D('',#11584,#9064,#9065);
#7578=AXIS2_PLACEMENT_3D('',#11585,#9066,#9067);
#7579=AXIS2_PLACEMENT_3D('',#11589,#9070,#9071);
#7580=AXIS2_PLACEMENT_3D('',#11591,#9073,#9074);
#7581=AXIS2_PLACEMENT_3D('',#11592,#9075,#9076);
#7582=AXIS2_PLACEMENT_3D('',#11596,#9079,#9080);
#7583=AXIS2_PLACEMENT_3D('',#11598,#9082,#9083);
#7584=AXIS2_PLACEMENT_3D('',#11599,#9084,#9085);
#7585=AXIS2_PLACEMENT_3D('',#11602,#9088,#9089);
#7586=AXIS2_PLACEMENT_3D('',#11604,#9091,#9092);
#7587=AXIS2_PLACEMENT_3D('',#11606,#9094,#9095);
#7588=AXIS2_PLACEMENT_3D('',#11609,#9098,#9099);
#7589=AXIS2_PLACEMENT_3D('',#11611,#9101,#9102);
#7590=AXIS2_PLACEMENT_3D('',#11613,#9104,#9105);
#7591=AXIS2_PLACEMENT_3D('',#11614,#9106,#9107);
#7592=AXIS2_PLACEMENT_3D('',#11615,#9108,#9109);
#7593=AXIS2_PLACEMENT_3D('',#11616,#9110,#9111);
#7594=AXIS2_PLACEMENT_3D('',#11617,#9112,#9113);
#7595=AXIS2_PLACEMENT_3D('',#11620,#9116,#9117);
#7596=AXIS2_PLACEMENT_3D('',#11622,#9119,#9120);
#7597=AXIS2_PLACEMENT_3D('',#11624,#9122,#9123);
#7598=AXIS2_PLACEMENT_3D('',#11626,#9125,#9126);
#7599=AXIS2_PLACEMENT_3D('',#11627,#9127,#9128);
#7600=AXIS2_PLACEMENT_3D('',#11628,#9129,#9130);
#7601=AXIS2_PLACEMENT_3D('',#11629,#9131,#9132);
#7602=AXIS2_PLACEMENT_3D('',#11631,#9134,#9135);
#7603=AXIS2_PLACEMENT_3D('',#11634,#9138,#9139);
#7604=AXIS2_PLACEMENT_3D('',#11636,#9141,#9142);
#7605=AXIS2_PLACEMENT_3D('',#11637,#9143,#9144);
#7606=AXIS2_PLACEMENT_3D('',#11638,#9145,#9146);
#7607=AXIS2_PLACEMENT_3D('',#11640,#9148,#9149);
#7608=AXIS2_PLACEMENT_3D('',#11641,#9150,#9151);
#7609=AXIS2_PLACEMENT_3D('',#11642,#9152,#9153);
#7610=AXIS2_PLACEMENT_3D('',#11643,#9154,#9155);
#7611=AXIS2_PLACEMENT_3D('',#11644,#9156,#9157);
#7612=AXIS2_PLACEMENT_3D('',#11645,#9158,#9159);
#7613=AXIS2_PLACEMENT_3D('',#11646,#9160,#9161);
#7614=AXIS2_PLACEMENT_3D('',#11647,#9162,#9163);
#7615=AXIS2_PLACEMENT_3D('',#11648,#9164,#9165);
#7616=AXIS2_PLACEMENT_3D('',#11649,#9166,#9167);
#7617=AXIS2_PLACEMENT_3D('',#11650,#9168,#9169);
#7618=AXIS2_PLACEMENT_3D('',#11651,#9170,#9171);
#7619=AXIS2_PLACEMENT_3D('',#11652,#9172,#9173);
#7620=AXIS2_PLACEMENT_3D('',#11653,#9174,#9175);
#7621=AXIS2_PLACEMENT_3D('',#11654,#9176,#9177);
#7622=AXIS2_PLACEMENT_3D('',#11655,#9178,#9179);
#7623=AXIS2_PLACEMENT_3D('',#11656,#9180,#9181);
#7624=AXIS2_PLACEMENT_3D('',#11658,#9182,#9183);
#7625=AXIS2_PLACEMENT_3D('',#11659,#9184,#9185);
#7626=AXIS2_PLACEMENT_3D('',#11660,#9186,#9187);
#7627=AXIS2_PLACEMENT_3D('',#11662,#9188,#9189);
#7628=AXIS2_PLACEMENT_3D('',#11663,#9190,#9191);
#7629=AXIS2_PLACEMENT_3D('',#11664,#9192,#9193);
#7630=AXIS2_PLACEMENT_3D('',#11666,#9194,#9195);
#7631=AXIS2_PLACEMENT_3D('',#11667,#9196,#9197);
#7632=AXIS2_PLACEMENT_3D('',#11668,#9198,#9199);
#7633=AXIS2_PLACEMENT_3D('',#11670,#9200,#9201);
#7634=AXIS2_PLACEMENT_3D('',#11671,#9202,#9203);
#7635=AXIS2_PLACEMENT_3D('',#11677,#9207,#9208);
#7636=AXIS2_PLACEMENT_3D('',#11681,#9211,#9212);
#7637=AXIS2_PLACEMENT_3D('',#11685,#9215,#9216);
#7638=AXIS2_PLACEMENT_3D('',#11687,#9218,#9219);
#7639=AXIS2_PLACEMENT_3D('',#11688,#9220,#9221);
#7640=AXIS2_PLACEMENT_3D('',#11692,#9224,#9225);
#7641=AXIS2_PLACEMENT_3D('',#11694,#9227,#9228);
#7642=AXIS2_PLACEMENT_3D('',#11695,#9229,#9230);
#7643=AXIS2_PLACEMENT_3D('',#11696,#9231,#9232);
#7644=AXIS2_PLACEMENT_3D('',#11697,#9233,#9234);
#7645=AXIS2_PLACEMENT_3D('',#11699,#9235,#9236);
#7646=AXIS2_PLACEMENT_3D('',#11701,#9237,#9238);
#7647=AXIS2_PLACEMENT_3D('',#11719,#9247,#9248);
#7648=AXIS2_PLACEMENT_3D('',#11724,#9251,#9252);
#7649=AXIS2_PLACEMENT_3D('',#11732,#9256,#9257);
#7650=AXIS2_PLACEMENT_3D('',#11737,#9260,#9261);
#7651=AXIS2_PLACEMENT_3D('',#11741,#9264,#9265);
#7652=AXIS2_PLACEMENT_3D('',#11748,#9269,#9270);
#7653=AXIS2_PLACEMENT_3D('',#11756,#9274,#9275);
#7654=AXIS2_PLACEMENT_3D('',#11757,#9276,#9277);
#7655=AXIS2_PLACEMENT_3D('',#11760,#9280,#9281);
#7656=AXIS2_PLACEMENT_3D('',#11770,#9287,#9288);
#7657=AXIS2_PLACEMENT_3D('',#11772,#9289,#9290);
#7658=AXIS2_PLACEMENT_3D('',#11774,#9291,#9292);
#7659=AXIS2_PLACEMENT_3D('',#11776,#9293,#9294);
#7660=AXIS2_PLACEMENT_3D('',#11793,#9303,#9304);
#7661=AXIS2_PLACEMENT_3D('',#11795,#9305,#9306);
#7662=AXIS2_PLACEMENT_3D('',#11797,#9307,#9308);
#7663=AXIS2_PLACEMENT_3D('',#11799,#9309,#9310);
#7664=AXIS2_PLACEMENT_3D('',#11801,#9311,#9312);
#7665=AXIS2_PLACEMENT_3D('',#11803,#9313,#9314);
#7666=AXIS2_PLACEMENT_3D('',#11805,#9315,#9316);
#7667=AXIS2_PLACEMENT_3D('',#11807,#9317,#9318);
#7668=AXIS2_PLACEMENT_3D('',#11809,#9319,#9320);
#7669=AXIS2_PLACEMENT_3D('',#11811,#9321,#9322);
#7670=AXIS2_PLACEMENT_3D('',#11813,#9323,#9324);
#7671=AXIS2_PLACEMENT_3D('',#11814,#9325,#9326);
#7672=AXIS2_PLACEMENT_3D('',#11815,#9327,#9328);
#7673=AXIS2_PLACEMENT_3D('',#11816,#9329,#9330);
#7674=AXIS2_PLACEMENT_3D('',#11817,#9331,#9332);
#7675=AXIS2_PLACEMENT_3D('',#11818,#9333,#9334);
#7676=AXIS2_PLACEMENT_3D('',#11819,#9335,#9336);
#7677=AXIS2_PLACEMENT_3D('',#11820,#9337,#9338);
#7678=AXIS2_PLACEMENT_3D('',#11822,#9339,#9340);
#7679=AXIS2_PLACEMENT_3D('',#11823,#9341,#9342);
#7680=AXIS2_PLACEMENT_3D('',#11825,#9343,#9344);
#7681=AXIS2_PLACEMENT_3D('',#11826,#9345,#9346);
#7682=AXIS2_PLACEMENT_3D('',#11828,#9347,#9348);
#7683=AXIS2_PLACEMENT_3D('',#11829,#9349,#9350);
#7684=AXIS2_PLACEMENT_3D('',#11831,#9351,#9352);
#7685=AXIS2_PLACEMENT_3D('',#11839,#9358,#9359);
#7686=AXIS2_PLACEMENT_3D('',#11841,#9361,#9362);
#7687=AXIS2_PLACEMENT_3D('',#11842,#9363,#9364);
#7688=AXIS2_PLACEMENT_3D('',#11844,#9366,#9367);
#7689=AXIS2_PLACEMENT_3D('',#11845,#9368,#9369);
#7690=AXIS2_PLACEMENT_3D('',#11846,#9370,#9371);
#7691=AXIS2_PLACEMENT_3D('',#11849,#9373,#9374);
#7692=AXIS2_PLACEMENT_3D('',#11851,#9376,#9377);
#7693=AXIS2_PLACEMENT_3D('',#11857,#9382,#9383);
#7694=AXIS2_PLACEMENT_3D('',#11859,#9385,#9386);
#7695=AXIS2_PLACEMENT_3D('',#11860,#9387,#9388);
#7696=AXIS2_PLACEMENT_3D('',#11861,#9389,#9390);
#7697=AXIS2_PLACEMENT_3D('',#11862,#9391,#9392);
#7698=AXIS2_PLACEMENT_3D('',#11863,#9393,#9394);
#7699=AXIS2_PLACEMENT_3D('',#11864,#9395,#9396);
#7700=AXIS2_PLACEMENT_3D('',#11865,#9397,#9398);
#7701=AXIS2_PLACEMENT_3D('',#11866,#9399,#9400);
#7702=AXIS2_PLACEMENT_3D('',#11867,#9401,#9402);
#7703=AXIS2_PLACEMENT_3D('',#11868,#9403,#9404);
#7704=AXIS2_PLACEMENT_3D('',#11870,#9405,#9406);
#7705=AXIS2_PLACEMENT_3D('',#11872,#9407,#9408);
#7706=AXIS2_PLACEMENT_3D('',#11873,#9409,#9410);
#7707=AXIS2_PLACEMENT_3D('',#11875,#9411,#9412);
#7708=AXIS2_PLACEMENT_3D('',#11876,#9413,#9414);
#7709=AXIS2_PLACEMENT_3D('',#11877,#9415,#9416);
#7710=AXIS2_PLACEMENT_3D('',#11879,#9417,#9418);
#7711=AXIS2_PLACEMENT_3D('',#11880,#9419,#9420);
#7712=AXIS2_PLACEMENT_3D('',#11881,#9421,#9422);
#7713=AXIS2_PLACEMENT_3D('',#11882,#9423,#9424);
#7714=AXIS2_PLACEMENT_3D('',#11883,#9425,#9426);
#7715=AXIS2_PLACEMENT_3D('',#11884,#9427,#9428);
#7716=AXIS2_PLACEMENT_3D('',#11885,#9429,#9430);
#7717=AXIS2_PLACEMENT_3D('',#11886,#9431,#9432);
#7718=AXIS2_PLACEMENT_3D('',#11888,#9433,#9434);
#7719=AXIS2_PLACEMENT_3D('',#11890,#9435,#9436);
#7720=AXIS2_PLACEMENT_3D('',#11894,#9438,#9439);
#7721=AXIS2_PLACEMENT_3D('',#11898,#9441,#9442);
#7722=AXIS2_PLACEMENT_3D('',#11899,#9443,#9444);
#7723=AXIS2_PLACEMENT_3D('',#11904,#9446,#9447);
#7724=AXIS2_PLACEMENT_3D('',#11910,#9450,#9451);
#7725=AXIS2_PLACEMENT_3D('',#11914,#9453,#9454);
#7726=AXIS2_PLACEMENT_3D('',#11915,#9455,#9456);
#7727=AXIS2_PLACEMENT_3D('',#11917,#9457,#9458);
#7728=AXIS2_PLACEMENT_3D('',#11919,#9459,#9460);
#7729=AXIS2_PLACEMENT_3D('',#11920,#9461,#9462);
#7730=AXIS2_PLACEMENT_3D('',#11921,#9463,#9464);
#7731=AXIS2_PLACEMENT_3D('',#11922,#9465,#9466);
#7732=AXIS2_PLACEMENT_3D('',#11927,#9468,#9469);
#7733=AXIS2_PLACEMENT_3D('',#11930,#9471,#9472);
#7734=AXIS2_PLACEMENT_3D('',#11931,#9473,#9474);
#7735=AXIS2_PLACEMENT_3D('',#11936,#9476,#9477);
#7736=AXIS2_PLACEMENT_3D('',#11939,#9479,#9480);
#7737=AXIS2_PLACEMENT_3D('',#11948,#9485,#9486);
#7738=AXIS2_PLACEMENT_3D('',#11949,#9487,#9488);
#7739=AXIS2_PLACEMENT_3D('',#11950,#9489,#9490);
#7740=AXIS2_PLACEMENT_3D('',#11951,#9491,#9492);
#7741=AXIS2_PLACEMENT_3D('',#11952,#9493,#9494);
#7742=AXIS2_PLACEMENT_3D('',#11953,#9495,#9496);
#7743=AXIS2_PLACEMENT_3D('',#11954,#9497,#9498);
#7744=AXIS2_PLACEMENT_3D('',#11955,#9499,#9500);
#7745=AXIS2_PLACEMENT_3D('',#11956,#9501,#9502);
#7746=AXIS2_PLACEMENT_3D('',#11957,#9503,#9504);
#7747=AXIS2_PLACEMENT_3D('',#11958,#9505,#9506);
#7748=AXIS2_PLACEMENT_3D('',#11959,#9507,#9508);
#7749=AXIS2_PLACEMENT_3D('',#11964,#9510,#9511);
#7750=AXIS2_PLACEMENT_3D('',#11967,#9513,#9514);
#7751=AXIS2_PLACEMENT_3D('',#11976,#9519,#9520);
#7752=AXIS2_PLACEMENT_3D('',#11977,#9521,#9522);
#7753=AXIS2_PLACEMENT_3D('',#11982,#9524,#9525);
#7754=AXIS2_PLACEMENT_3D('',#11985,#9527,#9528);
#7755=AXIS2_PLACEMENT_3D('',#11986,#9529,#9530);
#7756=AXIS2_PLACEMENT_3D('',#11987,#9531,#9532);
#7757=AXIS2_PLACEMENT_3D('',#11988,#9533,#9534);
#7758=AXIS2_PLACEMENT_3D('',#11989,#9535,#9536);
#7759=AXIS2_PLACEMENT_3D('',#11990,#9537,#9538);
#7760=AXIS2_PLACEMENT_3D('',#11991,#9539,#9540);
#7761=AXIS2_PLACEMENT_3D('',#11992,#9541,#9542);
#7762=AXIS2_PLACEMENT_3D('',#11993,#9543,#9544);
#7763=AXIS2_PLACEMENT_3D('',#11994,#9545,#9546);
#7764=AXIS2_PLACEMENT_3D('',#11995,#9547,#9548);
#7765=AXIS2_PLACEMENT_3D('',#11996,#9549,#9550);
#7766=AXIS2_PLACEMENT_3D('',#12001,#9552,#9553);
#7767=AXIS2_PLACEMENT_3D('',#12004,#9555,#9556);
#7768=AXIS2_PLACEMENT_3D('',#12013,#9561,#9562);
#7769=AXIS2_PLACEMENT_3D('',#12014,#9563,#9564);
#7770=AXIS2_PLACEMENT_3D('',#12019,#9566,#9567);
#7771=AXIS2_PLACEMENT_3D('',#12022,#9569,#9570);
#7772=AXIS2_PLACEMENT_3D('',#12023,#9571,#9572);
#7773=AXIS2_PLACEMENT_3D('',#12024,#9573,#9574);
#7774=AXIS2_PLACEMENT_3D('',#12025,#9575,#9576);
#7775=AXIS2_PLACEMENT_3D('',#12026,#9577,#9578);
#7776=AXIS2_PLACEMENT_3D('',#12027,#9579,#9580);
#7777=AXIS2_PLACEMENT_3D('',#12028,#9581,#9582);
#7778=AXIS2_PLACEMENT_3D('',#12029,#9583,#9584);
#7779=AXIS2_PLACEMENT_3D('',#12030,#9585,#9586);
#7780=AXIS2_PLACEMENT_3D('',#12031,#9587,#9588);
#7781=AXIS2_PLACEMENT_3D('',#12032,#9589,#9590);
#7782=AXIS2_PLACEMENT_3D('',#12033,#9591,#9592);
#7783=AXIS2_PLACEMENT_3D('',#12034,#9593,#9594);
#7784=AXIS2_PLACEMENT_3D('',#12035,#9595,#9596);
#7785=AXIS2_PLACEMENT_3D('',#12036,#9597,#9598);
#7786=AXIS2_PLACEMENT_3D('',#12037,#9599,#9600);
#7787=AXIS2_PLACEMENT_3D('',#12038,#9601,#9602);
#7788=AXIS2_PLACEMENT_3D('',#12039,#9603,#9604);
#7789=AXIS2_PLACEMENT_3D('',#12040,#9605,#9606);
#7790=AXIS2_PLACEMENT_3D('',#12041,#9607,#9608);
#7791=AXIS2_PLACEMENT_3D('',#12042,#9609,#9610);
#7792=AXIS2_PLACEMENT_3D('',#12043,#9611,#9612);
#7793=AXIS2_PLACEMENT_3D('',#12044,#9613,#9614);
#7794=AXIS2_PLACEMENT_3D('',#12045,#9615,#9616);
#7795=AXIS2_PLACEMENT_3D('',#12046,#9617,#9618);
#7796=AXIS2_PLACEMENT_3D('',#12047,#9619,#9620);
#7797=AXIS2_PLACEMENT_3D('',#12048,#9621,#9622);
#7798=AXIS2_PLACEMENT_3D('',#12049,#9623,#9624);
#7799=AXIS2_PLACEMENT_3D('',#12058,#9629,#9630);
#7800=AXIS2_PLACEMENT_3D('',#12067,#9635,#9636);
#7801=AXIS2_PLACEMENT_3D('',#12076,#9641,#9642);
#7802=AXIS2_PLACEMENT_3D('',#12085,#9647,#9648);
#7803=AXIS2_PLACEMENT_3D('',#12094,#9653,#9654);
#7804=AXIS2_PLACEMENT_3D('',#12103,#9659,#9660);
#7805=AXIS2_PLACEMENT_3D('',#12104,#9661,#9662);
#7806=AXIS2_PLACEMENT_3D('',#12105,#9663,#9664);
#7807=AXIS2_PLACEMENT_3D('',#12106,#9665,#9666);
#7808=AXIS2_PLACEMENT_3D('',#12107,#9667,#9668);
#7809=AXIS2_PLACEMENT_3D('',#12108,#9669,#9670);
#7810=AXIS2_PLACEMENT_3D('',#12109,#9671,#9672);
#7811=AXIS2_PLACEMENT_3D('',#12110,#9673,#9674);
#7812=AXIS2_PLACEMENT_3D('',#12111,#9675,#9676);
#7813=AXIS2_PLACEMENT_3D('',#12112,#9677,#9678);
#7814=AXIS2_PLACEMENT_3D('',#12113,#9679,#9680);
#7815=AXIS2_PLACEMENT_3D('',#12114,#9681,#9682);
#7816=AXIS2_PLACEMENT_3D('',#12115,#9683,#9684);
#7817=AXIS2_PLACEMENT_3D('',#12116,#9685,#9686);
#7818=AXIS2_PLACEMENT_3D('',#12117,#9687,#9688);
#7819=AXIS2_PLACEMENT_3D('',#12118,#9689,#9690);
#7820=AXIS2_PLACEMENT_3D('',#12119,#9691,#9692);
#7821=AXIS2_PLACEMENT_3D('',#12120,#9693,#9694);
#7822=AXIS2_PLACEMENT_3D('',#12121,#9695,#9696);
#7823=AXIS2_PLACEMENT_3D('',#12122,#9697,#9698);
#7824=AXIS2_PLACEMENT_3D('',#12123,#9699,#9700);
#7825=AXIS2_PLACEMENT_3D('',#12124,#9701,#9702);
#7826=AXIS2_PLACEMENT_3D('',#12125,#9703,#9704);
#7827=AXIS2_PLACEMENT_3D('',#12126,#9705,#9706);
#7828=AXIS2_PLACEMENT_3D('',#12127,#9707,#9708);
#7829=AXIS2_PLACEMENT_3D('',#12128,#9709,#9710);
#7830=AXIS2_PLACEMENT_3D('',#12129,#9711,#9712);
#7831=AXIS2_PLACEMENT_3D('',#12130,#9713,#9714);
#7832=AXIS2_PLACEMENT_3D('',#12131,#9715,#9716);
#7833=AXIS2_PLACEMENT_3D('',#12132,#9717,#9718);
#7834=AXIS2_PLACEMENT_3D('',#12133,#9719,#9720);
#7835=AXIS2_PLACEMENT_3D('',#12134,#9721,#9722);
#7836=AXIS2_PLACEMENT_3D('',#12135,#9723,#9724);
#7837=AXIS2_PLACEMENT_3D('',#12136,#9725,#9726);
#7838=AXIS2_PLACEMENT_3D('',#12137,#9727,#9728);
#7839=AXIS2_PLACEMENT_3D('',#12138,#9729,#9730);
#7840=AXIS2_PLACEMENT_3D('',#12139,#9731,#9732);
#7841=AXIS2_PLACEMENT_3D('',#12140,#9733,#9734);
#7842=AXIS2_PLACEMENT_3D('',#12141,#9735,#9736);
#7843=AXIS2_PLACEMENT_3D('',#12142,#9737,#9738);
#7844=AXIS2_PLACEMENT_3D('',#12143,#9739,#9740);
#7845=AXIS2_PLACEMENT_3D('',#12144,#9741,#9742);
#7846=AXIS2_PLACEMENT_3D('',#12145,#9743,#9744);
#7847=AXIS2_PLACEMENT_3D('',#12146,#9745,#9746);
#7848=AXIS2_PLACEMENT_3D('',#12147,#9747,#9748);
#7849=AXIS2_PLACEMENT_3D('',#12148,#9749,#9750);
#7850=AXIS2_PLACEMENT_3D('',#12149,#9751,#9752);
#7851=AXIS2_PLACEMENT_3D('',#12150,#9753,#9754);
#7852=AXIS2_PLACEMENT_3D('',#12151,#9755,#9756);
#7853=AXIS2_PLACEMENT_3D('',#12152,#9757,#9758);
#7854=AXIS2_PLACEMENT_3D('',#12153,#9759,#9760);
#7855=AXIS2_PLACEMENT_3D('',#12154,#9761,#9762);
#7856=AXIS2_PLACEMENT_3D('',#12155,#9763,#9764);
#7857=AXIS2_PLACEMENT_3D('',#12156,#9765,#9766);
#7858=AXIS2_PLACEMENT_3D('',#12157,#9767,#9768);
#7859=AXIS2_PLACEMENT_3D('',#12158,#9769,#9770);
#7860=AXIS2_PLACEMENT_3D('',#12160,#9771,#9772);
#7861=AXIS2_PLACEMENT_3D('',#12162,#9773,#9774);
#7862=AXIS2_PLACEMENT_3D('',#12163,#9775,#9776);
#7863=AXIS2_PLACEMENT_3D('',#12165,#9777,#9778);
#7864=AXIS2_PLACEMENT_3D('',#12166,#9779,#9780);
#7865=AXIS2_PLACEMENT_3D('',#12167,#9781,#9782);
#7866=AXIS2_PLACEMENT_3D('',#12169,#9783,#9784);
#7867=AXIS2_PLACEMENT_3D('',#12170,#9785,#9786);
#7868=AXIS2_PLACEMENT_3D('',#12171,#9787,#9788);
#7869=AXIS2_PLACEMENT_3D('',#12172,#9789,#9790);
#7870=AXIS2_PLACEMENT_3D('',#12173,#9791,#9792);
#7871=AXIS2_PLACEMENT_3D('',#12174,#9793,#9794);
#7872=AXIS2_PLACEMENT_3D('',#12175,#9795,#9796);
#7873=AXIS2_PLACEMENT_3D('',#12176,#9797,#9798);
#7874=AXIS2_PLACEMENT_3D('',#12177,#9799,#9800);
#7875=AXIS2_PLACEMENT_3D('',#12178,#9801,#9802);
#7876=AXIS2_PLACEMENT_3D('',#12179,#9803,#9804);
#7877=AXIS2_PLACEMENT_3D('',#12180,#9805,#9806);
#7878=AXIS2_PLACEMENT_3D('',#12181,#9807,#9808);
#7879=AXIS2_PLACEMENT_3D('',#12182,#9809,#9810);
#7880=AXIS2_PLACEMENT_3D('',#12183,#9811,#9812);
#7881=AXIS2_PLACEMENT_3D('',#12184,#9813,#9814);
#7882=AXIS2_PLACEMENT_3D('',#12185,#9815,#9816);
#7883=AXIS2_PLACEMENT_3D('',#12186,#9817,#9818);
#7884=AXIS2_PLACEMENT_3D('',#12187,#9819,#9820);
#7885=AXIS2_PLACEMENT_3D('',#12188,#9821,#9822);
#7886=AXIS2_PLACEMENT_3D('',#12189,#9823,#9824);
#7887=AXIS2_PLACEMENT_3D('',#12190,#9825,#9826);
#7888=AXIS2_PLACEMENT_3D('',#12191,#9827,#9828);
#7889=AXIS2_PLACEMENT_3D('',#12192,#9829,#9830);
#7890=AXIS2_PLACEMENT_3D('',#12193,#9831,#9832);
#7891=AXIS2_PLACEMENT_3D('',#12194,#9833,#9834);
#7892=AXIS2_PLACEMENT_3D('',#12195,#9835,#9836);
#7893=AXIS2_PLACEMENT_3D('',#12196,#9837,#9838);
#7894=AXIS2_PLACEMENT_3D('',#12197,#9839,#9840);
#7895=AXIS2_PLACEMENT_3D('',#12198,#9841,#9842);
#7896=AXIS2_PLACEMENT_3D('',#12207,#9847,#9848);
#7897=AXIS2_PLACEMENT_3D('',#12213,#9852,#9853);
#7898=AXIS2_PLACEMENT_3D('',#12219,#9857,#9858);
#7899=AXIS2_PLACEMENT_3D('',#12222,#9861,#9862);
#7900=AXIS2_PLACEMENT_3D('',#12223,#9863,#9864);
#7901=AXIS2_PLACEMENT_3D('',#12224,#9865,#9866);
#7902=AXIS2_PLACEMENT_3D('',#12225,#9867,#9868);
#7903=AXIS2_PLACEMENT_3D('',#12226,#9869,#9870);
#7904=AXIS2_PLACEMENT_3D('',#12227,#9871,#9872);
#7905=AXIS2_PLACEMENT_3D('',#12228,#9873,#9874);
#7906=AXIS2_PLACEMENT_3D('',#12229,#9875,#9876);
#7907=AXIS2_PLACEMENT_3D('',#12230,#9877,#9878);
#7908=AXIS2_PLACEMENT_3D('',#12231,#9879,#9880);
#7909=AXIS2_PLACEMENT_3D('',#12232,#9881,#9882);
#7910=AXIS2_PLACEMENT_3D('',#12233,#9883,#9884);
#7911=AXIS2_PLACEMENT_3D('',#12234,#9885,#9886);
#7912=AXIS2_PLACEMENT_3D('',#12235,#9887,#9888);
#7913=AXIS2_PLACEMENT_3D('',#12236,#9889,#9890);
#7914=AXIS2_PLACEMENT_3D('',#12237,#9891,#9892);
#7915=AXIS2_PLACEMENT_3D('',#12238,#9893,#9894);
#7916=AXIS2_PLACEMENT_3D('',#12239,#9895,#9896);
#7917=AXIS2_PLACEMENT_3D('',#12240,#9897,#9898);
#7918=AXIS2_PLACEMENT_3D('',#12241,#9899,#9900);
#7919=AXIS2_PLACEMENT_3D('',#12242,#9901,#9902);
#7920=AXIS2_PLACEMENT_3D('',#12243,#9903,#9904);
#7921=AXIS2_PLACEMENT_3D('',#12244,#9905,#9906);
#7922=AXIS2_PLACEMENT_3D('',#12245,#9907,#9908);
#7923=AXIS2_PLACEMENT_3D('',#12246,#9909,#9910);
#7924=AXIS2_PLACEMENT_3D('',#12257,#9916,#9917);
#7925=AXIS2_PLACEMENT_3D('',#12267,#9923,#9924);
#7926=AXIS2_PLACEMENT_3D('',#12277,#9930,#9931);
#7927=AXIS2_PLACEMENT_3D('',#12280,#9934,#9935);
#7928=AXIS2_PLACEMENT_3D('',#12281,#9936,#9937);
#7929=AXIS2_PLACEMENT_3D('',#12282,#9938,#9939);
#7930=AXIS2_PLACEMENT_3D('',#12286,#9942,#9943);
#7931=AXIS2_PLACEMENT_3D('',#12287,#9944,#9945);
#7932=AXIS2_PLACEMENT_3D('',#12289,#9946,#9947);
#7933=AXIS2_PLACEMENT_3D('',#12290,#9948,#9949);
#7934=AXIS2_PLACEMENT_3D('',#12292,#9950,#9951);
#7935=AXIS2_PLACEMENT_3D('',#12294,#9952,#9953);
#7936=AXIS2_PLACEMENT_3D('',#12295,#9954,#9955);
#7937=AXIS2_PLACEMENT_3D('',#12296,#9956,#9957);
#7938=AXIS2_PLACEMENT_3D('',#12300,#9960,#9961);
#7939=AXIS2_PLACEMENT_3D('',#12302,#9963,#9964);
#7940=AXIS2_PLACEMENT_3D('',#12303,#9965,#9966);
#7941=AXIS2_PLACEMENT_3D('',#12304,#9967,#9968);
#7942=AXIS2_PLACEMENT_3D('',#12305,#9969,#9970);
#7943=AXIS2_PLACEMENT_3D('',#12306,#9971,#9972);
#7944=AXIS2_PLACEMENT_3D('',#12307,#9973,#9974);
#7945=AXIS2_PLACEMENT_3D('',#12308,#9975,#9976);
#7946=AXIS2_PLACEMENT_3D('',#12309,#9977,#9978);
#7947=AXIS2_PLACEMENT_3D('',#12310,#9979,#9980);
#7948=AXIS2_PLACEMENT_3D('',#12311,#9981,#9982);
#7949=AXIS2_PLACEMENT_3D('',#12312,#9983,#9984);
#7950=AXIS2_PLACEMENT_3D('',#12313,#9985,#9986);
#7951=AXIS2_PLACEMENT_3D('',#12314,#9987,#9988);
#7952=DIRECTION('',(0.,0.,1.));
#7953=DIRECTION('',(1.,0.,0.));
#7954=DIRECTION('',(0.,0.,-1.));
#7955=DIRECTION('',(-1.,0.,0.));
#7956=DIRECTION('',(0.,0.,1.));
#7957=DIRECTION('',(1.,0.,0.));
#7958=DIRECTION('',(0.,0.,1.));
#7959=DIRECTION('',(1.,0.,0.));
#7960=DIRECTION('',(0.,0.,-1.));
#7961=DIRECTION('',(-1.,0.,0.));
#7962=DIRECTION('',(0.,0.,1.));
#7963=DIRECTION('',(1.,0.,0.));
#7964=DIRECTION('',(0.,0.,1.));
#7965=DIRECTION('',(1.,0.,0.));
#7966=DIRECTION('',(0.,0.,1.));
#7967=DIRECTION('',(1.,0.,0.));
#7968=DIRECTION('',(0.,0.,1.));
#7969=DIRECTION('',(1.,0.,0.));
#7970=DIRECTION('',(0.,0.,1.));
#7971=DIRECTION('',(1.,0.,0.));
#7972=DIRECTION('',(0.5,0.866025403784439,0.));
#7973=DIRECTION('',(-0.866025403784439,0.5,0.));
#7974=DIRECTION('',(0.866025403784439,-0.5,0.));
#7975=DIRECTION('',(0.,0.,-1.));
#7976=DIRECTION('',(0.866025403784439,-0.5,0.));
#7977=DIRECTION('',(0.,0.,-1.));
#7978=DIRECTION('',(-0.5,0.866025403784439,0.));
#7979=DIRECTION('',(-0.866025403784439,-0.5,0.));
#7980=DIRECTION('',(0.866025403784439,0.5,0.));
#7981=DIRECTION('',(0.,0.,-1.));
#7982=DIRECTION('',(0.866025403784439,0.5,0.));
#7983=DIRECTION('',(-1.,0.,0.));
#7984=DIRECTION('',(0.,0.,1.));
#7985=DIRECTION('',(0.,1.,0.));
#7986=DIRECTION('',(0.,0.,-1.));
#7987=DIRECTION('',(0.,1.,0.));
#7988=DIRECTION('',(-0.5,-0.866025403784439,0.));
#7989=DIRECTION('',(0.866025403784439,-0.5,0.));
#7990=DIRECTION('',(-0.866025403784439,0.5,0.));
#7991=DIRECTION('',(0.,0.,-1.));
#7992=DIRECTION('',(-0.866025403784439,0.5,0.));
#7993=DIRECTION('',(0.5,-0.866025403784439,0.));
#7994=DIRECTION('',(0.866025403784439,0.5,0.));
#7995=DIRECTION('',(-0.866025403784439,-0.5,0.));
#7996=DIRECTION('',(0.,0.,-1.));
#7997=DIRECTION('',(-0.866025403784439,-0.5,0.));
#7998=DIRECTION('',(0.,0.,-1.));
#7999=DIRECTION('',(-1.,0.,0.));
#8000=DIRECTION('',(0.,0.,1.));
#8001=DIRECTION('',(1.,0.,0.));
#8002=DIRECTION('',(0.,0.,1.));
#8003=DIRECTION('',(1.,0.,0.));
#8004=DIRECTION('',(1.,0.,0.));
#8005=DIRECTION('',(0.,0.,-1.));
#8006=DIRECTION('',(0.,-1.,0.));
#8007=DIRECTION('',(0.,-1.,0.));
#8008=DIRECTION('',(0.,0.,1.));
#8009=DIRECTION('',(1.,0.,0.));
#8010=DIRECTION('',(0.,0.,1.));
#8011=DIRECTION('',(1.,0.,0.));
#8012=DIRECTION('',(0.,0.,1.));
#8013=DIRECTION('',(1.,0.,0.));
#8014=DIRECTION('',(0.,0.,-1.));
#8015=DIRECTION('',(-1.,0.,0.));
#8016=DIRECTION('',(0.,0.,1.));
#8017=DIRECTION('',(1.,0.,0.));
#8018=DIRECTION('',(0.,0.,1.));
#8019=DIRECTION('',(1.,0.,0.));
#8020=DIRECTION('',(0.,0.,1.));
#8021=DIRECTION('',(1.,0.,0.));
#8022=DIRECTION('',(0.,0.,1.));
#8023=DIRECTION('',(1.,0.,0.));
#8024=DIRECTION('',(0.,0.,1.));
#8025=DIRECTION('',(1.,0.,0.));
#8026=DIRECTION('',(0.,0.,-1.));
#8027=DIRECTION('',(-1.,0.,0.));
#8028=DIRECTION('',(0.,0.,1.));
#8029=DIRECTION('',(1.,0.,0.));
#8030=DIRECTION('',(0.,0.,1.));
#8031=DIRECTION('',(1.,0.,0.));
#8032=DIRECTION('',(0.,0.,1.));
#8033=DIRECTION('',(1.,0.,0.));
#8034=DIRECTION('',(0.,0.,1.));
#8035=DIRECTION('',(1.,0.,0.));
#8036=DIRECTION('',(0.,0.,1.));
#8037=DIRECTION('',(1.,0.,0.));
#8038=DIRECTION('',(0.,0.,1.));
#8039=DIRECTION('',(1.,0.,0.));
#8040=DIRECTION('',(0.,0.,1.));
#8041=DIRECTION('',(1.,0.,0.));
#8042=DIRECTION('',(0.,0.,1.));
#8043=DIRECTION('',(-1.83697019872103E-16,-1.,0.));
#8044=DIRECTION('',(0.,0.,1.));
#8045=DIRECTION('',(1.,0.,0.));
#8046=DIRECTION('',(0.,0.,1.));
#8047=DIRECTION('',(1.,0.,0.));
#8048=DIRECTION('',(0.,0.,1.));
#8049=DIRECTION('',(-1.,1.22464679914735E-16,0.));
#8050=DIRECTION('',(0.,0.,1.));
#8051=DIRECTION('',(1.,0.,0.));
#8052=DIRECTION('',(0.,0.,1.));
#8053=DIRECTION('',(1.,0.,0.));
#8054=DIRECTION('',(0.,0.,1.));
#8055=DIRECTION('',(6.12323399573677E-17,1.,0.));
#8056=DIRECTION('',(0.,0.,1.));
#8057=DIRECTION('',(1.,0.,0.));
#8058=DIRECTION('',(0.,0.,1.));
#8059=DIRECTION('',(1.,0.,0.));
#8060=DIRECTION('',(0.,0.,-1.));
#8061=DIRECTION('',(-1.,0.,0.));
#8062=DIRECTION('',(0.,0.,1.));
#8063=DIRECTION('',(1.,0.,0.));
#8064=DIRECTION('',(0.,0.,1.));
#8065=DIRECTION('',(1.,0.,0.));
#8066=DIRECTION('',(0.,0.,-1.));
#8067=DIRECTION('',(-1.,0.,0.));
#8068=DIRECTION('',(0.,0.,1.));
#8069=DIRECTION('',(1.,0.,0.));
#8070=DIRECTION('',(0.,0.,1.));
#8071=DIRECTION('',(1.,0.,0.));
#8072=DIRECTION('',(0.,0.,-1.));
#8073=DIRECTION('',(-1.,0.,0.));
#8074=DIRECTION('',(0.,0.,-1.));
#8075=DIRECTION('',(-1.,0.,0.));
#8076=DIRECTION('',(0.,0.,-1.));
#8077=DIRECTION('',(-1.,0.,0.));
#8078=DIRECTION('',(0.,0.,-1.));
#8079=DIRECTION('',(-1.,0.,0.));
#8080=DIRECTION('',(0.,0.,-1.));
#8081=DIRECTION('',(-1.,0.,0.));
#8082=DIRECTION('',(0.,1.,0.));
#8083=DIRECTION('',(-0.707106781186548,0.707106781186548,0.));
#8084=DIRECTION('',(-0.707106999999898,0.707106562373129,0.));
#8085=DIRECTION('',(0.,0.,1.));
#8086=DIRECTION('',(1.,0.,0.));
#8087=DIRECTION('',(-0.707106999999898,0.707106562373129,0.));
#8088=DIRECTION('',(-0.707106781186548,0.707106781186547,0.));
#8089=DIRECTION('',(-0.999995009799671,0.00315917327084406,0.));
#8090=DIRECTION('',(-0.707106781186547,-0.707106781186548,0.));
#8091=DIRECTION('',(0.707106781186548,-0.707106781186547,0.));
#8092=DIRECTION('',(-0.707106781186548,0.707106781186547,0.));
#8093=DIRECTION('',(0.,0.,-1.));
#8094=DIRECTION('',(0.,0.,-1.));
#8095=DIRECTION('',(-0.707106781186548,0.707106781186547,0.));
#8096=DIRECTION('',(0.,0.,-1.));
#8097=DIRECTION('',(-0.707106562373129,-0.707106999999898,0.));
#8098=DIRECTION('',(0.707106999999898,-0.707106562373129,0.));
#8099=DIRECTION('',(0.,0.,-1.));
#8100=DIRECTION('',(-0.707106999999898,0.707106562373129,0.));
#8101=DIRECTION('',(0.,0.,-1.));
#8102=DIRECTION('',(-1.,0.,0.));
#8103=DIRECTION('',(0.,0.,-1.));
#8104=DIRECTION('',(0.,0.,1.));
#8105=DIRECTION('',(1.,0.,0.));
#8106=DIRECTION('',(-0.707106562373129,-0.707106999999898,0.));
#8107=DIRECTION('',(0.707106999999898,-0.707106562373129,0.));
#8108=DIRECTION('',(0.,0.,-1.));
#8109=DIRECTION('',(-0.707106999999898,0.707106562373129,0.));
#8110=DIRECTION('',(-0.707106781186547,-0.707106781186548,0.));
#8111=DIRECTION('',(0.707106781186548,-0.707106781186548,0.));
#8112=DIRECTION('',(-0.707106781186548,0.707106781186548,0.));
#8113=DIRECTION('',(0.,0.,-1.));
#8114=DIRECTION('',(-0.707106781186548,0.707106781186548,0.));
#8115=DIRECTION('',(0.,0.,-1.));
#8116=DIRECTION('',(-1.,0.,0.));
#8117=DIRECTION('',(0.,0.,1.));
#8118=DIRECTION('',(0.,1.,0.));
#8119=DIRECTION('',(0.,1.,0.));
#8120=DIRECTION('',(0.,0.,1.));
#8121=DIRECTION('',(1.,0.,0.));
#8122=DIRECTION('',(0.,0.,1.));
#8123=DIRECTION('',(1.,0.,0.));
#8124=DIRECTION('',(0.,0.,1.));
#8125=DIRECTION('',(1.,0.,0.));
#8126=DIRECTION('',(-1.,0.,0.));
#8127=DIRECTION('',(0.,0.,1.));
#8128=DIRECTION('',(0.,0.,-1.));
#8129=DIRECTION('',(0.,1.,0.));
#8130=DIRECTION('',(-0.00315917327084406,-0.999995009799671,0.));
#8131=DIRECTION('',(0.999995009799671,-0.00315917327084406,0.));
#8132=DIRECTION('',(-0.999995009799671,0.00315917327084406,0.));
#8133=DIRECTION('',(0.,0.,-1.));
#8134=DIRECTION('',(1.,0.,0.));
#8135=DIRECTION('',(0.,0.,-1.));
#8136=DIRECTION('',(-1.,0.,0.));
#8137=DIRECTION('',(0.,0.,-1.));
#8138=DIRECTION('',(-1.,0.,0.));
#8139=DIRECTION('',(0.,0.,-1.));
#8140=DIRECTION('',(1.,0.,0.));
#8141=DIRECTION('',(0.,0.,-1.));
#8142=DIRECTION('',(-1.,0.,0.));
#8143=DIRECTION('',(0.,0.,1.));
#8144=DIRECTION('',(1.,0.,0.));
#8145=DIRECTION('',(0.,0.,1.));
#8146=DIRECTION('',(1.,0.,0.));
#8147=DIRECTION('',(0.,0.,-1.));
#8148=DIRECTION('',(-1.,0.,0.));
#8149=DIRECTION('',(0.,0.,1.));
#8150=DIRECTION('',(1.,0.,0.));
#8151=DIRECTION('',(0.,0.,1.));
#8152=DIRECTION('',(1.,0.,0.));
#8153=DIRECTION('',(0.,0.,-1.));
#8154=DIRECTION('',(-1.,0.,0.));
#8155=DIRECTION('',(0.,0.,-1.));
#8156=DIRECTION('',(-1.,0.,0.));
#8157=DIRECTION('',(0.,0.,-1.));
#8158=DIRECTION('',(1.,0.,0.));
#8159=DIRECTION('',(0.,0.,-1.));
#8160=DIRECTION('',(-1.,0.,0.));
#8161=DIRECTION('',(0.,0.,-1.));
#8162=DIRECTION('',(-1.,0.,0.));
#8163=DIRECTION('',(0.,0.,-1.));
#8164=DIRECTION('',(1.,0.,0.));
#8165=DIRECTION('',(0.,0.,-1.));
#8166=DIRECTION('',(-1.,0.,0.));
#8167=DIRECTION('',(0.,0.,-1.));
#8168=DIRECTION('',(-1.,0.,0.));
#8169=DIRECTION('',(0.,0.,-1.));
#8170=DIRECTION('',(1.,0.,0.));
#8171=DIRECTION('',(0.,0.,-1.));
#8172=DIRECTION('',(-1.,0.,0.));
#8173=DIRECTION('',(0.,0.,-1.));
#8174=DIRECTION('',(-1.,0.,0.));
#8175=DIRECTION('',(0.,0.,-1.));
#8176=DIRECTION('',(1.,0.,0.));
#8177=DIRECTION('',(0.,0.,1.));
#8178=DIRECTION('',(-1.,0.,0.));
#8179=DIRECTION('',(0.,0.,-1.));
#8180=DIRECTION('',(-1.,0.,0.));
#8181=DIRECTION('',(0.,0.,1.));
#8182=DIRECTION('',(1.,0.,0.));
#8183=DIRECTION('',(0.,0.,1.));
#8184=DIRECTION('',(1.,0.,0.));
#8185=DIRECTION('',(0.,0.,-1.));
#8186=DIRECTION('',(-1.,0.,0.));
#8187=DIRECTION('',(0.,0.,1.));
#8188=DIRECTION('',(1.,0.,0.));
#8189=DIRECTION('',(0.,0.,1.));
#8190=DIRECTION('',(1.,0.,0.));
#8191=DIRECTION('',(0.,0.,1.));
#8192=DIRECTION('',(1.,0.,0.));
#8193=DIRECTION('',(0.,0.,1.));
#8194=DIRECTION('',(1.,0.,0.));
#8195=DIRECTION('',(0.,0.,1.));
#8196=DIRECTION('',(1.,0.,0.));
#8197=DIRECTION('',(0.,0.,-1.));
#8198=DIRECTION('',(-1.,0.,0.));
#8199=DIRECTION('',(0.,0.,1.));
#8200=DIRECTION('',(1.,0.,0.));
#8201=DIRECTION('',(0.,0.,1.));
#8202=DIRECTION('',(1.,0.,0.));
#8203=DIRECTION('',(0.,0.,1.));
#8204=DIRECTION('',(1.,0.,0.));
#8205=DIRECTION('',(0.,0.,1.));
#8206=DIRECTION('',(1.,0.,0.));
#8207=DIRECTION('',(0.,0.,1.));
#8208=DIRECTION('',(1.,0.,0.));
#8209=DIRECTION('',(0.,0.,1.));
#8210=DIRECTION('',(1.,0.,0.));
#8211=DIRECTION('',(0.,0.,1.));
#8212=DIRECTION('',(1.,0.,0.));
#8213=DIRECTION('',(0.,0.,-1.));
#8214=DIRECTION('',(-1.,0.,0.));
#8215=DIRECTION('',(0.,0.,-1.));
#8216=DIRECTION('',(-1.,0.,0.));
#8217=DIRECTION('',(0.,0.,-1.));
#8218=DIRECTION('',(-1.,0.,0.));
#8219=DIRECTION('',(0.,0.,-1.));
#8220=DIRECTION('',(-1.,0.,0.));
#8221=DIRECTION('',(0.,0.,1.));
#8222=DIRECTION('',(1.,0.,0.));
#8223=DIRECTION('',(0.,0.,-1.));
#8224=DIRECTION('',(-1.,0.,0.));
#8225=DIRECTION('',(0.,0.,-1.));
#8226=DIRECTION('',(-1.,0.,0.));
#8227=DIRECTION('',(0.,0.,-1.));
#8228=DIRECTION('',(1.,0.,0.));
#8229=DIRECTION('',(0.,0.,-1.));
#8230=DIRECTION('',(-1.,0.,0.));
#8231=DIRECTION('',(0.,0.,-1.));
#8232=DIRECTION('',(-1.,0.,0.));
#8233=DIRECTION('',(0.,0.,-1.));
#8234=DIRECTION('',(-1.,0.,0.));
#8235=DIRECTION('',(0.,0.,-1.));
#8236=DIRECTION('',(-1.,0.,0.));
#8237=DIRECTION('',(0.,0.,-1.));
#8238=DIRECTION('',(1.,0.,0.));
#8239=DIRECTION('',(0.,0.,-1.));
#8240=DIRECTION('',(-1.,0.,0.));
#8241=DIRECTION('',(0.,0.,-1.));
#8242=DIRECTION('',(-1.,0.,0.));
#8243=DIRECTION('',(0.,0.,-1.));
#8244=DIRECTION('',(-1.,0.,0.));
#8245=DIRECTION('',(0.,0.,-1.));
#8246=DIRECTION('',(-1.,0.,0.));
#8247=DIRECTION('',(0.,0.,-1.));
#8248=DIRECTION('',(-1.,0.,0.));
#8249=DIRECTION('',(0.,0.,-1.));
#8250=DIRECTION('',(-1.,0.,0.));
#8251=DIRECTION('',(0.,0.,-1.));
#8252=DIRECTION('',(-1.,0.,0.));
#8253=DIRECTION('',(0.,0.,-1.));
#8254=DIRECTION('',(-1.,0.,0.));
#8255=DIRECTION('',(0.,0.,1.));
#8256=DIRECTION('',(1.,0.,0.));
#8257=DIRECTION('',(0.,0.,1.));
#8258=DIRECTION('',(1.,0.,0.));
#8259=DIRECTION('',(0.,0.,1.));
#8260=DIRECTION('',(1.,0.,0.));
#8261=DIRECTION('',(0.,0.,1.));
#8262=DIRECTION('',(1.,0.,0.));
#8263=DIRECTION('',(0.,0.,1.));
#8264=DIRECTION('',(1.,0.,0.));
#8265=DIRECTION('',(0.,0.,1.));
#8266=DIRECTION('',(1.,0.,0.));
#8267=DIRECTION('',(0.,0.,1.));
#8268=DIRECTION('',(1.,0.,0.));
#8269=DIRECTION('',(0.,0.,1.));
#8270=DIRECTION('',(1.,0.,0.));
#8271=DIRECTION('',(0.,0.,1.));
#8272=DIRECTION('',(1.,0.,0.));
#8273=DIRECTION('',(0.,0.,1.));
#8274=DIRECTION('',(1.,0.,0.));
#8275=DIRECTION('',(0.,1.,0.));
#8276=DIRECTION('',(0.,0.,1.));
#8277=DIRECTION('',(0.,0.,-1.));
#8278=DIRECTION('',(1.,0.,0.));
#8279=DIRECTION('',(0.,0.,-1.));
#8280=DIRECTION('',(0.,0.,-1.));
#8281=DIRECTION('',(-1.,0.,0.));
#8282=DIRECTION('',(0.,0.,1.));
#8283=DIRECTION('',(1.,0.,0.));
#8284=DIRECTION('',(0.,0.,-1.));
#8285=DIRECTION('',(1.,-1.51569512066035E-16,0.));
#8286=DIRECTION('',(1.51569512066035E-16,1.,0.));
#8287=DIRECTION('',(0.,0.,1.));
#8288=DIRECTION('',(-1.51569512066035E-16,-1.,0.));
#8289=DIRECTION('',(0.,1.,0.));
#8290=DIRECTION('',(0.,0.,1.));
#8291=DIRECTION('',(0.,0.,-1.));
#8292=DIRECTION('',(1.,0.,0.));
#8293=DIRECTION('',(0.,0.,1.));
#8294=DIRECTION('',(1.,-1.51569512066035E-16,0.));
#8295=DIRECTION('',(1.51569512066035E-16,1.,0.));
#8296=DIRECTION('',(0.,0.,-1.));
#8297=DIRECTION('',(-1.51569512066035E-16,-1.,0.));
#8298=DIRECTION('',(0.,0.,-1.));
#8299=DIRECTION('',(0.,0.,-1.));
#8300=DIRECTION('',(-1.,0.,0.));
#8301=DIRECTION('',(0.,0.,-1.));
#8302=DIRECTION('',(0.,0.,1.));
#8303=DIRECTION('',(1.,0.,0.));
#8304=DIRECTION('',(0.,1.,0.));
#8305=DIRECTION('',(0.,0.,1.));
#8306=DIRECTION('',(0.,0.,1.));
#8307=DIRECTION('',(1.,0.,0.));
#8308=DIRECTION('',(1.,0.,0.));
#8309=DIRECTION('',(0.,0.,-1.));
#8310=DIRECTION('',(0.,-1.,0.));
#8311=DIRECTION('',(0.,0.,1.));
#8312=DIRECTION('',(0.,0.,-1.));
#8313=DIRECTION('',(0.,1.,0.));
#8314=DIRECTION('',(0.,0.,1.));
#8315=DIRECTION('',(0.,0.,-1.));
#8316=DIRECTION('',(1.,0.,0.));
#8317=DIRECTION('',(0.,0.,-1.));
#8318=DIRECTION('',(0.,0.,-1.));
#8319=DIRECTION('',(-1.,0.,0.));
#8320=DIRECTION('',(0.,0.,1.));
#8321=DIRECTION('',(1.,0.,0.));
#8322=DIRECTION('',(0.,0.,-1.));
#8323=DIRECTION('',(1.,-1.51569512066035E-16,0.));
#8324=DIRECTION('',(1.51569512066035E-16,1.,0.));
#8325=DIRECTION('',(0.,0.,1.));
#8326=DIRECTION('',(-1.51569512066035E-16,-1.,0.));
#8327=DIRECTION('',(0.,1.,0.));
#8328=DIRECTION('',(0.,0.,1.));
#8329=DIRECTION('',(1.,0.,0.));
#8330=DIRECTION('',(0.,0.,1.));
#8331=DIRECTION('',(0.,0.,-1.));
#8332=DIRECTION('',(1.,-1.51569512066035E-16,0.));
#8333=DIRECTION('',(1.51569512066035E-16,1.,0.));
#8334=DIRECTION('',(0.,0.,-1.));
#8335=DIRECTION('',(-1.51569512066035E-16,-1.,0.));
#8336=DIRECTION('',(0.,0.,-1.));
#8337=DIRECTION('',(0.,0.,-1.));
#8338=DIRECTION('',(-1.,0.,0.));
#8339=DIRECTION('',(0.,0.,-1.));
#8340=DIRECTION('',(0.,0.,1.));
#8341=DIRECTION('',(1.,0.,0.));
#8342=DIRECTION('',(0.,0.,1.));
#8343=DIRECTION('',(1.,0.,0.));
#8344=DIRECTION('',(0.,1.,0.));
#8345=DIRECTION('',(0.,0.,1.));
#8346=DIRECTION('',(0.,0.,1.));
#8347=DIRECTION('',(1.,0.,0.));
#8348=DIRECTION('',(1.,0.,0.));
#8349=DIRECTION('',(0.,0.,-1.));
#8350=DIRECTION('',(0.,0.,-1.));
#8351=DIRECTION('',(0.,-1.,0.));
#8352=DIRECTION('',(0.,0.,1.));
#8353=DIRECTION('',(0.,0.,1.));
#8354=DIRECTION('',(1.,0.,0.));
#8355=DIRECTION('',(0.,0.,1.));
#8356=DIRECTION('',(1.,0.,0.));
#8357=DIRECTION('',(0.,0.,1.));
#8358=DIRECTION('',(1.,0.,0.));
#8359=DIRECTION('',(0.,0.,1.));
#8360=DIRECTION('',(1.,0.,0.));
#8361=DIRECTION('',(-0.707106781186548,-0.707106781186548,0.));
#8362=DIRECTION('',(-0.707106781186547,-0.707106781186548,0.));
#8363=DIRECTION('',(0.707106781186548,-0.707106781186548,0.));
#8364=DIRECTION('',(0.707106781186548,-0.707106781186548,0.));
#8365=DIRECTION('',(0.707106781186548,0.707106781186548,0.));
#8366=DIRECTION('',(0.707106781186548,0.707106781186548,0.));
#8367=DIRECTION('',(-0.707106781186548,0.707106781186548,0.));
#8368=DIRECTION('',(-0.707106781186548,0.707106781186548,0.));
#8369=DIRECTION('',(0.,0.,1.));
#8370=DIRECTION('',(1.,0.,0.));
#8371=DIRECTION('',(0.,0.,1.));
#8372=DIRECTION('',(1.,0.,0.));
#8373=DIRECTION('',(0.,0.,1.));
#8374=DIRECTION('',(1.,0.,0.));
#8375=DIRECTION('',(0.,0.,1.));
#8376=DIRECTION('',(1.,0.,0.));
#8377=DIRECTION('',(0.,0.,1.));
#8378=DIRECTION('',(1.,0.,0.));
#8379=DIRECTION('',(0.707106781186548,-0.707106781186548,0.));
#8380=DIRECTION('',(0.,0.,1.));
#8381=DIRECTION('',(-0.707106781186548,-0.707106781186548,0.));
#8382=DIRECTION('',(0.,0.,-1.));
#8383=DIRECTION('',(0.707106781186548,0.707106781186548,0.));
#8384=DIRECTION('',(0.,0.,-1.));
#8385=DIRECTION('',(-0.707106781186548,0.707106781186548,0.));
#8386=DIRECTION('',(0.,0.,1.));
#8387=DIRECTION('',(0.707106781186548,-0.707106781186547,0.));
#8388=DIRECTION('',(0.,0.,1.));
#8389=DIRECTION('',(0.707106781186548,0.707106781186548,0.));
#8390=DIRECTION('',(0.,0.,-1.));
#8391=DIRECTION('',(-0.707106781186548,-0.707106781186548,0.));
#8392=DIRECTION('',(0.,0.,-1.));
#8393=DIRECTION('',(-0.707106781186548,0.707106781186548,0.));
#8394=DIRECTION('',(0.,0.,1.));
#8395=DIRECTION('',(-4.93038065763133E-32,-4.93038065763132E-32,-1.));
#8396=DIRECTION('',(1.,-4.85722573273506E-17,-4.93038065763133E-32));
#8397=DIRECTION('',(0.,1.,0.));
#8398=DIRECTION('',(0.,0.,1.));
#8399=DIRECTION('',(1.,0.,0.));
#8400=DIRECTION('',(0.,0.,-1.));
#8401=DIRECTION('',(1.,0.,0.));
#8402=DIRECTION('',(0.,0.,-1.));
#8403=DIRECTION('',(1.,-2.28253088944317E-16,0.));
#8404=DIRECTION('',(2.28253088944317E-16,1.,0.));
#8405=DIRECTION('',(-2.28253088944317E-16,-1.,0.));
#8406=DIRECTION('',(0.,0.,-1.));
#8407=DIRECTION('',(-2.28253088944317E-16,-1.,0.));
#8408=DIRECTION('',(0.,1.,0.));
#8409=DIRECTION('',(0.,0.,1.));
#8410=DIRECTION('',(1.,0.,0.));
#8411=DIRECTION('',(0.,0.,-1.));
#8412=DIRECTION('',(1.,0.,0.));
#8413=DIRECTION('',(1.,-2.28253088944317E-16,0.));
#8414=DIRECTION('',(2.28253088944317E-16,1.,0.));
#8415=DIRECTION('',(-2.28253088944317E-16,-1.,0.));
#8416=DIRECTION('',(-2.28253088944317E-16,-1.,0.));
#8417=DIRECTION('',(0.,0.,1.));
#8418=DIRECTION('',(1.,0.,0.));
#8419=DIRECTION('',(0.,0.,1.));
#8420=DIRECTION('',(1.,0.,0.));
#8421=DIRECTION('',(0.,0.,1.));
#8422=DIRECTION('',(1.,0.,0.));
#8423=DIRECTION('',(0.,0.,1.));
#8424=DIRECTION('',(1.,0.,0.));
#8425=DIRECTION('',(0.,0.,1.));
#8426=DIRECTION('',(1.,0.,0.));
#8427=DIRECTION('',(0.,0.,1.));
#8428=DIRECTION('',(1.,0.,0.));
#8429=DIRECTION('',(0.,0.,-1.));
#8430=DIRECTION('',(-1.,0.,0.));
#8431=DIRECTION('',(0.,0.,-1.));
#8432=DIRECTION('',(-1.,0.,0.));
#8433=DIRECTION('',(0.,0.,-1.));
#8434=DIRECTION('',(-1.,0.,0.));
#8435=DIRECTION('',(0.,0.,-1.));
#8436=DIRECTION('',(-1.,0.,0.));
#8437=DIRECTION('',(0.,0.,-1.));
#8438=DIRECTION('',(-1.,0.,0.));
#8439=DIRECTION('',(0.,0.,1.));
#8440=DIRECTION('',(1.,0.,0.));
#8441=DIRECTION('',(0.,0.,-1.));
#8442=DIRECTION('',(-1.,0.,0.));
#8443=DIRECTION('',(0.,0.,1.));
#8444=DIRECTION('',(1.,0.,0.));
#8445=DIRECTION('',(0.,0.,-1.));
#8446=DIRECTION('',(-1.,0.,0.));
#8447=DIRECTION('',(0.,0.,1.));
#8448=DIRECTION('',(1.,0.,0.));
#8449=DIRECTION('',(0.,0.,-1.));
#8450=DIRECTION('',(-1.,0.,0.));
#8451=DIRECTION('',(0.,0.,1.));
#8452=DIRECTION('',(1.,0.,0.));
#8453=DIRECTION('',(0.,1.,0.));
#8454=DIRECTION('',(0.,0.,1.));
#8455=DIRECTION('',(1.,0.,0.));
#8456=DIRECTION('',(0.,0.,-1.));
#8457=DIRECTION('',(1.,0.,0.));
#8458=DIRECTION('',(0.,0.,-1.));
#8459=DIRECTION('',(1.,-1.66800334228539E-16,0.));
#8460=DIRECTION('',(1.66800334228539E-16,1.,0.));
#8461=DIRECTION('',(-1.66800334228539E-16,-1.,0.));
#8462=DIRECTION('',(0.,0.,-1.));
#8463=DIRECTION('',(-1.66800334228539E-16,-1.,0.));
#8464=DIRECTION('',(0.,1.,0.));
#8465=DIRECTION('',(0.,0.,1.));
#8466=DIRECTION('',(1.,0.,0.));
#8467=DIRECTION('',(0.,0.,-1.));
#8468=DIRECTION('',(1.,0.,0.));
#8469=DIRECTION('',(1.,-1.66800334228539E-16,0.));
#8470=DIRECTION('',(1.66800334228539E-16,1.,0.));
#8471=DIRECTION('',(-1.66800334228539E-16,-1.,0.));
#8472=DIRECTION('',(-1.66800334228539E-16,-1.,0.));
#8473=DIRECTION('',(0.,0.,1.));
#8474=DIRECTION('',(1.,0.,0.));
#8475=DIRECTION('',(0.,0.,1.));
#8476=DIRECTION('',(1.,0.,0.));
#8477=DIRECTION('',(0.,0.,1.));
#8478=DIRECTION('',(1.,0.,0.));
#8479=DIRECTION('',(0.,0.,1.));
#8480=DIRECTION('',(1.,0.,0.));
#8481=DIRECTION('',(0.,0.,1.));
#8482=DIRECTION('',(1.,0.,0.));
#8483=DIRECTION('',(0.,0.,1.));
#8484=DIRECTION('',(1.,0.,0.));
#8485=DIRECTION('',(0.,0.,-1.));
#8486=DIRECTION('',(-1.,0.,0.));
#8487=DIRECTION('',(0.,0.,-1.));
#8488=DIRECTION('',(-1.,0.,0.));
#8489=DIRECTION('',(0.,0.,-1.));
#8490=DIRECTION('',(-1.,0.,0.));
#8491=DIRECTION('',(0.,0.,-1.));
#8492=DIRECTION('',(-1.,0.,0.));
#8493=DIRECTION('',(0.,0.,1.));
#8494=DIRECTION('',(1.,0.,0.));
#8495=DIRECTION('',(0.,0.,-1.));
#8496=DIRECTION('',(-1.,0.,0.));
#8497=DIRECTION('',(0.,0.,1.));
#8498=DIRECTION('',(1.,0.,0.));
#8499=DIRECTION('',(0.,0.,1.));
#8500=DIRECTION('',(1.,0.,0.));
#8501=DIRECTION('',(0.,0.,-1.));
#8502=DIRECTION('',(-1.,0.,0.));
#8503=DIRECTION('',(0.,0.,1.));
#8504=DIRECTION('',(1.,0.,0.));
#8505=DIRECTION('',(0.,0.,1.));
#8506=DIRECTION('',(1.,0.,0.));
#8507=DIRECTION('',(0.,0.,1.));
#8508=DIRECTION('',(1.,0.,0.));
#8509=DIRECTION('',(0.,0.,1.));
#8510=DIRECTION('',(1.,0.,0.));
#8511=DIRECTION('',(0.,0.,1.));
#8512=DIRECTION('',(1.,0.,0.));
#8513=DIRECTION('',(0.,0.,1.));
#8514=DIRECTION('',(1.,0.,0.));
#8515=DIRECTION('',(0.,0.,1.));
#8516=DIRECTION('',(1.,0.,0.));
#8517=DIRECTION('',(0.,0.,1.));
#8518=DIRECTION('',(1.,0.,0.));
#8519=DIRECTION('',(0.,0.,1.));
#8520=DIRECTION('',(1.,0.,0.));
#8521=DIRECTION('',(0.,0.,1.));
#8522=DIRECTION('',(1.,0.,0.));
#8523=DIRECTION('',(0.,0.,1.));
#8524=DIRECTION('',(1.,0.,0.));
#8525=DIRECTION('',(0.,0.,1.));
#8526=DIRECTION('',(1.,0.,0.));
#8527=DIRECTION('',(0.,0.,1.));
#8528=DIRECTION('',(1.,0.,0.));
#8529=DIRECTION('',(0.,0.,1.));
#8530=DIRECTION('',(1.,0.,0.));
#8531=DIRECTION('',(0.,0.,1.));
#8532=DIRECTION('',(1.,0.,0.));
#8533=DIRECTION('',(0.,0.,1.));
#8534=DIRECTION('',(1.,0.,0.));
#8535=DIRECTION('',(0.,0.,1.));
#8536=DIRECTION('',(1.,0.,0.));
#8537=DIRECTION('',(0.,0.,-1.));
#8538=DIRECTION('',(-1.,0.,0.));
#8539=DIRECTION('',(0.,0.,1.));
#8540=DIRECTION('',(1.,0.,0.));
#8541=DIRECTION('',(0.,0.,-1.));
#8542=DIRECTION('',(-1.,0.,0.));
#8543=DIRECTION('',(0.,0.,-1.));
#8544=DIRECTION('',(-1.,0.,0.));
#8545=DIRECTION('',(0.,0.,1.));
#8546=DIRECTION('',(1.,0.,0.));
#8547=DIRECTION('',(0.,0.,-1.));
#8548=DIRECTION('',(-1.,0.,0.));
#8549=DIRECTION('',(-0.707106781186547,-0.707106781186548,0.));
#8550=DIRECTION('',(0.707106781186548,-0.707106781186548,0.));
#8551=DIRECTION('',(-0.707106781186548,0.707106781186548,0.));
#8552=DIRECTION('',(0.,0.,1.));
#8553=DIRECTION('',(-0.707106781186548,0.707106781186548,0.));
#8554=DIRECTION('',(0.,0.,-1.));
#8555=DIRECTION('',(-0.707106781186548,0.707106781186548,0.));
#8556=DIRECTION('',(0.,0.,-1.));
#8557=DIRECTION('',(-1.,0.,0.));
#8558=DIRECTION('',(0.,0.,1.));
#8559=DIRECTION('',(0.,1.,0.));
#8560=DIRECTION('',(0.,1.,0.));
#8561=DIRECTION('',(0.,0.,-1.));
#8562=DIRECTION('',(0.,0.,1.));
#8563=DIRECTION('',(1.,0.,0.));
#8564=DIRECTION('',(0.,0.,1.));
#8565=DIRECTION('',(1.,0.,0.));
#8566=DIRECTION('',(0.,0.,1.));
#8567=DIRECTION('',(1.,0.,0.));
#8568=DIRECTION('',(0.,0.,1.));
#8569=DIRECTION('',(1.,0.,0.));
#8570=DIRECTION('',(0.,0.,1.));
#8571=DIRECTION('',(1.,0.,0.));
#8572=DIRECTION('',(0.,0.,1.));
#8573=DIRECTION('',(1.,0.,0.));
#8574=DIRECTION('',(0.,1.,0.));
#8575=DIRECTION('',(-0.999995009799671,0.00315917327084543,0.));
#8576=DIRECTION('',(-0.707106781186548,0.707106781186547,0.));
#8577=DIRECTION('',(-0.707106999999898,0.707106562373129,0.));
#8578=DIRECTION('',(0.,0.,1.));
#8579=DIRECTION('',(1.,0.,0.));
#8580=DIRECTION('',(-0.707106999999898,0.707106562373129,0.));
#8581=DIRECTION('',(-0.707106781186547,-0.707106781186548,0.));
#8582=DIRECTION('',(0.707106781186548,-0.707106781186547,0.));
#8583=DIRECTION('',(-0.707106781186548,0.707106781186547,0.));
#8584=DIRECTION('',(-0.707106781186548,0.707106781186547,0.));
#8585=DIRECTION('',(0.,0.,-1.));
#8586=DIRECTION('',(0.,0.,1.));
#8587=DIRECTION('',(-0.707106562373129,-0.707106999999898,0.));
#8588=DIRECTION('',(0.707106999999898,-0.707106562373129,0.));
#8589=DIRECTION('',(-0.707106999999898,0.707106562373129,0.));
#8590=DIRECTION('',(0.,0.,-1.));
#8591=DIRECTION('',(0.,0.,-1.));
#8592=DIRECTION('',(-1.,0.,0.));
#8593=DIRECTION('',(0.,0.,1.));
#8594=DIRECTION('',(1.,0.,0.));
#8595=DIRECTION('',(0.,0.,-1.));
#8596=DIRECTION('',(-0.707106562373129,-0.707106999999898,0.));
#8597=DIRECTION('',(0.707106999999898,-0.707106562373129,0.));
#8598=DIRECTION('',(-0.707106999999898,0.707106562373129,0.));
#8599=DIRECTION('',(0.,0.,1.));
#8600=DIRECTION('',(1.,0.,0.));
#8601=DIRECTION('',(0.,0.,-1.));
#8602=DIRECTION('',(-1.,0.,0.));
#8603=DIRECTION('',(0.,0.,-1.));
#8604=DIRECTION('',(-1.,0.,0.));
#8605=DIRECTION('',(1.,0.,0.));
#8606=DIRECTION('',(0.,0.,-1.));
#8607=DIRECTION('',(0.,1.,0.));
#8608=DIRECTION('',(0.,0.,1.));
#8609=DIRECTION('',(0.00315917327084543,0.999995009799671,0.));
#8610=DIRECTION('',(-0.999995009799671,0.00315917327084543,0.));
#8611=DIRECTION('',(-0.999995009799671,0.00315917327084543,0.));
#8612=DIRECTION('',(0.,0.,1.));
#8613=DIRECTION('',(1.,0.,0.));
#8614=DIRECTION('',(0.,0.,1.));
#8615=DIRECTION('',(1.,0.,0.));
#8616=DIRECTION('',(0.,0.,1.));
#8617=DIRECTION('',(1.,0.,0.));
#8618=DIRECTION('',(0.,0.,1.));
#8619=DIRECTION('',(1.,0.,0.));
#8620=DIRECTION('',(0.,0.,1.));
#8621=DIRECTION('',(1.,0.,0.));
#8622=DIRECTION('',(0.,0.,-1.));
#8623=DIRECTION('',(-1.,0.,0.));
#8624=DIRECTION('',(0.,0.,-1.));
#8625=DIRECTION('',(1.,0.,0.));
#8626=DIRECTION('',(0.,0.,1.));
#8627=DIRECTION('',(1.,0.,0.));
#8628=DIRECTION('',(0.,0.,-1.));
#8629=DIRECTION('',(-1.,0.,0.));
#8630=DIRECTION('',(0.,0.,-1.));
#8631=DIRECTION('',(1.,0.,0.));
#8632=DIRECTION('',(0.,0.,1.));
#8633=DIRECTION('',(1.,0.,0.));
#8634=DIRECTION('',(0.,0.,1.));
#8635=DIRECTION('',(1.,0.,0.));
#8636=DIRECTION('',(0.,0.,1.));
#8637=DIRECTION('',(1.,0.,0.));
#8638=DIRECTION('',(0.,0.,1.));
#8639=DIRECTION('',(1.,0.,0.));
#8640=DIRECTION('',(0.,0.,1.));
#8641=DIRECTION('',(1.,0.,0.));
#8642=DIRECTION('',(0.,0.,1.));
#8643=DIRECTION('',(1.,0.,0.));
#8644=DIRECTION('',(0.,0.,1.));
#8645=DIRECTION('',(1.,0.,0.));
#8646=DIRECTION('',(0.,0.,1.));
#8647=DIRECTION('',(1.,0.,0.));
#8648=DIRECTION('',(0.,0.,1.));
#8649=DIRECTION('',(1.,0.,0.));
#8650=DIRECTION('',(0.,0.,1.));
#8651=DIRECTION('',(1.,0.,0.));
#8652=DIRECTION('',(0.,0.,1.));
#8653=DIRECTION('',(1.,0.,0.));
#8654=DIRECTION('',(0.,0.,1.));
#8655=DIRECTION('',(1.,0.,0.));
#8656=DIRECTION('',(0.,0.,-1.));
#8657=DIRECTION('',(-1.,0.,0.));
#8658=DIRECTION('',(0.,0.,1.));
#8659=DIRECTION('',(1.,0.,0.));
#8660=DIRECTION('',(-9.86076131526264E-32,-4.93038065763132E-32,-1.));
#8661=DIRECTION('',(1.,-9.71445146547012E-17,-9.86076131526264E-32));
#8662=DIRECTION('',(0.,0.,1.));
#8663=DIRECTION('',(1.,0.,0.));
#8664=DIRECTION('',(0.,0.,-1.));
#8665=DIRECTION('',(-1.,0.,0.));
#8666=DIRECTION('',(0.,0.,1.));
#8667=DIRECTION('',(1.,0.,0.));
#8668=DIRECTION('',(0.,0.,1.));
#8669=DIRECTION('',(1.,0.,0.));
#8670=DIRECTION('',(0.,0.,1.));
#8671=DIRECTION('',(1.,0.,0.));
#8672=DIRECTION('',(0.,0.,1.));
#8673=DIRECTION('',(1.,0.,0.));
#8674=DIRECTION('',(0.,0.,1.));
#8675=DIRECTION('',(1.,0.,0.));
#8676=DIRECTION('',(0.,0.,-1.));
#8677=DIRECTION('',(-1.,0.,0.));
#8678=DIRECTION('',(0.,0.,1.));
#8679=DIRECTION('',(1.,0.,0.));
#8680=DIRECTION('',(0.,0.,1.));
#8681=DIRECTION('',(1.,0.,0.));
#8682=DIRECTION('',(0.,0.,-1.));
#8683=DIRECTION('',(1.,0.,0.));
#8684=DIRECTION('',(-0.5,0.866025403784439,0.));
#8685=DIRECTION('',(-0.866025403784439,-0.5,0.));
#8686=DIRECTION('',(0.866025403784439,0.5,0.));
#8687=DIRECTION('',(0.,0.,-1.));
#8688=DIRECTION('',(0.866025403784439,0.5,0.));
#8689=DIRECTION('',(0.,0.,-1.));
#8690=DIRECTION('',(-1.,0.,0.));
#8691=DIRECTION('',(0.,0.,1.));
#8692=DIRECTION('',(0.,1.,0.));
#8693=DIRECTION('',(0.,0.,-1.));
#8694=DIRECTION('',(0.,1.,0.));
#8695=DIRECTION('',(-0.5,-0.866025403784439,0.));
#8696=DIRECTION('',(0.866025403784439,-0.5,0.));
#8697=DIRECTION('',(-0.866025403784439,0.5,0.));
#8698=DIRECTION('',(0.,0.,-1.));
#8699=DIRECTION('',(-0.866025403784439,0.5,0.));
#8700=DIRECTION('',(0.5,-0.866025403784439,0.));
#8701=DIRECTION('',(0.866025403784439,0.5,0.));
#8702=DIRECTION('',(-0.866025403784439,-0.5,0.));
#8703=DIRECTION('',(0.,0.,-1.));
#8704=DIRECTION('',(-0.866025403784439,-0.5,0.));
#8705=DIRECTION('',(1.,-1.92604435735533E-16,0.));
#8706=DIRECTION('',(1.92604435735533E-16,1.,0.));
#8707=DIRECTION('',(-1.92604435735533E-16,-1.,0.));
#8708=DIRECTION('',(0.,0.,-1.));
#8709=DIRECTION('',(-1.92604435735533E-16,-1.,0.));
#8710=DIRECTION('',(0.,0.,-1.));
#8711=DIRECTION('',(-1.,0.,0.));
#8712=DIRECTION('',(0.,0.,1.));
#8713=DIRECTION('',(1.,0.,0.));
#8714=DIRECTION('',(0.,0.,1.));
#8715=DIRECTION('',(1.,0.,0.));
#8716=DIRECTION('',(0.5,0.866025403784438,0.));
#8717=DIRECTION('',(-0.866025403784438,0.5,0.));
#8718=DIRECTION('',(0.866025403784439,-0.5,0.));
#8719=DIRECTION('',(0.866025403784439,-0.5,0.));
#8720=DIRECTION('',(0.,0.,1.));
#8721=DIRECTION('',(1.,0.,0.));
#8722=DIRECTION('',(0.,0.,1.));
#8723=DIRECTION('',(1.,0.,0.));
#8724=DIRECTION('',(0.,0.,-1.));
#8725=DIRECTION('',(-1.,0.,0.));
#8726=DIRECTION('',(0.,0.,-1.));
#8727=DIRECTION('',(-1.,0.,0.));
#8728=DIRECTION('',(0.,0.,-1.));
#8729=DIRECTION('',(1.,0.,0.));
#8730=DIRECTION('',(0.,0.,-1.));
#8731=DIRECTION('',(1.,0.,0.));
#8732=DIRECTION('',(0.,0.,1.));
#8733=DIRECTION('',(1.,0.,0.));
#8734=DIRECTION('',(0.,0.,1.));
#8735=DIRECTION('',(1.,0.,0.));
#8736=DIRECTION('',(-2.72113486427734E-16,-1.,0.));
#8737=DIRECTION('',(1.,0.,0.));
#8738=DIRECTION('',(0.,1.,0.));
#8739=DIRECTION('',(-1.,0.,0.));
#8740=DIRECTION('',(0.,-1.,0.));
#8741=DIRECTION('',(1.,0.,0.));
#8742=DIRECTION('',(0.,0.,1.));
#8743=DIRECTION('',(1.,0.,0.));
#8744=DIRECTION('',(0.,0.,1.));
#8745=DIRECTION('',(1.,0.,0.));
#8746=DIRECTION('',(0.,0.,1.));
#8747=DIRECTION('',(1.,0.,0.));
#8748=DIRECTION('',(0.,0.,1.));
#8749=DIRECTION('',(1.,0.,0.));
#8750=DIRECTION('',(0.,0.,1.));
#8751=DIRECTION('',(1.,0.,0.));
#8752=DIRECTION('',(0.,0.,1.));
#8753=DIRECTION('',(1.,0.,0.));
#8754=DIRECTION('',(0.,0.,1.));
#8755=DIRECTION('',(1.,0.,0.));
#8756=DIRECTION('',(0.,0.,1.));
#8757=DIRECTION('',(1.,0.,0.));
#8758=DIRECTION('',(0.,0.,1.));
#8759=DIRECTION('',(1.,0.,0.));
#8760=DIRECTION('',(0.,0.,1.));
#8761=DIRECTION('',(1.,0.,0.));
#8762=DIRECTION('',(0.,0.,1.));
#8763=DIRECTION('',(1.,0.,0.));
#8764=DIRECTION('',(0.,0.,1.));
#8765=DIRECTION('',(1.,0.,0.));
#8766=DIRECTION('',(0.,0.,1.));
#8767=DIRECTION('',(1.,0.,0.));
#8768=DIRECTION('',(0.,0.,1.));
#8769=DIRECTION('',(1.,0.,0.));
#8770=DIRECTION('',(0.,0.,-1.));
#8771=DIRECTION('',(-1.,0.,0.));
#8772=DIRECTION('',(0.,0.,1.));
#8773=DIRECTION('',(1.,0.,0.));
#8774=DIRECTION('',(0.,0.,1.));
#8775=DIRECTION('',(1.,0.,0.));
#8776=DIRECTION('',(0.,0.,-1.));
#8777=DIRECTION('',(-1.,0.,0.));
#8778=DIRECTION('',(0.,0.,1.));
#8779=DIRECTION('',(1.,0.,0.));
#8780=DIRECTION('',(0.,0.,1.));
#8781=DIRECTION('',(1.,0.,0.));
#8782=DIRECTION('',(0.,0.,-1.));
#8783=DIRECTION('',(-1.,0.,0.));
#8784=DIRECTION('',(0.,0.,1.));
#8785=DIRECTION('',(1.,0.,0.));
#8786=DIRECTION('',(0.,0.,1.));
#8787=DIRECTION('',(1.,0.,0.));
#8788=DIRECTION('',(0.,0.,-1.));
#8789=DIRECTION('',(-1.,0.,0.));
#8790=DIRECTION('',(0.,0.,1.));
#8791=DIRECTION('',(1.,0.,0.));
#8792=DIRECTION('',(0.,0.,1.));
#8793=DIRECTION('',(1.,0.,0.));
#8794=DIRECTION('',(0.,0.,-1.));
#8795=DIRECTION('',(-1.,0.,0.));
#8796=DIRECTION('',(0.,0.,1.));
#8797=DIRECTION('',(1.,0.,0.));
#8798=DIRECTION('',(0.,0.,1.));
#8799=DIRECTION('',(1.,0.,0.));
#8800=DIRECTION('',(0.,0.,-1.));
#8801=DIRECTION('',(-1.,0.,0.));
#8802=DIRECTION('',(0.,0.,1.));
#8803=DIRECTION('',(1.,0.,0.));
#8804=DIRECTION('',(0.,0.,1.));
#8805=DIRECTION('',(1.,0.,0.));
#8806=DIRECTION('',(0.,0.,-1.));
#8807=DIRECTION('',(-1.,0.,0.));
#8808=DIRECTION('',(0.,0.,1.));
#8809=DIRECTION('',(1.,0.,0.));
#8810=DIRECTION('',(0.,0.,1.));
#8811=DIRECTION('',(1.,0.,0.));
#8812=DIRECTION('',(0.,0.,-1.));
#8813=DIRECTION('',(-1.,0.,0.));
#8814=DIRECTION('',(-1.,0.,0.));
#8815=DIRECTION('',(0.,0.,1.));
#8816=DIRECTION('',(0.,0.,1.));
#8817=DIRECTION('',(0.,-1.,0.));
#8818=DIRECTION('',(0.,0.,1.));
#8819=DIRECTION('',(0.,-1.,0.));
#8820=DIRECTION('',(0.,0.,1.));
#8821=DIRECTION('',(1.,0.,0.));
#8822=DIRECTION('',(1.,0.,0.));
#8823=DIRECTION('',(-1.85863229568943E-16,-1.,0.));
#8824=DIRECTION('',(1.,0.,0.));
#8825=DIRECTION('',(-1.85863229568943E-16,-1.,0.));
#8826=DIRECTION('',(0.,0.,1.));
#8827=DIRECTION('',(1.,0.,0.));
#8828=DIRECTION('',(0.,0.,1.));
#8829=DIRECTION('',(1.,0.,0.));
#8830=DIRECTION('',(0.,0.,1.));
#8831=DIRECTION('',(1.,0.,0.));
#8832=DIRECTION('',(0.,0.,1.));
#8833=DIRECTION('',(1.,0.,0.));
#8834=DIRECTION('',(0.,0.,1.));
#8835=DIRECTION('',(1.,0.,0.));
#8836=DIRECTION('',(0.,0.,1.));
#8837=DIRECTION('',(1.,0.,0.));
#8838=DIRECTION('',(1.,1.06752213906265E-16,0.));
#8839=DIRECTION('',(0.,1.,0.));
#8840=DIRECTION('',(1.,0.,0.));
#8841=DIRECTION('',(-2.16840434497101E-16,1.,0.));
#8842=DIRECTION('',(1.,1.06752213906265E-16,0.));
#8843=DIRECTION('',(1.06752213906265E-16,-1.,0.));
#8844=DIRECTION('',(1.,1.19636101791504E-16,0.));
#8845=DIRECTION('',(-1.19636101791504E-16,1.,0.));
#8846=DIRECTION('',(1.,1.19636101791504E-16,0.));
#8847=DIRECTION('',(1.06752213906265E-16,-1.,0.));
#8848=DIRECTION('',(1.,0.,0.));
#8849=DIRECTION('',(-1.19636101791504E-16,1.,0.));
#8850=DIRECTION('',(1.06752213906265E-16,-1.,0.));
#8851=DIRECTION('',(1.,1.19636101791504E-16,0.));
#8852=DIRECTION('',(0.,1.,0.));
#8853=DIRECTION('',(1.,0.,0.));
#8854=DIRECTION('',(1.06752213906265E-16,-1.,0.));
#8855=DIRECTION('',(1.,1.06752213906265E-16,0.));
#8856=DIRECTION('',(0.,1.,0.));
#8857=DIRECTION('',(1.,1.19636101791504E-16,0.));
#8858=DIRECTION('',(-1.,0.,0.));
#8859=DIRECTION('',(0.,-1.,0.));
#8860=DIRECTION('',(1.,0.,0.));
#8861=DIRECTION('',(0.,-1.,0.));
#8862=DIRECTION('',(0.707106781186548,-0.707106781186547,0.));
#8863=DIRECTION('',(0.707106781186548,0.707106781186548,0.));
#8864=DIRECTION('',(1.,0.,0.));
#8865=DIRECTION('',(0.707106781186547,0.707106781186548,0.));
#8866=DIRECTION('',(0.,1.,0.));
#8867=DIRECTION('',(-1.,0.,0.));
#8868=DIRECTION('',(0.,1.,0.));
#8869=DIRECTION('',(-0.707106781186548,0.707106781186548,0.));
#8870=DIRECTION('',(-1.,0.,0.));
#8871=DIRECTION('',(0.,-1.,0.));
#8872=DIRECTION('',(-0.707106781186548,0.707106781186547,0.));
#8873=DIRECTION('',(-0.707106781186547,-0.707106781186548,0.));
#8874=DIRECTION('',(0.,-1.,0.));
#8875=DIRECTION('',(-1.,-1.7347234759768E-16,0.));
#8876=DIRECTION('',(-0.707106781186547,-0.707106781186548,0.));
#8877=DIRECTION('',(0.,1.,0.));
#8878=DIRECTION('',(1.,1.06752213906265E-16,0.));
#8879=DIRECTION('',(0.,1.,0.));
#8880=DIRECTION('',(0.707106781186548,-0.707106781186547,0.));
#8881=DIRECTION('',(1.,0.,0.));
#8882=DIRECTION('',(0.,-1.,0.));
#8883=DIRECTION('',(0.,0.,1.));
#8884=DIRECTION('',(1.,0.,0.));
#8885=DIRECTION('',(0.,0.,-1.));
#8886=DIRECTION('',(-1.,0.,0.));
#8887=DIRECTION('',(0.,0.,-1.));
#8888=DIRECTION('',(-1.,0.,0.));
#8889=DIRECTION('',(0.,0.,-1.));
#8890=DIRECTION('',(-1.,0.,0.));
#8891=DIRECTION('',(0.,0.,-1.));
#8892=DIRECTION('',(-1.,0.,0.));
#8893=DIRECTION('',(0.,0.,1.));
#8894=DIRECTION('',(1.,0.,0.));
#8895=DIRECTION('',(0.,0.,1.));
#8896=DIRECTION('',(1.,0.,0.));
#8897=DIRECTION('',(0.,0.,1.));
#8898=DIRECTION('',(1.,0.,0.));
#8899=DIRECTION('',(0.,0.,1.));
#8900=DIRECTION('',(1.,0.,0.));
#8901=DIRECTION('',(0.,0.,1.));
#8902=DIRECTION('',(1.,0.,0.));
#8903=DIRECTION('',(0.,0.,1.));
#8904=DIRECTION('',(1.,0.,0.));
#8905=DIRECTION('',(0.,1.,0.));
#8906=DIRECTION('',(-1.,-1.06752213906265E-16,0.));
#8907=DIRECTION('',(-2.16840434497101E-16,1.,0.));
#8908=DIRECTION('',(1.,0.,0.));
#8909=DIRECTION('',(0.,-1.,0.));
#8910=DIRECTION('',(-1.,0.,0.));
#8911=DIRECTION('',(0.,-1.,0.));
#8912=DIRECTION('',(1.,0.,0.));
#8913=DIRECTION('',(0.707106781186548,0.707106781186548,0.));
#8914=DIRECTION('',(0.707106781186548,-0.707106781186547,0.));
#8915=DIRECTION('',(0.,-1.,0.));
#8916=DIRECTION('',(1.,0.,0.));
#8917=DIRECTION('',(0.707106781186548,-0.707106781186547,0.));
#8918=DIRECTION('',(0.,1.,0.));
#8919=DIRECTION('',(-1.,-1.06752213906265E-16,0.));
#8920=DIRECTION('',(0.,1.,0.));
#8921=DIRECTION('',(-0.707106781186547,-0.707106781186548,0.));
#8922=DIRECTION('',(1.,1.7347234759768E-16,0.));
#8923=DIRECTION('',(0.,-1.,0.));
#8924=DIRECTION('',(-0.707106781186547,-0.707106781186548,0.));
#8925=DIRECTION('',(-0.707106781186548,0.707106781186547,0.));
#8926=DIRECTION('',(0.,-1.,0.));
#8927=DIRECTION('',(1.,0.,0.));
#8928=DIRECTION('',(-0.707106781186548,0.707106781186548,0.));
#8929=DIRECTION('',(0.,1.,0.));
#8930=DIRECTION('',(-1.,0.,0.));
#8931=DIRECTION('',(0.,1.,0.));
#8932=DIRECTION('',(0.707106781186547,0.707106781186548,0.));
#8933=DIRECTION('',(1.,0.,0.));
#8934=DIRECTION('',(-1.,0.,0.));
#8935=DIRECTION('',(0.,0.,1.));
#8936=DIRECTION('',(0.,0.,1.));
#8937=DIRECTION('',(0.,0.,-1.));
#8938=DIRECTION('',(-1.,0.,0.));
#8939=DIRECTION('',(0.,0.,1.));
#8940=DIRECTION('',(0.,0.,1.));
#8941=DIRECTION('',(0.,0.,1.));
#8942=DIRECTION('',(-1.,0.,0.));
#8943=DIRECTION('',(0.,0.,1.));
#8944=DIRECTION('',(0.,0.,1.));
#8945=DIRECTION('',(0.,0.,-1.));
#8946=DIRECTION('',(1.06752213906265E-16,-1.,0.));
#8947=DIRECTION('',(1.,1.06752213906265E-16,0.));
#8948=DIRECTION('',(0.,0.,-1.));
#8949=DIRECTION('',(0.,0.,-1.));
#8950=DIRECTION('',(-1.,-1.06752213906265E-16,0.));
#8951=DIRECTION('',(1.06752213906265E-16,-1.,0.));
#8952=DIRECTION('',(1.,1.06752213906265E-16,0.));
#8953=DIRECTION('',(0.,0.,-1.));
#8954=DIRECTION('',(0.,0.,-1.));
#8955=DIRECTION('',(-1.,-1.06752213906265E-16,0.));
#8956=DIRECTION('',(0.,0.,1.));
#8957=DIRECTION('',(1.,0.,0.));
#8958=DIRECTION('',(1.,0.,0.));
#8959=DIRECTION('',(0.,-1.,0.));
#8960=DIRECTION('',(1.,1.19636101791504E-16,0.));
#8961=DIRECTION('',(-1.19636101791504E-16,1.,0.));
#8962=DIRECTION('',(1.,0.,0.));
#8963=DIRECTION('',(1.06752213906265E-16,-1.,0.));
#8964=DIRECTION('',(-1.,-1.06752213906265E-16,0.));
#8965=DIRECTION('',(1.06752213906265E-16,-1.,0.));
#8966=DIRECTION('',(0.,1.,0.));
#8967=DIRECTION('',(0.,0.,1.));
#8968=DIRECTION('',(0.,0.,1.));
#8969=DIRECTION('',(0.,0.,-1.));
#8970=DIRECTION('',(-1.,-1.06752213906265E-16,0.));
#8971=DIRECTION('',(1.06752213906265E-16,-1.,0.));
#8972=DIRECTION('',(0.,0.,-1.));
#8973=DIRECTION('',(0.,1.,0.));
#8974=DIRECTION('',(0.,0.,-1.));
#8975=DIRECTION('',(0.,0.,1.));
#8976=DIRECTION('',(1.06752213906265E-16,-1.,0.));
#8977=DIRECTION('',(0.,0.,1.));
#8978=DIRECTION('',(1.19636101791504E-16,-1.,0.));
#8979=DIRECTION('',(1.,1.19636101791504E-16,0.));
#8980=DIRECTION('',(0.,0.,1.));
#8981=DIRECTION('',(1.,1.19636101791504E-16,0.));
#8982=DIRECTION('',(0.,0.,1.));
#8983=DIRECTION('',(1.,0.,0.));
#8984=DIRECTION('',(0.,0.,-1.));
#8985=DIRECTION('',(-1.,-1.19636101791504E-16,0.));
#8986=DIRECTION('',(1.19636101791504E-16,-1.,0.));
#8987=DIRECTION('',(0.,0.,-1.));
#8988=DIRECTION('',(-1.19636101791504E-16,1.,0.));
#8989=DIRECTION('',(-1.,0.,0.));
#8990=DIRECTION('',(0.,0.,1.));
#8991=DIRECTION('',(0.,1.,0.));
#8992=DIRECTION('',(0.,0.,-1.));
#8993=DIRECTION('',(0.,0.,1.));
#8994=DIRECTION('',(1.,0.,0.));
#8995=DIRECTION('',(-1.,0.,0.));
#8996=DIRECTION('',(1.,0.,0.));
#8997=DIRECTION('',(0.,-1.,0.));
#8998=DIRECTION('',(0.,1.,0.));
#8999=DIRECTION('',(0.,0.,1.));
#9000=DIRECTION('',(0.,0.,-1.));
#9001=DIRECTION('',(0.,0.,1.));
#9002=DIRECTION('',(1.,0.,0.));
#9003=DIRECTION('',(1.,0.,0.));
#9004=DIRECTION('',(1.06752213906265E-16,-1.,0.));
#9005=DIRECTION('',(1.,1.19636101791504E-16,0.));
#9006=DIRECTION('',(0.,1.,0.));
#9007=DIRECTION('',(-1.,0.,0.));
#9008=DIRECTION('',(0.,0.,1.));
#9009=DIRECTION('',(0.,0.,1.));
#9010=DIRECTION('',(0.,0.,-1.));
#9011=DIRECTION('',(-1.,0.,0.));
#9012=DIRECTION('',(0.,0.,1.));
#9013=DIRECTION('',(0.,0.,1.));
#9014=DIRECTION('',(0.,0.,-1.));
#9015=DIRECTION('',(-1.,0.,0.));
#9016=DIRECTION('',(0.,0.,1.));
#9017=DIRECTION('',(0.,0.,1.));
#9018=DIRECTION('',(0.,1.,0.));
#9019=DIRECTION('',(-1.,-1.19636101791504E-16,0.));
#9020=DIRECTION('',(1.19636101791504E-16,-1.,0.));
#9021=DIRECTION('',(0.,0.,-1.));
#9022=DIRECTION('',(0.,1.,0.));
#9023=DIRECTION('',(0.,0.,1.));
#9024=DIRECTION('',(0.,0.,1.));
#9025=DIRECTION('',(1.,0.,0.));
#9026=DIRECTION('',(0.,-1.,0.));
#9027=DIRECTION('',(1.,1.19636101791504E-16,0.));
#9028=DIRECTION('',(1.06752213906265E-16,-1.,0.));
#9029=DIRECTION('',(1.,0.,0.));
#9030=DIRECTION('',(-1.,-1.06752213906265E-16,0.));
#9031=DIRECTION('',(1.06752213906265E-16,-1.,0.));
#9032=DIRECTION('',(1.06752213906265E-16,-1.,0.));
#9033=DIRECTION('',(0.,0.,1.));
#9034=DIRECTION('',(0.,0.,-1.));
#9035=DIRECTION('',(-1.,-1.06752213906265E-16,0.));
#9036=DIRECTION('',(1.06752213906265E-16,-1.,0.));
#9037=DIRECTION('',(0.,-1.,0.));
#9038=DIRECTION('',(0.,0.,-1.));
#9039=DIRECTION('',(0.,0.,1.));
#9040=DIRECTION('',(1.19636101791504E-16,-1.,0.));
#9041=DIRECTION('',(1.,1.19636101791504E-16,0.));
#9042=DIRECTION('',(0.,0.,1.));
#9043=DIRECTION('',(1.,1.19636101791504E-16,0.));
#9044=DIRECTION('',(1.19636101791504E-16,-1.,0.));
#9045=DIRECTION('',(1.,1.19636101791504E-16,0.));
#9046=DIRECTION('',(-1.,0.,0.));
#9047=DIRECTION('',(0.,0.,1.));
#9048=DIRECTION('',(1.19636101791504E-16,-1.,0.));
#9049=DIRECTION('',(1.,1.19636101791504E-16,0.));
#9050=DIRECTION('',(1.,0.,0.));
#9051=DIRECTION('',(0.,0.,1.));
#9052=DIRECTION('',(0.,1.,0.));
#9053=DIRECTION('',(0.,0.,1.));
#9054=DIRECTION('',(0.,0.,1.));
#9055=DIRECTION('',(-1.,0.,0.));
#9056=DIRECTION('',(0.,0.,1.));
#9057=DIRECTION('',(-1.,0.,0.));
#9058=DIRECTION('',(0.,0.,1.));
#9059=DIRECTION('',(0.,0.,1.));
#9060=DIRECTION('',(0.,-1.,0.));
#9061=DIRECTION('',(0.,-1.,0.));
#9062=DIRECTION('',(0.,0.,-1.));
#9063=DIRECTION('',(1.,0.,0.));
#9064=DIRECTION('',(0.,0.,1.));
#9065=DIRECTION('',(1.,0.,0.));
#9066=DIRECTION('',(0.,-1.,0.));
#9067=DIRECTION('',(0.,0.,-1.));
#9068=DIRECTION('',(0.,0.,1.));
#9069=DIRECTION('',(1.,0.,0.));
#9070=DIRECTION('',(1.,0.,0.));
#9071=DIRECTION('',(0.,0.,-1.));
#9072=DIRECTION('',(0.,1.,0.));
#9073=DIRECTION('',(0.,0.,1.));
#9074=DIRECTION('',(1.,0.,0.));
#9075=DIRECTION('',(-1.,0.,0.));
#9076=DIRECTION('',(0.,0.,1.));
#9077=DIRECTION('',(0.,0.,1.));
#9078=DIRECTION('',(0.,-1.,0.));
#9079=DIRECTION('',(0.,-1.,0.));
#9080=DIRECTION('',(0.,0.,-1.));
#9081=DIRECTION('',(1.,0.,0.));
#9082=DIRECTION('',(0.,0.,1.));
#9083=DIRECTION('',(1.,0.,0.));
#9084=DIRECTION('',(0.,-1.,0.));
#9085=DIRECTION('',(0.,0.,-1.));
#9086=DIRECTION('',(0.,0.,1.));
#9087=DIRECTION('',(0.,0.,1.));
#9088=DIRECTION('',(1.,0.,0.));
#9089=DIRECTION('',(0.,0.,-1.));
#9090=DIRECTION('',(0.,0.,1.));
#9091=DIRECTION('',(1.,2.16840434497101E-16,0.));
#9092=DIRECTION('',(-2.16840434497101E-16,1.,0.));
#9093=DIRECTION('',(0.,0.,1.));
#9094=DIRECTION('',(-1.,0.,0.));
#9095=DIRECTION('',(0.,0.,1.));
#9096=DIRECTION('',(0.,0.,1.));
#9097=DIRECTION('',(0.,0.,1.));
#9098=DIRECTION('',(0.,1.,0.));
#9099=DIRECTION('',(0.,0.,1.));
#9100=DIRECTION('',(0.,0.,1.));
#9101=DIRECTION('',(-1.,0.,0.));
#9102=DIRECTION('',(0.,0.,1.));
#9103=DIRECTION('',(0.,0.,1.));
#9104=DIRECTION('',(0.,-1.,0.));
#9105=DIRECTION('',(0.,0.,-1.));
#9106=DIRECTION('',(1.06752213906265E-16,-1.,0.));
#9107=DIRECTION('',(1.,1.06752213906265E-16,0.));
#9108=DIRECTION('',(1.06752213906265E-16,-1.,0.));
#9109=DIRECTION('',(1.,1.06752213906265E-16,0.));
#9110=DIRECTION('',(0.,-1.,0.));
#9111=DIRECTION('',(0.,0.,-1.));
#9112=DIRECTION('',(-1.,0.,0.));
#9113=DIRECTION('',(0.,0.,1.));
#9114=DIRECTION('',(0.,0.,1.));
#9115=DIRECTION('',(0.,0.,1.));
#9116=DIRECTION('',(0.,1.,0.));
#9117=DIRECTION('',(0.,0.,1.));
#9118=DIRECTION('',(0.,0.,1.));
#9119=DIRECTION('',(-1.7347234759768E-16,1.,0.));
#9120=DIRECTION('',(-1.,-1.7347234759768E-16,0.));
#9121=DIRECTION('',(0.,0.,1.));
#9122=DIRECTION('',(-0.707106781186548,0.707106781186547,0.));
#9123=DIRECTION('',(-0.707106781186547,-0.707106781186548,0.));
#9124=DIRECTION('',(0.,0.,1.));
#9125=DIRECTION('',(0.707106781186547,0.707106781186548,0.));
#9126=DIRECTION('',(-0.707106781186548,0.707106781186547,0.));
#9127=DIRECTION('',(-0.707106781186548,0.707106781186547,0.));
#9128=DIRECTION('',(-0.707106781186547,-0.707106781186548,0.));
#9129=DIRECTION('',(0.707106781186548,0.707106781186548,0.));
#9130=DIRECTION('',(-0.707106781186548,0.707106781186548,0.));
#9131=DIRECTION('',(0.,-1.,0.));
#9132=DIRECTION('',(0.,0.,-1.));
#9133=DIRECTION('',(0.,0.,1.));
#9134=DIRECTION('',(0.,-1.,0.));
#9135=DIRECTION('',(0.,0.,-1.));
#9136=DIRECTION('',(0.,0.,1.));
#9137=DIRECTION('',(0.,0.,1.));
#9138=DIRECTION('',(-1.,0.,0.));
#9139=DIRECTION('',(0.,0.,1.));
#9140=DIRECTION('',(0.,0.,1.));
#9141=DIRECTION('',(-0.707106781186547,-0.707106781186548,0.));
#9142=DIRECTION('',(0.707106781186548,-0.707106781186547,0.));
#9143=DIRECTION('',(0.707106781186548,-0.707106781186547,0.));
#9144=DIRECTION('',(0.707106781186547,0.707106781186548,0.));
#9145=DIRECTION('',(0.707106781186548,-0.707106781186548,0.));
#9146=DIRECTION('',(0.707106781186548,0.707106781186548,0.));
#9147=DIRECTION('',(0.,0.,1.));
#9148=DIRECTION('',(-0.707106781186547,-0.707106781186548,0.));
#9149=DIRECTION('',(0.707106781186548,-0.707106781186547,0.));
#9150=DIRECTION('',(0.,0.,1.));
#9151=DIRECTION('',(1.,0.,0.));
#9152=DIRECTION('',(0.,0.,1.));
#9153=DIRECTION('',(1.,0.,0.));
#9154=DIRECTION('',(0.,0.,1.));
#9155=DIRECTION('',(1.,0.,0.));
#9156=DIRECTION('',(0.,0.,1.));
#9157=DIRECTION('',(1.,0.,0.));
#9158=DIRECTION('',(0.,0.,1.));
#9159=DIRECTION('',(1.,0.,0.));
#9160=DIRECTION('',(0.,0.,1.));
#9161=DIRECTION('',(1.,0.,0.));
#9162=DIRECTION('',(0.,0.,-1.));
#9163=DIRECTION('',(1.,0.,0.));
#9164=DIRECTION('',(0.,0.,-1.));
#9165=DIRECTION('',(1.,0.,0.));
#9166=DIRECTION('',(0.,0.,-1.));
#9167=DIRECTION('',(1.,0.,0.));
#9168=DIRECTION('',(0.,0.,-1.));
#9169=DIRECTION('',(1.,0.,0.));
#9170=DIRECTION('',(0.,0.,-1.));
#9171=DIRECTION('',(1.,0.,0.));
#9172=DIRECTION('',(0.,0.,-1.));
#9173=DIRECTION('',(1.,0.,0.));
#9174=DIRECTION('',(0.,0.,-1.));
#9175=DIRECTION('',(1.,0.,0.));
#9176=DIRECTION('',(0.,0.,-1.));
#9177=DIRECTION('',(1.,0.,0.));
#9178=DIRECTION('',(0.,0.,-1.));
#9179=DIRECTION('',(-1.,0.,0.));
#9180=DIRECTION('',(0.,0.,-1.));
#9181=DIRECTION('',(-1.,0.,0.));
#9182=DIRECTION('',(0.,0.,-1.));
#9183=DIRECTION('',(1.,0.,0.));
#9184=DIRECTION('',(0.,0.,-1.));
#9185=DIRECTION('',(-1.,0.,0.));
#9186=DIRECTION('',(0.,0.,-1.));
#9187=DIRECTION('',(-1.,0.,0.));
#9188=DIRECTION('',(0.,0.,-1.));
#9189=DIRECTION('',(1.,0.,0.));
#9190=DIRECTION('',(0.,0.,-1.));
#9191=DIRECTION('',(-1.,0.,0.));
#9192=DIRECTION('',(0.,0.,-1.));
#9193=DIRECTION('',(-1.,0.,0.));
#9194=DIRECTION('',(0.,0.,-1.));
#9195=DIRECTION('',(1.,0.,0.));
#9196=DIRECTION('',(0.,0.,-1.));
#9197=DIRECTION('',(-1.,0.,0.));
#9198=DIRECTION('',(0.,0.,-1.));
#9199=DIRECTION('',(-1.,0.,0.));
#9200=DIRECTION('',(0.,0.,-1.));
#9201=DIRECTION('',(1.,0.,0.));
#9202=DIRECTION('',(0.,1.,0.));
#9203=DIRECTION('',(0.,0.,1.));
#9204=DIRECTION('',(0.,0.,-1.));
#9205=DIRECTION('',(1.,0.,0.));
#9206=DIRECTION('',(0.,0.,-1.));
#9207=DIRECTION('',(1.,-1.85863229568943E-16,0.));
#9208=DIRECTION('',(1.85863229568943E-16,1.,0.));
#9209=DIRECTION('',(0.,0.,-1.));
#9210=DIRECTION('',(-1.85863229568943E-16,-1.,0.));
#9211=DIRECTION('',(0.,1.,0.));
#9212=DIRECTION('',(0.,0.,1.));
#9213=DIRECTION('',(0.,0.,-1.));
#9214=DIRECTION('',(1.,0.,0.));
#9215=DIRECTION('',(1.,-1.85863229568943E-16,0.));
#9216=DIRECTION('',(1.85863229568943E-16,1.,0.));
#9217=DIRECTION('',(-1.85863229568943E-16,-1.,0.));
#9218=DIRECTION('',(0.,0.,1.));
#9219=DIRECTION('',(1.,0.,0.));
#9220=DIRECTION('',(0.,1.,0.));
#9221=DIRECTION('',(0.,0.,1.));
#9222=DIRECTION('',(0.,0.,-1.));
#9223=DIRECTION('',(1.,0.,0.));
#9224=DIRECTION('',(1.,-2.72113486427734E-16,0.));
#9225=DIRECTION('',(2.72113486427734E-16,1.,0.));
#9226=DIRECTION('',(-2.72113486427734E-16,-1.,0.));
#9227=DIRECTION('',(0.,0.,1.));
#9228=DIRECTION('',(1.,0.,0.));
#9229=DIRECTION('',(0.,0.,1.));
#9230=DIRECTION('',(1.,0.,0.));
#9231=DIRECTION('',(0.,0.,1.));
#9232=DIRECTION('',(1.,0.,0.));
#9233=DIRECTION('',(0.,0.,1.));
#9234=DIRECTION('',(1.,0.,0.));
#9235=DIRECTION('',(0.,0.,1.));
#9236=DIRECTION('',(1.,0.,0.));
#9237=DIRECTION('',(0.,0.,1.));
#9238=DIRECTION('',(1.,0.,0.));
#9239=DIRECTION('',(-1.,-2.1350442781253E-16,0.));
#9240=DIRECTION('',(-1.61907524424502E-15,-1.,0.));
#9241=DIRECTION('',(1.,-1.73472347597681E-15,0.));
#9242=DIRECTION('',(-1.61907524424502E-15,-1.,0.));
#9243=DIRECTION('',(1.,-8.67361737988404E-16,0.));
#9244=DIRECTION('',(-1.61907524424502E-15,-1.,0.));
#9245=DIRECTION('',(-1.,-2.1350442781253E-16,0.));
#9246=DIRECTION('',(0.,1.,0.));
#9247=DIRECTION('',(2.1350442781253E-16,-1.,0.));
#9248=DIRECTION('',(1.,2.1350442781253E-16,0.));
#9249=DIRECTION('',(-1.,-2.1350442781253E-16,0.));
#9250=DIRECTION('',(0.,0.,-1.));
#9251=DIRECTION('',(2.1350442781253E-16,-1.,0.));
#9252=DIRECTION('',(1.,2.1350442781253E-16,0.));
#9253=DIRECTION('',(0.,0.,-1.));
#9254=DIRECTION('',(-1.,-2.1350442781253E-16,0.));
#9255=DIRECTION('',(0.,0.,-1.));
#9256=DIRECTION('',(2.1350442781253E-16,-1.,0.));
#9257=DIRECTION('',(1.,2.1350442781253E-16,0.));
#9258=DIRECTION('',(-1.,-2.1350442781253E-16,0.));
#9259=DIRECTION('',(0.,0.,-1.));
#9260=DIRECTION('',(-1.,0.,0.));
#9261=DIRECTION('',(0.,0.,1.));
#9262=DIRECTION('',(0.,1.,0.));
#9263=DIRECTION('',(0.,0.,-1.));
#9264=DIRECTION('',(2.1350442781253E-16,-1.,0.));
#9265=DIRECTION('',(1.,2.1350442781253E-16,0.));
#9266=DIRECTION('',(-1.,-2.1350442781253E-16,0.));
#9267=DIRECTION('',(0.,0.,-1.));
#9268=DIRECTION('',(-1.,-2.1350442781253E-16,0.));
#9269=DIRECTION('',(2.1350442781253E-16,-1.,0.));
#9270=DIRECTION('',(1.,2.1350442781253E-16,0.));
#9271=DIRECTION('',(0.,0.,-1.));
#9272=DIRECTION('',(-1.,-2.1350442781253E-16,0.));
#9273=DIRECTION('',(0.,0.,-1.));
#9274=DIRECTION('',(2.1350442781253E-16,-1.,0.));
#9275=DIRECTION('',(1.,2.1350442781253E-16,0.));
#9276=DIRECTION('',(-1.,0.,0.));
#9277=DIRECTION('',(0.,0.,1.));
#9278=DIRECTION('',(0.,1.,0.));
#9279=DIRECTION('',(0.,1.,0.));
#9280=DIRECTION('',(0.,0.,1.));
#9281=DIRECTION('',(1.,0.,0.));
#9282=DIRECTION('',(0.,-1.,0.));
#9283=DIRECTION('',(-1.,0.,0.));
#9284=DIRECTION('',(0.,-1.,0.));
#9285=DIRECTION('',(-1.,0.,0.));
#9286=DIRECTION('',(0.,-1.,0.));
#9287=DIRECTION('',(0.,0.,1.));
#9288=DIRECTION('',(1.,0.,0.));
#9289=DIRECTION('',(0.,0.,1.));
#9290=DIRECTION('',(1.,0.,0.));
#9291=DIRECTION('',(0.,0.,1.));
#9292=DIRECTION('',(1.,0.,0.));
#9293=DIRECTION('',(0.,0.,1.));
#9294=DIRECTION('',(1.,0.,0.));
#9295=DIRECTION('',(0.,1.,0.));
#9296=DIRECTION('',(1.,0.,0.));
#9297=DIRECTION('',(0.,1.,0.));
#9298=DIRECTION('',(1.,0.,0.));
#9299=DIRECTION('',(-1.,1.73472347597681E-15,0.));
#9300=DIRECTION('',(1.61907524424502E-15,1.,0.));
#9301=DIRECTION('',(-1.,8.67361737988404E-16,0.));
#9302=DIRECTION('',(1.61907524424502E-15,1.,0.));
#9303=DIRECTION('',(0.,0.,1.));
#9304=DIRECTION('',(1.,0.,0.));
#9305=DIRECTION('',(0.,0.,1.));
#9306=DIRECTION('',(1.,0.,0.));
#9307=DIRECTION('',(0.,0.,1.));
#9308=DIRECTION('',(1.,0.,0.));
#9309=DIRECTION('',(0.,0.,1.));
#9310=DIRECTION('',(1.,0.,0.));
#9311=DIRECTION('',(0.,0.,1.));
#9312=DIRECTION('',(1.,0.,0.));
#9313=DIRECTION('',(0.,0.,1.));
#9314=DIRECTION('',(1.,0.,0.));
#9315=DIRECTION('',(0.,0.,1.));
#9316=DIRECTION('',(1.,0.,0.));
#9317=DIRECTION('',(0.,0.,1.));
#9318=DIRECTION('',(1.,0.,0.));
#9319=DIRECTION('',(0.,0.,1.));
#9320=DIRECTION('',(1.,0.,0.));
#9321=DIRECTION('',(0.,0.,1.));
#9322=DIRECTION('',(1.,0.,0.));
#9323=DIRECTION('',(0.,0.,1.));
#9324=DIRECTION('',(1.,0.,0.));
#9325=DIRECTION('',(0.,0.,1.));
#9326=DIRECTION('',(1.,0.,0.));
#9327=DIRECTION('',(0.,0.,1.));
#9328=DIRECTION('',(1.,0.,0.));
#9329=DIRECTION('',(0.,0.,1.));
#9330=DIRECTION('',(1.,0.,0.));
#9331=DIRECTION('',(0.,0.,1.));
#9332=DIRECTION('',(1.,0.,0.));
#9333=DIRECTION('',(0.,0.,1.));
#9334=DIRECTION('',(1.,0.,0.));
#9335=DIRECTION('',(0.,0.,1.));
#9336=DIRECTION('',(1.,0.,0.));
#9337=DIRECTION('',(0.,0.,1.));
#9338=DIRECTION('',(1.,0.,0.));
#9339=DIRECTION('',(0.,0.,1.));
#9340=DIRECTION('',(1.,0.,0.));
#9341=DIRECTION('',(0.,0.,1.));
#9342=DIRECTION('',(1.,0.,0.));
#9343=DIRECTION('',(0.,0.,1.));
#9344=DIRECTION('',(1.,0.,0.));
#9345=DIRECTION('',(0.,0.,1.));
#9346=DIRECTION('',(1.,0.,0.));
#9347=DIRECTION('',(0.,0.,1.));
#9348=DIRECTION('',(1.,0.,0.));
#9349=DIRECTION('',(0.,0.,1.));
#9350=DIRECTION('',(1.,0.,0.));
#9351=DIRECTION('',(-1.,1.61907524424502E-15,0.));
#9352=DIRECTION('',(-1.61907524424502E-15,-1.,0.));
#9353=DIRECTION('',(0.,0.,-1.));
#9354=DIRECTION('',(-1.61907524424502E-15,-1.,0.));
#9355=DIRECTION('',(0.,-1.,0.));
#9356=DIRECTION('',(-1.61907524424502E-15,-1.,0.));
#9357=DIRECTION('',(0.,0.,-1.));
#9358=DIRECTION('',(-1.73472347597681E-15,-1.,0.));
#9359=DIRECTION('',(1.,-1.73472347597681E-15,0.));
#9360=DIRECTION('',(0.,0.,-1.));
#9361=DIRECTION('',(-1.73472347597681E-15,-1.,0.));
#9362=DIRECTION('',(1.,-1.73472347597681E-15,0.));
#9363=DIRECTION('',(-1.,1.61907524424502E-15,0.));
#9364=DIRECTION('',(-1.61907524424502E-15,-1.,0.));
#9365=DIRECTION('',(0.,0.,-1.));
#9366=DIRECTION('',(-8.67361737988404E-16,-1.,0.));
#9367=DIRECTION('',(1.,-8.67361737988404E-16,0.));
#9368=DIRECTION('',(-8.67361737988404E-16,-1.,0.));
#9369=DIRECTION('',(1.,-8.67361737988404E-16,0.));
#9370=DIRECTION('',(0.,1.,0.));
#9371=DIRECTION('',(0.,0.,1.));
#9372=DIRECTION('',(0.,0.,-1.));
#9373=DIRECTION('',(0.,1.,0.));
#9374=DIRECTION('',(0.,0.,1.));
#9375=DIRECTION('',(0.,0.,-1.));
#9376=DIRECTION('',(-1.,0.,0.));
#9377=DIRECTION('',(0.,0.,1.));
#9378=DIRECTION('',(0.,0.,-1.));
#9379=DIRECTION('',(0.,-1.,0.));
#9380=DIRECTION('',(0.,-1.,0.));
#9381=DIRECTION('',(0.,-1.,0.));
#9382=DIRECTION('',(0.,1.,0.));
#9383=DIRECTION('',(0.,0.,1.));
#9384=DIRECTION('',(0.,0.,-1.));
#9385=DIRECTION('',(0.,1.,0.));
#9386=DIRECTION('',(0.,0.,1.));
#9387=DIRECTION('',(-1.,0.,0.));
#9388=DIRECTION('',(0.,0.,1.));
#9389=DIRECTION('',(0.,0.,1.));
#9390=DIRECTION('',(1.,0.,0.));
#9391=DIRECTION('',(-1.61907524424502E-15,-1.,0.));
#9392=DIRECTION('',(1.,-1.61907524424502E-15,0.));
#9393=DIRECTION('',(-1.61907524424502E-15,-1.,0.));
#9394=DIRECTION('',(1.,-1.61907524424502E-15,0.));
#9395=DIRECTION('',(0.,1.,0.));
#9396=DIRECTION('',(0.,0.,1.));
#9397=DIRECTION('',(0.,1.,0.));
#9398=DIRECTION('',(0.,0.,1.));
#9399=DIRECTION('',(0.,0.,1.));
#9400=DIRECTION('',(1.,0.,0.));
#9401=DIRECTION('',(0.,0.,-1.));
#9402=DIRECTION('',(-1.,0.,0.));
#9403=DIRECTION('',(0.,0.,1.));
#9404=DIRECTION('',(1.,0.,0.));
#9405=DIRECTION('',(0.,0.,1.));
#9406=DIRECTION('',(1.,0.,0.));
#9407=DIRECTION('',(0.,0.,1.));
#9408=DIRECTION('',(1.,0.,0.));
#9409=DIRECTION('',(0.,0.,1.));
#9410=DIRECTION('',(1.,0.,0.));
#9411=DIRECTION('',(0.,0.,1.));
#9412=DIRECTION('',(1.,0.,0.));
#9413=DIRECTION('',(0.,0.,-1.));
#9414=DIRECTION('',(-1.,0.,0.));
#9415=DIRECTION('',(0.,0.,1.));
#9416=DIRECTION('',(1.,0.,0.));
#9417=DIRECTION('',(0.,0.,1.));
#9418=DIRECTION('',(1.,0.,0.));
#9419=DIRECTION('',(0.,0.,1.));
#9420=DIRECTION('',(1.,0.,0.));
#9421=DIRECTION('',(0.,0.,1.));
#9422=DIRECTION('',(1.,0.,0.));
#9423=DIRECTION('',(0.,0.,1.));
#9424=DIRECTION('',(1.,0.,0.));
#9425=DIRECTION('',(0.,0.,1.));
#9426=DIRECTION('',(1.,0.,0.));
#9427=DIRECTION('',(0.,0.,1.));
#9428=DIRECTION('',(1.,0.,0.));
#9429=DIRECTION('',(0.,0.,-1.));
#9430=DIRECTION('',(-1.,0.,0.));
#9431=DIRECTION('',(0.,0.,1.));
#9432=DIRECTION('',(1.,0.,0.));
#9433=DIRECTION('',(0.,0.,1.));
#9434=DIRECTION('',(1.,0.,0.));
#9435=DIRECTION('',(0.,0.,-1.));
#9436=DIRECTION('',(-1.,0.,0.));
#9437=DIRECTION('',(0.,0.,-1.));
#9438=DIRECTION('',(0.,0.,1.));
#9439=DIRECTION('',(1.,0.,0.));
#9440=DIRECTION('',(0.,0.,-1.));
#9441=DIRECTION('',(0.,0.,1.));
#9442=DIRECTION('',(1.,0.,0.));
#9443=DIRECTION('',(0.,0.,1.));
#9444=DIRECTION('',(1.,0.,0.));
#9445=DIRECTION('',(0.,0.,-1.));
#9446=DIRECTION('',(0.,0.,1.));
#9447=DIRECTION('',(1.,0.,0.));
#9448=DIRECTION('',(0.,0.,-1.));
#9449=DIRECTION('',(0.,0.,-1.));
#9450=DIRECTION('',(0.,0.,1.));
#9451=DIRECTION('',(1.,0.,0.));
#9452=DIRECTION('',(0.,0.,-1.));
#9453=DIRECTION('',(0.,0.,1.));
#9454=DIRECTION('',(1.,0.,0.));
#9455=DIRECTION('',(0.,0.,1.));
#9456=DIRECTION('',(1.,0.,0.));
#9457=DIRECTION('',(0.,0.,1.));
#9458=DIRECTION('',(1.,0.,0.));
#9459=DIRECTION('',(0.,0.,1.));
#9460=DIRECTION('',(1.,0.,0.));
#9461=DIRECTION('',(0.,0.,1.));
#9462=DIRECTION('',(1.,0.,0.));
#9463=DIRECTION('',(0.,0.,-1.));
#9464=DIRECTION('',(-1.,0.,0.));
#9465=DIRECTION('',(0.,0.,1.));
#9466=DIRECTION('',(1.,0.,0.));
#9467=DIRECTION('',(0.,0.,-1.));
#9468=DIRECTION('',(0.,0.,1.));
#9469=DIRECTION('',(1.,0.,0.));
#9470=DIRECTION('',(0.,0.,-1.));
#9471=DIRECTION('',(0.,0.,-1.));
#9472=DIRECTION('',(-1.,0.,0.));
#9473=DIRECTION('',(0.,0.,1.));
#9474=DIRECTION('',(1.,0.,0.));
#9475=DIRECTION('',(0.,0.,-1.));
#9476=DIRECTION('',(0.,0.,1.));
#9477=DIRECTION('',(1.,0.,0.));
#9478=DIRECTION('',(0.,0.,-1.));
#9479=DIRECTION('',(-0.837486012220468,0.546458762703151,0.));
#9480=DIRECTION('',(-0.546458762703151,-0.837486012220468,0.));
#9481=DIRECTION('',(0.546458762703151,0.837486012220468,0.));
#9482=DIRECTION('',(0.,0.,-1.));
#9483=DIRECTION('',(0.546458762703151,0.837486012220468,0.));
#9484=DIRECTION('',(0.,0.,1.));
#9485=DIRECTION('',(0.,0.,1.));
#9486=DIRECTION('',(1.,0.,0.));
#9487=DIRECTION('',(0.,0.,1.));
#9488=DIRECTION('',(1.,0.,0.));
#9489=DIRECTION('',(0.,0.,1.));
#9490=DIRECTION('',(1.,0.,0.));
#9491=DIRECTION('',(0.,0.,1.));
#9492=DIRECTION('',(1.,0.,0.));
#9493=DIRECTION('',(0.,0.,1.));
#9494=DIRECTION('',(1.,0.,0.));
#9495=DIRECTION('',(0.,0.,1.));
#9496=DIRECTION('',(1.,0.,0.));
#9497=DIRECTION('',(0.,0.,1.));
#9498=DIRECTION('',(1.,0.,0.));
#9499=DIRECTION('',(0.,0.,1.));
#9500=DIRECTION('',(1.,0.,0.));
#9501=DIRECTION('',(0.,0.,1.));
#9502=DIRECTION('',(1.,0.,0.));
#9503=DIRECTION('',(0.,0.,1.));
#9504=DIRECTION('',(1.,0.,0.));
#9505=DIRECTION('',(0.,0.,-1.));
#9506=DIRECTION('',(-1.,0.,0.));
#9507=DIRECTION('',(0.,0.,1.));
#9508=DIRECTION('',(1.,0.,0.));
#9509=DIRECTION('',(0.,0.,-1.));
#9510=DIRECTION('',(0.,0.,1.));
#9511=DIRECTION('',(1.,0.,0.));
#9512=DIRECTION('',(0.,0.,-1.));
#9513=DIRECTION('',(0.891990176731775,0.452054780545474,0.));
#9514=DIRECTION('',(-0.452054780545474,0.891990176731775,0.));
#9515=DIRECTION('',(0.452054780545474,-0.891990176731775,0.));
#9516=DIRECTION('',(0.,0.,-1.));
#9517=DIRECTION('',(0.452054780545474,-0.891990176731775,0.));
#9518=DIRECTION('',(0.,0.,1.));
#9519=DIRECTION('',(0.,0.,-1.));
#9520=DIRECTION('',(-1.,0.,0.));
#9521=DIRECTION('',(0.,0.,1.));
#9522=DIRECTION('',(1.,0.,0.));
#9523=DIRECTION('',(0.,0.,-1.));
#9524=DIRECTION('',(0.,0.,1.));
#9525=DIRECTION('',(1.,0.,0.));
#9526=DIRECTION('',(0.,0.,-1.));
#9527=DIRECTION('',(0.,0.,1.));
#9528=DIRECTION('',(1.,0.,0.));
#9529=DIRECTION('',(0.,0.,1.));
#9530=DIRECTION('',(1.,0.,0.));
#9531=DIRECTION('',(0.,0.,1.));
#9532=DIRECTION('',(1.,0.,0.));
#9533=DIRECTION('',(0.,0.,1.));
#9534=DIRECTION('',(1.,0.,0.));
#9535=DIRECTION('',(0.,0.,1.));
#9536=DIRECTION('',(1.,0.,0.));
#9537=DIRECTION('',(0.,0.,1.));
#9538=DIRECTION('',(1.,0.,0.));
#9539=DIRECTION('',(0.,0.,1.));
#9540=DIRECTION('',(1.,0.,0.));
#9541=DIRECTION('',(0.,0.,1.));
#9542=DIRECTION('',(1.,0.,0.));
#9543=DIRECTION('',(0.,0.,1.));
#9544=DIRECTION('',(1.,0.,0.));
#9545=DIRECTION('',(0.,0.,1.));
#9546=DIRECTION('',(1.,0.,0.));
#9547=DIRECTION('',(0.,0.,-1.));
#9548=DIRECTION('',(-1.,0.,0.));
#9549=DIRECTION('',(0.,0.,1.));
#9550=DIRECTION('',(1.,0.,0.));
#9551=DIRECTION('',(0.,0.,-1.));
#9552=DIRECTION('',(0.,0.,1.));
#9553=DIRECTION('',(1.,0.,0.));
#9554=DIRECTION('',(0.,0.,-1.));
#9555=DIRECTION('',(-0.0545041645113069,-0.998513543248626,0.));
#9556=DIRECTION('',(0.998513543248626,-0.0545041645113069,0.));
#9557=DIRECTION('',(-0.998513543248625,0.0545041645113069,0.));
#9558=DIRECTION('',(0.,0.,-1.));
#9559=DIRECTION('',(-0.998513543248625,0.0545041645113069,0.));
#9560=DIRECTION('',(0.,0.,1.));
#9561=DIRECTION('',(0.,0.,-1.));
#9562=DIRECTION('',(-1.,0.,0.));
#9563=DIRECTION('',(0.,0.,1.));
#9564=DIRECTION('',(1.,0.,0.));
#9565=DIRECTION('',(0.,0.,-1.));
#9566=DIRECTION('',(0.,0.,1.));
#9567=DIRECTION('',(1.,0.,0.));
#9568=DIRECTION('',(0.,0.,-1.));
#9569=DIRECTION('',(0.,0.,1.));
#9570=DIRECTION('',(1.,0.,0.));
#9571=DIRECTION('',(0.,0.,1.));
#9572=DIRECTION('',(1.,0.,0.));
#9573=DIRECTION('',(0.,0.,1.));
#9574=DIRECTION('',(1.,0.,0.));
#9575=DIRECTION('',(0.,0.,1.));
#9576=DIRECTION('',(1.,0.,0.));
#9577=DIRECTION('',(0.,0.,1.));
#9578=DIRECTION('',(1.,0.,0.));
#9579=DIRECTION('',(0.,0.,1.));
#9580=DIRECTION('',(1.,0.,0.));
#9581=DIRECTION('',(0.,0.,1.));
#9582=DIRECTION('',(1.,0.,0.));
#9583=DIRECTION('',(0.,0.,1.));
#9584=DIRECTION('',(1.,0.,0.));
#9585=DIRECTION('',(0.,0.,1.));
#9586=DIRECTION('',(1.,0.,0.));
#9587=DIRECTION('',(0.,0.,1.));
#9588=DIRECTION('',(1.,0.,0.));
#9589=DIRECTION('',(0.,0.,-1.));
#9590=DIRECTION('',(-1.,0.,0.));
#9591=DIRECTION('',(0.,0.,-1.));
#9592=DIRECTION('',(-1.,0.,0.));
#9593=DIRECTION('',(0.,0.,-1.));
#9594=DIRECTION('',(-1.,0.,0.));
#9595=DIRECTION('',(0.,0.,-1.));
#9596=DIRECTION('',(-1.,0.,0.));
#9597=DIRECTION('',(0.,0.,-1.));
#9598=DIRECTION('',(-1.,0.,0.));
#9599=DIRECTION('',(0.,0.,-1.));
#9600=DIRECTION('',(-1.,0.,0.));
#9601=DIRECTION('',(0.,0.,1.));
#9602=DIRECTION('',(1.,0.,0.));
#9603=DIRECTION('',(0.,0.,-1.));
#9604=DIRECTION('',(-1.,0.,0.));
#9605=DIRECTION('',(0.,0.,1.));
#9606=DIRECTION('',(1.,0.,0.));
#9607=DIRECTION('',(0.,0.,-1.));
#9608=DIRECTION('',(-1.,0.,0.));
#9609=DIRECTION('',(0.,0.,1.));
#9610=DIRECTION('',(1.,0.,0.));
#9611=DIRECTION('',(0.,0.,-1.));
#9612=DIRECTION('',(-1.,0.,0.));
#9613=DIRECTION('',(0.,0.,-1.));
#9614=DIRECTION('',(-1.,0.,0.));
#9615=DIRECTION('',(0.,0.,1.));
#9616=DIRECTION('',(1.,0.,0.));
#9617=DIRECTION('',(0.,0.,1.));
#9618=DIRECTION('',(1.,0.,0.));
#9619=DIRECTION('',(0.,0.,1.));
#9620=DIRECTION('',(1.,0.,0.));
#9621=DIRECTION('',(0.,0.,1.));
#9622=DIRECTION('',(1.,0.,0.));
#9623=DIRECTION('',(0.,1.,0.));
#9624=DIRECTION('',(0.,0.,1.));
#9625=DIRECTION('',(0.,0.,-1.));
#9626=DIRECTION('',(1.,0.,0.));
#9627=DIRECTION('',(0.,0.,-1.));
#9628=DIRECTION('',(1.,0.,0.));
#9629=DIRECTION('',(1.,-1.96848054011552E-16,0.));
#9630=DIRECTION('',(1.96848054011552E-16,1.,0.));
#9631=DIRECTION('',(-1.96848054011552E-16,-1.,0.));
#9632=DIRECTION('',(0.,0.,-1.));
#9633=DIRECTION('',(-1.96848054011552E-16,-1.,0.));
#9634=DIRECTION('',(0.,0.,-1.));
#9635=DIRECTION('',(0.,1.,0.));
#9636=DIRECTION('',(0.,0.,1.));
#9637=DIRECTION('',(0.,0.,-1.));
#9638=DIRECTION('',(1.,0.,0.));
#9639=DIRECTION('',(0.,0.,-1.));
#9640=DIRECTION('',(1.,0.,0.));
#9641=DIRECTION('',(1.,-1.96848054011552E-16,0.));
#9642=DIRECTION('',(1.96848054011552E-16,1.,0.));
#9643=DIRECTION('',(-1.96848054011552E-16,-1.,0.));
#9644=DIRECTION('',(0.,0.,-1.));
#9645=DIRECTION('',(-1.96848054011552E-16,-1.,0.));
#9646=DIRECTION('',(0.,0.,-1.));
#9647=DIRECTION('',(0.,0.,1.));
#9648=DIRECTION('',(1.,0.,0.));
#9649=DIRECTION('',(-1.96848054011552E-16,-1.,0.));
#9650=DIRECTION('',(1.,0.,0.));
#9651=DIRECTION('',(-1.96848054011552E-16,-1.,0.));
#9652=DIRECTION('',(1.,0.,0.));
#9653=DIRECTION('',(0.,0.,1.));
#9654=DIRECTION('',(1.,0.,0.));
#9655=DIRECTION('',(-1.96848054011552E-16,-1.,0.));
#9656=DIRECTION('',(1.,0.,0.));
#9657=DIRECTION('',(-1.96848054011552E-16,-1.,0.));
#9658=DIRECTION('',(1.,0.,0.));
#9659=DIRECTION('',(1.,0.,0.));
#9660=DIRECTION('',(0.,0.,-1.));
#9661=DIRECTION('',(-1.,0.,0.));
#9662=DIRECTION('',(0.,0.,1.));
#9663=DIRECTION('',(1.,0.,0.));
#9664=DIRECTION('',(0.,0.,-1.));
#9665=DIRECTION('',(0.,-1.,-2.66880534765662E-16));
#9666=DIRECTION('',(0.,2.66880534765662E-16,-1.));
#9667=DIRECTION('',(0.,-1.,0.));
#9668=DIRECTION('',(0.,0.,-1.));
#9669=DIRECTION('',(0.,0.,-1.));
#9670=DIRECTION('',(-1.,0.,0.));
#9671=DIRECTION('',(0.,0.,-1.));
#9672=DIRECTION('',(-1.,0.,0.));
#9673=DIRECTION('',(0.,2.66880534765662E-16,-1.));
#9674=DIRECTION('',(0.,1.,2.66880534765662E-16));
#9675=DIRECTION('',(0.,-1.,0.));
#9676=DIRECTION('',(0.,0.,-1.));
#9677=DIRECTION('',(0.,0.,-1.));
#9678=DIRECTION('',(-1.,0.,0.));
#9679=DIRECTION('',(0.,0.,1.));
#9680=DIRECTION('',(1.,0.,0.));
#9681=DIRECTION('',(-1.96848054011552E-16,-1.,0.));
#9682=DIRECTION('',(1.,-1.96848054011552E-16,0.));
#9683=DIRECTION('',(0.,1.,0.));
#9684=DIRECTION('',(0.,0.,1.));
#9685=DIRECTION('',(-1.,0.,0.));
#9686=DIRECTION('',(0.,0.,1.));
#9687=DIRECTION('',(1.,0.,0.));
#9688=DIRECTION('',(0.,0.,-1.));
#9689=DIRECTION('',(-1.,0.,0.));
#9690=DIRECTION('',(0.,0.,1.));
#9691=DIRECTION('',(1.96848054011552E-16,1.,0.));
#9692=DIRECTION('',(-1.,1.96848054011552E-16,0.));
#9693=DIRECTION('',(0.,1.,0.));
#9694=DIRECTION('',(0.,0.,1.));
#9695=DIRECTION('',(0.,0.,1.));
#9696=DIRECTION('',(1.,0.,0.));
#9697=DIRECTION('',(0.,0.,1.));
#9698=DIRECTION('',(1.,0.,0.));
#9699=DIRECTION('',(-1.,0.,0.));
#9700=DIRECTION('',(0.,0.,1.));
#9701=DIRECTION('',(-1.,0.,0.));
#9702=DIRECTION('',(0.,0.,1.));
#9703=DIRECTION('',(1.,0.,0.));
#9704=DIRECTION('',(0.,0.,-1.));
#9705=DIRECTION('',(0.,-1.,0.));
#9706=DIRECTION('',(0.,0.,-1.));
#9707=DIRECTION('',(0.,-1.,0.));
#9708=DIRECTION('',(0.,0.,-1.));
#9709=DIRECTION('',(0.,0.,-1.));
#9710=DIRECTION('',(-1.,0.,0.));
#9711=DIRECTION('',(0.,2.66880534765662E-16,-1.));
#9712=DIRECTION('',(0.,1.,2.66880534765662E-16));
#9713=DIRECTION('',(0.,0.,-1.));
#9714=DIRECTION('',(-1.,0.,0.));
#9715=DIRECTION('',(0.,0.,-1.));
#9716=DIRECTION('',(-1.,0.,0.));
#9717=DIRECTION('',(0.,-1.,0.));
#9718=DIRECTION('',(0.,0.,-1.));
#9719=DIRECTION('',(0.,-1.,0.));
#9720=DIRECTION('',(0.,0.,-1.));
#9721=DIRECTION('',(1.96848054011552E-16,1.,0.));
#9722=DIRECTION('',(-1.,1.96848054011552E-16,0.));
#9723=DIRECTION('',(0.,1.,0.));
#9724=DIRECTION('',(0.,0.,1.));
#9725=DIRECTION('',(0.,0.,1.));
#9726=DIRECTION('',(1.,0.,0.));
#9727=DIRECTION('',(0.,0.,1.));
#9728=DIRECTION('',(1.,0.,0.));
#9729=DIRECTION('',(0.,0.,-1.));
#9730=DIRECTION('',(-1.,0.,0.));
#9731=DIRECTION('',(0.,0.,1.));
#9732=DIRECTION('',(1.,0.,0.));
#9733=DIRECTION('',(-1.96848054011552E-16,-1.,0.));
#9734=DIRECTION('',(1.,-1.96848054011552E-16,0.));
#9735=DIRECTION('',(0.,1.,0.));
#9736=DIRECTION('',(0.,0.,1.));
#9737=DIRECTION('',(-1.,0.,0.));
#9738=DIRECTION('',(0.,0.,1.));
#9739=DIRECTION('',(-1.,0.,0.));
#9740=DIRECTION('',(0.,0.,1.));
#9741=DIRECTION('',(1.,0.,0.));
#9742=DIRECTION('',(0.,0.,-1.));
#9743=DIRECTION('',(1.,0.,0.));
#9744=DIRECTION('',(0.,0.,-1.));
#9745=DIRECTION('',(1.,0.,0.));
#9746=DIRECTION('',(0.,0.,-1.));
#9747=DIRECTION('',(0.,0.,1.));
#9748=DIRECTION('',(1.,0.,0.));
#9749=DIRECTION('',(0.,0.,1.));
#9750=DIRECTION('',(1.,0.,0.));
#9751=DIRECTION('',(0.,0.,1.));
#9752=DIRECTION('',(1.,0.,0.));
#9753=DIRECTION('',(0.,0.,1.));
#9754=DIRECTION('',(1.,0.,0.));
#9755=DIRECTION('',(0.,0.,1.));
#9756=DIRECTION('',(1.,0.,0.));
#9757=DIRECTION('',(0.,0.,-1.));
#9758=DIRECTION('',(1.,0.,0.));
#9759=DIRECTION('',(0.,0.,1.));
#9760=DIRECTION('',(1.,0.,0.));
#9761=DIRECTION('',(0.,0.,1.));
#9762=DIRECTION('',(1.,0.,0.));
#9763=DIRECTION('',(-4.93038065763132E-32,-9.86076131526265E-32,-1.));
#9764=DIRECTION('',(1.,-4.85722573273506E-17,-4.93038065763132E-32));
#9765=DIRECTION('',(-4.93038065763132E-32,-9.86076131526265E-32,-1.));
#9766=DIRECTION('',(1.,-4.85722573273506E-17,-4.93038065763132E-32));
#9767=DIRECTION('',(0.,0.,-1.));
#9768=DIRECTION('',(-1.,0.,0.));
#9769=DIRECTION('',(0.,0.,1.));
#9770=DIRECTION('',(1.,0.,0.));
#9771=DIRECTION('',(0.,0.,1.));
#9772=DIRECTION('',(1.,0.,0.));
#9773=DIRECTION('',(0.,0.,1.));
#9774=DIRECTION('',(1.,0.,0.));
#9775=DIRECTION('',(0.,0.,1.));
#9776=DIRECTION('',(1.,0.,0.));
#9777=DIRECTION('',(0.,0.,1.));
#9778=DIRECTION('',(1.,0.,0.));
#9779=DIRECTION('',(0.,0.,-1.));
#9780=DIRECTION('',(-1.,0.,0.));
#9781=DIRECTION('',(0.,0.,1.));
#9782=DIRECTION('',(1.,0.,0.));
#9783=DIRECTION('',(0.,0.,1.));
#9784=DIRECTION('',(1.,0.,0.));
#9785=DIRECTION('',(0.,0.,1.));
#9786=DIRECTION('',(1.,0.,0.));
#9787=DIRECTION('',(0.,0.,1.));
#9788=DIRECTION('',(1.,0.,0.));
#9789=DIRECTION('',(0.,0.,1.));
#9790=DIRECTION('',(1.,0.,0.));
#9791=DIRECTION('',(0.,0.,1.));
#9792=DIRECTION('',(1.,0.,0.));
#9793=DIRECTION('',(0.,0.,1.));
#9794=DIRECTION('',(1.,0.,0.));
#9795=DIRECTION('',(0.,0.,1.));
#9796=DIRECTION('',(1.,0.,0.));
#9797=DIRECTION('',(0.,0.,1.));
#9798=DIRECTION('',(1.,0.,0.));
#9799=DIRECTION('',(0.,0.,1.));
#9800=DIRECTION('',(1.,0.,0.));
#9801=DIRECTION('',(0.,0.,1.));
#9802=DIRECTION('',(1.,0.,0.));
#9803=DIRECTION('',(0.,0.,1.));
#9804=DIRECTION('',(1.,0.,0.));
#9805=DIRECTION('',(0.,0.,1.));
#9806=DIRECTION('',(1.,0.,0.));
#9807=DIRECTION('',(-4.93038065763132E-32,-6.57614798042098E-32,-1.));
#9808=DIRECTION('',(1.,-4.85722573273506E-17,-4.93038065763132E-32));
#9809=DIRECTION('',(0.,0.,1.));
#9810=DIRECTION('',(1.,0.,0.));
#9811=DIRECTION('',(0.,0.,1.));
#9812=DIRECTION('',(1.,0.,0.));
#9813=DIRECTION('',(0.,0.,1.));
#9814=DIRECTION('',(1.,0.,0.));
#9815=DIRECTION('',(0.,0.,-1.));
#9816=DIRECTION('',(1.,0.,0.));
#9817=DIRECTION('',(0.,0.,1.));
#9818=DIRECTION('',(1.,0.,0.));
#9819=DIRECTION('',(0.,0.,1.));
#9820=DIRECTION('',(1.,0.,0.));
#9821=DIRECTION('',(0.,0.,1.));
#9822=DIRECTION('',(1.,0.,0.));
#9823=DIRECTION('',(0.,0.,1.));
#9824=DIRECTION('',(1.,0.,0.));
#9825=DIRECTION('',(0.,0.,1.));
#9826=DIRECTION('',(1.,0.,0.));
#9827=DIRECTION('',(0.,0.,1.));
#9828=DIRECTION('',(1.,0.,0.));
#9829=DIRECTION('',(0.,0.,1.));
#9830=DIRECTION('',(1.,0.,0.));
#9831=DIRECTION('',(0.,0.,1.));
#9832=DIRECTION('',(1.,0.,0.));
#9833=DIRECTION('',(0.,0.,1.));
#9834=DIRECTION('',(1.,0.,0.));
#9835=DIRECTION('',(0.,0.,1.));
#9836=DIRECTION('',(1.,0.,0.));
#9837=DIRECTION('',(0.,9.86076131526265E-32,-1.));
#9838=DIRECTION('',(1.,0.,0.));
#9839=DIRECTION('',(0.,0.,1.));
#9840=DIRECTION('',(1.,0.,0.));
#9841=DIRECTION('',(1.,-6.19544098563145E-17,0.));
#9842=DIRECTION('',(6.19544098563145E-17,1.,0.));
#9843=DIRECTION('',(-6.19544098563145E-17,-1.,0.));
#9844=DIRECTION('',(0.,0.,-1.));
#9845=DIRECTION('',(-6.19544098563145E-17,-1.,0.));
#9846=DIRECTION('',(0.,0.,-1.));
#9847=DIRECTION('',(0.,-1.,0.));
#9848=DIRECTION('',(0.,0.,-1.));
#9849=DIRECTION('',(-1.,0.,0.));
#9850=DIRECTION('',(0.,0.,-1.));
#9851=DIRECTION('',(-1.,0.,0.));
#9852=DIRECTION('',(1.,-6.19544098563145E-17,0.));
#9853=DIRECTION('',(6.19544098563145E-17,1.,0.));
#9854=DIRECTION('',(-6.19544098563145E-17,-1.,0.));
#9855=DIRECTION('',(0.,0.,-1.));
#9856=DIRECTION('',(-6.19544098563145E-17,-1.,0.));
#9857=DIRECTION('',(0.,-1.,0.));
#9858=DIRECTION('',(0.,0.,-1.));
#9859=DIRECTION('',(-1.,0.,0.));
#9860=DIRECTION('',(-1.,0.,0.));
#9861=DIRECTION('',(0.,0.,1.));
#9862=DIRECTION('',(1.,0.,0.));
#9863=DIRECTION('',(0.,0.,1.));
#9864=DIRECTION('',(1.,0.,0.));
#9865=DIRECTION('',(0.,0.,1.));
#9866=DIRECTION('',(1.,0.,0.));
#9867=DIRECTION('',(-9.86076131526263E-32,-4.93038065763132E-32,-1.));
#9868=DIRECTION('',(1.,-9.71445146547012E-17,-9.86076131526263E-32));
#9869=DIRECTION('',(0.,0.,1.));
#9870=DIRECTION('',(1.,0.,0.));
#9871=DIRECTION('',(0.,0.,1.));
#9872=DIRECTION('',(1.,0.,0.));
#9873=DIRECTION('',(0.,0.,1.));
#9874=DIRECTION('',(1.,0.,0.));
#9875=DIRECTION('',(0.,0.,1.));
#9876=DIRECTION('',(1.,0.,0.));
#9877=DIRECTION('',(0.,0.,1.));
#9878=DIRECTION('',(1.,0.,0.));
#9879=DIRECTION('',(0.,0.,1.));
#9880=DIRECTION('',(1.,0.,0.));
#9881=DIRECTION('',(0.,0.,-1.));
#9882=DIRECTION('',(1.,0.,0.));
#9883=DIRECTION('',(0.,0.,1.));
#9884=DIRECTION('',(1.,0.,0.));
#9885=DIRECTION('',(0.,0.,1.));
#9886=DIRECTION('',(1.,0.,0.));
#9887=DIRECTION('',(0.,0.,-1.));
#9888=DIRECTION('',(1.,0.,0.));
#9889=DIRECTION('',(0.,0.,1.));
#9890=DIRECTION('',(1.,0.,0.));
#9891=DIRECTION('',(0.,0.,1.));
#9892=DIRECTION('',(1.,0.,0.));
#9893=DIRECTION('',(0.,0.,1.));
#9894=DIRECTION('',(1.,0.,0.));
#9895=DIRECTION('',(0.,0.,1.));
#9896=DIRECTION('',(1.,0.,0.));
#9897=DIRECTION('',(0.,0.,1.));
#9898=DIRECTION('',(1.,0.,0.));
#9899=DIRECTION('',(0.,0.,1.));
#9900=DIRECTION('',(1.,0.,0.));
#9901=DIRECTION('',(-4.93038065763132E-32,-6.57614798042098E-32,-1.));
#9902=DIRECTION('',(-1.,4.85722573273506E-17,4.93038065763132E-32));
#9903=DIRECTION('',(0.,0.,1.));
#9904=DIRECTION('',(1.,0.,0.));
#9905=DIRECTION('',(0.,0.,1.));
#9906=DIRECTION('',(1.,0.,0.));
#9907=DIRECTION('',(0.,0.,1.));
#9908=DIRECTION('',(1.,0.,0.));
#9909=DIRECTION('',(1.,-1.36056743213867E-16,0.));
#9910=DIRECTION('',(1.36056743213867E-16,1.,0.));
#9911=DIRECTION('',(-1.36056743213867E-16,-1.,0.));
#9912=DIRECTION('',(0.,0.,-1.));
#9913=DIRECTION('',(-1.36056743213867E-16,-1.,0.));
#9914=DIRECTION('',(-1.36056743213867E-16,-1.,0.));
#9915=DIRECTION('',(0.,0.,-1.));
#9916=DIRECTION('',(0.,-1.,0.));
#9917=DIRECTION('',(0.,0.,-1.));
#9918=DIRECTION('',(-1.,0.,0.));
#9919=DIRECTION('',(0.,0.,1.));
#9920=DIRECTION('',(-1.,0.,0.));
#9921=DIRECTION('',(0.,0.,-1.));
#9922=DIRECTION('',(-1.,0.,0.));
#9923=DIRECTION('',(1.,-1.36056743213867E-16,0.));
#9924=DIRECTION('',(1.36056743213867E-16,1.,0.));
#9925=DIRECTION('',(-1.36056743213867E-16,-1.,0.));
#9926=DIRECTION('',(0.,0.,1.));
#9927=DIRECTION('',(-1.36056743213867E-16,-1.,0.));
#9928=DIRECTION('',(0.,0.,-1.));
#9929=DIRECTION('',(-1.36056743213867E-16,-1.,0.));
#9930=DIRECTION('',(0.,-1.,0.));
#9931=DIRECTION('',(0.,0.,-1.));
#9932=DIRECTION('',(-1.,0.,0.));
#9933=DIRECTION('',(-1.,0.,0.));
#9934=DIRECTION('',(0.,0.,1.));
#9935=DIRECTION('',(1.,0.,0.));
#9936=DIRECTION('',(0.,0.,1.));
#9937=DIRECTION('',(1.,0.,0.));
#9938=DIRECTION('',(0.,0.,1.));
#9939=DIRECTION('',(1.,0.,0.));
#9940=DIRECTION('',(1.,0.,0.));
#9941=DIRECTION('',(0.,-1.,0.));
#9942=DIRECTION('',(0.,0.,-1.));
#9943=DIRECTION('',(-1.,0.,0.));
#9944=DIRECTION('',(0.,0.,1.));
#9945=DIRECTION('',(1.,0.,0.));
#9946=DIRECTION('',(0.,0.,-1.));
#9947=DIRECTION('',(-1.,0.,0.));
#9948=DIRECTION('',(0.,0.,1.));
#9949=DIRECTION('',(1.,0.,0.));
#9950=DIRECTION('',(0.,0.,-1.));
#9951=DIRECTION('',(-1.,0.,0.));
#9952=DIRECTION('',(0.,0.,1.));
#9953=DIRECTION('',(1.,0.,0.));
#9954=DIRECTION('',(0.,0.,1.));
#9955=DIRECTION('',(1.,0.,0.));
#9956=DIRECTION('',(0.,-1.,0.));
#9957=DIRECTION('',(0.,0.,-1.));
#9958=DIRECTION('',(1.,0.,0.));
#9959=DIRECTION('',(0.,0.,1.));
#9960=DIRECTION('',(-1.,0.,0.));
#9961=DIRECTION('',(0.,0.,1.));
#9962=DIRECTION('',(0.,-1.,0.));
#9963=DIRECTION('',(0.,0.,-1.));
#9964=DIRECTION('',(1.,0.,0.));
#9965=DIRECTION('',(0.,0.,1.));
#9966=DIRECTION('',(1.,0.,0.));
#9967=DIRECTION('',(0.,0.,1.));
#9968=DIRECTION('',(1.,0.,0.));
#9969=DIRECTION('',(0.,0.,1.));
#9970=DIRECTION('',(1.,0.,0.));
#9971=DIRECTION('',(0.,0.,1.));
#9972=DIRECTION('',(1.,0.,0.));
#9973=DIRECTION('',(0.,0.,1.));
#9974=DIRECTION('',(1.,0.,0.));
#9975=DIRECTION('',(0.,0.,1.));
#9976=DIRECTION('',(1.,0.,0.));
#9977=DIRECTION('',(0.,0.,1.));
#9978=DIRECTION('',(1.,0.,0.));
#9979=DIRECTION('',(0.,0.,1.));
#9980=DIRECTION('',(1.,0.,0.));
#9981=DIRECTION('',(0.,0.,1.));
#9982=DIRECTION('',(1.,0.,0.));
#9983=DIRECTION('',(0.,0.,1.));
#9984=DIRECTION('',(1.,0.,0.));
#9985=DIRECTION('',(-9.86076131526264E-32,-4.93038065763132E-32,-1.));
#9986=DIRECTION('',(1.,-9.71445146547013E-17,-9.86076131526264E-32));
#9987=DIRECTION('',(0.,0.,1.));
#9988=DIRECTION('',(1.,0.,0.));
#9989=CARTESIAN_POINT('',(0.,0.,0.));
#9990=CARTESIAN_POINT('',(0.,9.18485099360515E-20,0.006));
#9991=CARTESIAN_POINT('',(0.,9.18485099360515E-20,0.006));
#9992=CARTESIAN_POINT('',(0.0015,9.18485099360515E-20,0.006));
#9993=CARTESIAN_POINT('',(0.,9.18485099360515E-20,0.));
#9994=CARTESIAN_POINT('',(0.0015,9.18485099360515E-20,0.));
#9995=CARTESIAN_POINT('',(0.,1.37772764904077E-19,0.006));
#9996=CARTESIAN_POINT('',(0.,1.37772764904077E-19,0.006));
#9997=CARTESIAN_POINT('',(0.00225,1.37772764904077E-19,0.006));
#9998=CARTESIAN_POINT('',(0.,1.37772764904077E-19,0.));
#9999=CARTESIAN_POINT('',(0.00225,1.37772764904077E-19,0.));
#10000=CARTESIAN_POINT('',(0.,0.,0.006));
#10001=CARTESIAN_POINT('',(0.,0.,0.));
#10002=CARTESIAN_POINT('',(-0.135904482300777,0.113742719599176,-0.00344089270532131));
#10003=CARTESIAN_POINT('',(-0.0020625,-0.00198464155033934,0.0025));
#10004=CARTESIAN_POINT('',(-0.0020625,-0.00198464155033934,0.));
#10005=CARTESIAN_POINT('',(-0.00275,-0.00158771324027147,0.));
#10006=CARTESIAN_POINT('',(-1.3010426069826E-18,-0.00317542648054294,0.));
#10007=CARTESIAN_POINT('',(-1.3010426069826E-18,-0.00317542648054294,0.0025));
#10008=CARTESIAN_POINT('',(-1.3010426069826E-18,-0.00317542648054294,0.0025));
#10009=CARTESIAN_POINT('',(-0.0020625,-0.00198464155033934,0.0025));
#10010=CARTESIAN_POINT('',(-0.00275,-0.00158771324027147,0.0025));
#10011=CARTESIAN_POINT('',(-0.00275,-0.00158771324027147,0.0025));
#10012=CARTESIAN_POINT('',(0.0006875,-0.00277849817047507,0.0025));
#10013=CARTESIAN_POINT('',(0.0006875,-0.00277849817047507,0.));
#10014=CARTESIAN_POINT('',(0.00275,-0.00158771324027147,0.));
#10015=CARTESIAN_POINT('',(0.00275,-0.00158771324027147,0.0025));
#10016=CARTESIAN_POINT('',(0.00275,-0.00158771324027147,0.0025));
#10017=CARTESIAN_POINT('',(0.0006875,-0.00277849817047507,0.0025));
#10018=CARTESIAN_POINT('',(0.00275,-0.000793856620135736,0.0025));
#10019=CARTESIAN_POINT('',(0.00275,-0.000793856620135736,0.));
#10020=CARTESIAN_POINT('',(0.00275,0.00158771324027147,0.));
#10021=CARTESIAN_POINT('',(0.00275,0.00158771324027147,0.0025));
#10022=CARTESIAN_POINT('',(0.00275,0.00158771324027147,0.0025));
#10023=CARTESIAN_POINT('',(0.00275,-0.000793856620135736,0.0025));
#10024=CARTESIAN_POINT('',(0.0020625,0.00198464155033934,0.0025));
#10025=CARTESIAN_POINT('',(0.0020625,0.00198464155033934,0.));
#10026=CARTESIAN_POINT('',(-6.50521303491303E-19,0.00317542648054294,0.));
#10027=CARTESIAN_POINT('',(-6.50521303491303E-19,0.00317542648054294,0.0025));
#10028=CARTESIAN_POINT('',(-6.50521303491303E-19,0.00317542648054294,0.0025));
#10029=CARTESIAN_POINT('',(0.0020625,0.00198464155033934,0.0025));
#10030=CARTESIAN_POINT('',(-0.0006875,0.00277849817047507,0.0025));
#10031=CARTESIAN_POINT('',(-0.0006875,0.00277849817047507,0.));
#10032=CARTESIAN_POINT('',(-0.00275,0.00158771324027147,0.));
#10033=CARTESIAN_POINT('',(-0.00275,0.00158771324027147,0.0025));
#10034=CARTESIAN_POINT('',(-0.00275,0.00158771324027147,0.0025));
#10035=CARTESIAN_POINT('',(-0.0006875,0.00277849817047507,0.0025));
#10036=CARTESIAN_POINT('',(0.,9.18485099360515E-20,0.0025));
#10037=CARTESIAN_POINT('',(0.,9.18485099360515E-20,0.0025));
#10038=CARTESIAN_POINT('',(0.0015,9.18485099360515E-20,0.0025));
#10039=CARTESIAN_POINT('',(0.,9.18485099360515E-20,0.));
#10040=CARTESIAN_POINT('',(0.0015,9.18485099360515E-20,0.));
#10041=CARTESIAN_POINT('',(-0.00275,-0.000793856620135735,0.0025));
#10042=CARTESIAN_POINT('',(-0.00275,-0.000793856620135735,0.));
#10043=CARTESIAN_POINT('',(-0.00275,-0.000793856620135735,0.0025));
#10044=CARTESIAN_POINT('',(8.67361737988404E-19,0.,0.0025));
#10045=CARTESIAN_POINT('',(8.67361737988404E-19,0.,0.));
#10046=CARTESIAN_POINT('',(0.0299366636594059,0.0349555086717009,0.000459107294678688));
#10047=CARTESIAN_POINT('',(0.,1.65327317884892E-19,0.0028));
#10048=CARTESIAN_POINT('',(0.,1.65327317884892E-19,0.0028));
#10049=CARTESIAN_POINT('',(0.0027,1.65327317884892E-19,0.0028));
#10050=CARTESIAN_POINT('',(0.,1.65327317884892E-19,0.));
#10051=CARTESIAN_POINT('',(0.0027,1.65327317884892E-19,0.));
#10052=CARTESIAN_POINT('',(0.,0.,0.0028));
#10053=CARTESIAN_POINT('',(0.,9.18485099360515E-20,0.0028));
#10054=CARTESIAN_POINT('',(0.0015,9.18485099360515E-20,0.0028));
#10055=CARTESIAN_POINT('',(0.,0.,0.));
#10056=CARTESIAN_POINT('',(0.,9.18485099360515E-20,0.0328));
#10057=CARTESIAN_POINT('',(0.,9.18485099360515E-20,0.0328));
#10058=CARTESIAN_POINT('',(0.0015,9.18485099360515E-20,0.0328));
#10059=CARTESIAN_POINT('',(0.,0.,0.0328));
#10060=CARTESIAN_POINT('',(0.0299366636594059,-0.028794491328299,-0.00634089270532131));
#10061=CARTESIAN_POINT('',(-0.109247997943609,0.116319067443032,-0.018));
#10062=CARTESIAN_POINT('',(-0.109247997943609,0.116319067443032,0.007));
#10063=CARTESIAN_POINT('',(-0.107597997943609,0.116319067443032,0.007));
#10064=CARTESIAN_POINT('',(-0.109247997943609,0.116319067443032,0.002));
#10065=CARTESIAN_POINT('',(-0.107597997943609,0.116319067443032,0.002));
#10066=CARTESIAN_POINT('',(-0.0979342894446251,0.116319062910901,-0.018));
#10067=CARTESIAN_POINT('',(-0.0979342894446251,0.116319062910901,0.007));
#10068=CARTESIAN_POINT('',(-0.0979342894446251,0.114669062910901,0.007));
#10069=CARTESIAN_POINT('',(-0.0979342894446251,0.116319062910901,0.002));
#10070=CARTESIAN_POINT('',(-0.0962842894446251,0.116319062910901,0.002));
#10071=CARTESIAN_POINT('',(-0.0979342939767565,0.105005354411917,-0.018));
#10072=CARTESIAN_POINT('',(-0.0979342939767565,0.105005354411917,0.007));
#10073=CARTESIAN_POINT('',(-0.0995842939767565,0.105005354411917,0.007));
#10074=CARTESIAN_POINT('',(-0.0979342939767565,0.105005354411917,0.002));
#10075=CARTESIAN_POINT('',(-0.0962842939767565,0.105005354411917,0.002));
#10076=CARTESIAN_POINT('',(-0.10924800247574,0.105005358944049,-0.018));
#10077=CARTESIAN_POINT('',(-0.10924800247574,0.105005358944049,0.007));
#10078=CARTESIAN_POINT('',(-0.10924800247574,0.106655358944049,0.007));
#10079=CARTESIAN_POINT('',(-0.10924800247574,0.105005358944049,0.002));
#10080=CARTESIAN_POINT('',(-0.10759800247574,0.105005358944049,0.002));
#10081=CARTESIAN_POINT('',(-0.00530330085889911,0.0123743708588991,-0.018));
#10082=CARTESIAN_POINT('',(-0.00530330085889911,0.0123743708588991,0.004));
#10083=CARTESIAN_POINT('',(-0.00695330085889911,0.0123743708588991,0.004));
#10084=CARTESIAN_POINT('',(-0.00530330085889911,0.0123743708588991,0.0075));
#10085=CARTESIAN_POINT('',(-0.00365330085889911,0.0123743708588991,0.0075));
#10086=CARTESIAN_POINT('',(-0.0106066017177982,0.0176776717177982,-0.018));
#10087=CARTESIAN_POINT('',(-0.0106066017177982,0.0176776717177982,0.004));
#10088=CARTESIAN_POINT('',(-0.0122566017177982,0.0176776717177982,0.004));
#10089=CARTESIAN_POINT('',(-0.0106066017177982,0.0176776717177982,0.0075));
#10090=CARTESIAN_POINT('',(-0.0089566017177982,0.0176776717177982,0.0075));
#10091=CARTESIAN_POINT('',(-0.0575455729800914,0.0610811054637375,0.));
#10092=CARTESIAN_POINT('',(-0.109247997943609,0.116319067443032,0.));
#10093=CARTESIAN_POINT('',(-0.112247997943609,0.116319067443032,0.));
#10094=CARTESIAN_POINT('',(-0.0979342894446251,0.116319062910901,0.));
#10095=CARTESIAN_POINT('',(-0.100934289444625,0.116319062910901,0.));
#10096=CARTESIAN_POINT('',(-0.0979342939767565,0.105005354411917,0.));
#10097=CARTESIAN_POINT('',(-0.100934293976757,0.105005354411917,0.));
#10098=CARTESIAN_POINT('',(-0.10924800247574,0.105005358944049,0.));
#10099=CARTESIAN_POINT('',(-0.11224800247574,0.105005358944049,0.));
#10100=CARTESIAN_POINT('',(-0.103591145960183,0.110662210927475,0.));
#10101=CARTESIAN_POINT('',(-0.105766145960183,0.110662210927475,0.));
#10102=CARTESIAN_POINT('',(-0.0160513239329346,0.0193513239329346,0.));
#10103=CARTESIAN_POINT('',(-0.0160513239329346,0.0160513239329346,0.));
#10104=CARTESIAN_POINT('',(-0.0160513239329346,0.0226513239329346,0.));
#10105=CARTESIAN_POINT('',(-0.0494974746830583,0.0494974746830583,0.));
#10106=CARTESIAN_POINT('',(-0.0989949493661167,0.0989949493661166,0.));
#10107=CARTESIAN_POINT('',(-0.0993993591182246,0.0993993588679364,0.));
#10108=CARTESIAN_POINT('',(-0.0998037688703326,0.0998037683697561,0.));
#10109=CARTESIAN_POINT('',(-0.103591145960183,0.110662210927475,0.));
#10110=CARTESIAN_POINT('',(-0.0927327010584671,0.106874840557891,0.));
#10111=CARTESIAN_POINT('',(-0.0923282913063591,0.106470431056071,0.));
#10112=CARTESIAN_POINT('',(-0.0919238815542512,0.106066021554251,0.));
#10113=CARTESIAN_POINT('',(-0.0459619407771256,0.0601040807771256,0.));
#10114=CARTESIAN_POINT('',(-0.00848528137423859,0.0226274213742385,0.));
#10115=CARTESIAN_POINT('',(-0.0122683026535866,0.0226393726535866,0.));
#10116=CARTESIAN_POINT('',(-0.0459619407771256,0.0601040807771256,0.007));
#10117=CARTESIAN_POINT('',(-0.0459619407771256,0.0601040807771256,0.004));
#10118=CARTESIAN_POINT('',(0.,0.01414214,0.004));
#10119=CARTESIAN_POINT('',(-0.00848528137423859,0.0226274213742385,0.004));
#10120=CARTESIAN_POINT('',(-0.00848528137423859,0.0226274213742385,0.004));
#10121=CARTESIAN_POINT('',(-0.0919238815542512,0.106066021554251,0.007));
#10122=CARTESIAN_POINT('',(-0.0919238815542512,0.106066021554251,0.007));
#10123=CARTESIAN_POINT('',(-0.0459619407771256,0.0601040807771256,0.007));
#10124=CARTESIAN_POINT('',(0.,0.01414214,0.007));
#10125=CARTESIAN_POINT('',(0.,0.01414214,0.007));
#10126=CARTESIAN_POINT('',(-0.0923282913063591,0.106470431056071,0.007));
#10127=CARTESIAN_POINT('',(-0.0927327010584671,0.106874840557891,0.007));
#10128=CARTESIAN_POINT('',(-0.0927327010584671,0.106874840557891,0.007));
#10129=CARTESIAN_POINT('',(-0.0923282913063591,0.106470431056071,0.007));
#10130=CARTESIAN_POINT('',(-0.103591145960183,0.110662210927475,0.007));
#10131=CARTESIAN_POINT('',(-0.0998037688703326,0.0998037683697561,0.007));
#10132=CARTESIAN_POINT('',(-0.0998037688703326,0.0998037683697561,0.007));
#10133=CARTESIAN_POINT('',(-0.103591145960183,0.110662210927475,0.007));
#10134=CARTESIAN_POINT('',(-0.0993993591182246,0.0993993588679364,0.007));
#10135=CARTESIAN_POINT('',(-0.0989949493661167,0.0989949493661166,0.007));
#10136=CARTESIAN_POINT('',(-0.0989949493661167,0.0989949493661166,0.007));
#10137=CARTESIAN_POINT('',(-0.0993993591182246,0.0993993588679364,0.007));
#10138=CARTESIAN_POINT('',(-0.0494974746830583,0.0494974746830583,0.007));
#10139=CARTESIAN_POINT('',(-0.0494974746830583,0.0494974746830583,0.004));
#10140=CARTESIAN_POINT('',(0.,-1.7347234759768E-18,0.004));
#10141=CARTESIAN_POINT('',(-0.0160513239329346,0.0160513239329346,0.004));
#10142=CARTESIAN_POINT('',(0.,-1.7347234759768E-18,0.007));
#10143=CARTESIAN_POINT('',(0.,-1.7347234759768E-18,0.007));
#10144=CARTESIAN_POINT('',(-0.0494974746830583,0.0494974746830583,0.007));
#10145=CARTESIAN_POINT('',(-0.0160513239329346,0.0160513239329346,0.004));
#10146=CARTESIAN_POINT('',(0.,0.00707107,0.007));
#10147=CARTESIAN_POINT('',(0.,0.00707107,0.004));
#10148=CARTESIAN_POINT('',(0.,0.00707107,0.007));
#10149=CARTESIAN_POINT('',(-0.0575455729800914,0.0610811054637375,0.007));
#10150=CARTESIAN_POINT('',(-0.0106066017177982,0.0176776717177982,0.007));
#10151=CARTESIAN_POINT('',(-0.0076066017177982,0.0176776717177982,0.007));
#10152=CARTESIAN_POINT('',(-0.00530330085889911,0.0123743708588991,0.007));
#10153=CARTESIAN_POINT('',(-0.00230330085889911,0.0123743708588991,0.007));
#10154=CARTESIAN_POINT('',(-0.0160513239329346,0.0193513239329346,0.004));
#10155=CARTESIAN_POINT('',(-0.0160513239329346,0.0226513239329346,0.004));
#10156=CARTESIAN_POINT('',(-0.0160513239329346,0.0226513239329346,0.004));
#10157=CARTESIAN_POINT('',(-0.0160513239329346,0.0193513239329346,0.004));
#10158=CARTESIAN_POINT('',(-0.0122683026535866,0.0226393726535866,0.004));
#10159=CARTESIAN_POINT('',(-0.0122683026535866,0.0226393726535866,0.004));
#10160=CARTESIAN_POINT('',(-0.0575455729800914,0.0610811054637375,0.004));
#10161=CARTESIAN_POINT('',(-0.103591145960183,0.110662210927475,0.0061));
#10162=CARTESIAN_POINT('',(-0.103591145960183,0.110662210927475,0.0061));
#10163=CARTESIAN_POINT('',(-0.105766145960183,0.110662210927475,0.0061));
#10164=CARTESIAN_POINT('',(-0.0617882136672107,0.0691067674302048,0.0061));
#10165=CARTESIAN_POINT('',(-0.0106066017177982,0.0176776717177982,0.0075));
#10166=CARTESIAN_POINT('',(-0.0106066017177982,0.0176776717177982,0.0075));
#10167=CARTESIAN_POINT('',(-0.0076066017177982,0.0176776717177982,0.0075));
#10168=CARTESIAN_POINT('',(-0.0575455729800914,0.0610811054637375,0.0075));
#10169=CARTESIAN_POINT('',(-0.00530330085889911,0.0123743708588991,0.0075));
#10170=CARTESIAN_POINT('',(-0.00530330085889911,0.0123743708588991,0.0075));
#10171=CARTESIAN_POINT('',(-0.00230330085889911,0.0123743708588991,0.0075));
#10172=CARTESIAN_POINT('',(-0.0575455729800914,0.0610811054637375,0.0075));
#10173=CARTESIAN_POINT('',(-0.10924800247574,0.105005358944049,0.002));
#10174=CARTESIAN_POINT('',(-0.10924800247574,0.105005358944049,0.002));
#10175=CARTESIAN_POINT('',(-0.11224800247574,0.105005358944049,0.002));
#10176=CARTESIAN_POINT('',(-0.0617882136672107,0.0691067674302048,0.002));
#10177=CARTESIAN_POINT('',(-0.0979342939767565,0.105005354411917,0.002));
#10178=CARTESIAN_POINT('',(-0.0979342939767565,0.105005354411917,0.002));
#10179=CARTESIAN_POINT('',(-0.100934293976757,0.105005354411917,0.002));
#10180=CARTESIAN_POINT('',(-0.0617882136672107,0.0691067674302048,0.002));
#10181=CARTESIAN_POINT('',(-0.0979342894446251,0.116319062910901,0.002));
#10182=CARTESIAN_POINT('',(-0.0979342894446251,0.116319062910901,0.002));
#10183=CARTESIAN_POINT('',(-0.100934289444625,0.116319062910901,0.002));
#10184=CARTESIAN_POINT('',(-0.0617882136672107,0.0691067674302048,0.002));
#10185=CARTESIAN_POINT('',(-0.109247997943609,0.116319067443032,0.002));
#10186=CARTESIAN_POINT('',(-0.109247997943609,0.116319067443032,0.002));
#10187=CARTESIAN_POINT('',(-0.112247997943609,0.116319067443032,0.002));
#10188=CARTESIAN_POINT('',(-0.0617882136672107,0.0691067674302048,0.002));
#10189=CARTESIAN_POINT('',(0.0326866636594058,0.00308050867170095,-0.00354089270532131));
#10190=CARTESIAN_POINT('',(0.,1.53080849893419E-19,0.0274));
#10191=CARTESIAN_POINT('',(0.,1.53080849893419E-19,0.0139));
#10192=CARTESIAN_POINT('',(0.0025,1.53080849893419E-19,0.0139));
#10193=CARTESIAN_POINT('',(0.,1.53080849893419E-19,0.0184));
#10194=CARTESIAN_POINT('',(0.0025,1.53080849893419E-19,0.0184));
#10195=CARTESIAN_POINT('',(0.,7.31726462490543E-19,0.0139));
#10196=CARTESIAN_POINT('',(0.,7.31726462490543E-19,0.0099));
#10197=CARTESIAN_POINT('',(0.01195,7.31726462490543E-19,0.0099));
#10198=CARTESIAN_POINT('',(0.,7.31726462490543E-19,0.));
#10199=CARTESIAN_POINT('',(0.01195,7.31726462490543E-19,0.));
#10200=CARTESIAN_POINT('',(0.,0.,0.0139));
#10201=CARTESIAN_POINT('',(0.,7.31726462490543E-19,0.0139));
#10202=CARTESIAN_POINT('',(0.00795,7.31726462490543E-19,0.0139));
#10203=CARTESIAN_POINT('',(0.,0.,0.));
#10204=CARTESIAN_POINT('',(0.,-3.9801020972289E-19,0.));
#10205=CARTESIAN_POINT('',(-0.0065,-3.9801020972289E-19,0.));
#10206=CARTESIAN_POINT('',(0.,7.31726462490543E-19,0.0099));
#10207=CARTESIAN_POINT('',(0.,1.46957615897682E-19,0.0184));
#10208=CARTESIAN_POINT('',(0.,1.46957615897682E-19,0.0184));
#10209=CARTESIAN_POINT('',(0.0024,1.46957615897682E-19,0.0184));
#10210=CARTESIAN_POINT('',(0.,1.46957615897682E-19,0.0274));
#10211=CARTESIAN_POINT('',(0.0024,1.46957615897682E-19,0.0274));
#10212=CARTESIAN_POINT('',(0.,0.,0.0184));
#10213=CARTESIAN_POINT('',(0.,0.,0.0274));
#10214=CARTESIAN_POINT('',(0.,-3.9801020972289E-19,-0.0027));
#10215=CARTESIAN_POINT('',(0.,-3.9801020972289E-19,-0.0027));
#10216=CARTESIAN_POINT('',(-0.00459619407771257,0.00459619407771255,-0.0027));
#10217=CARTESIAN_POINT('',(0.00459619407771257,0.00459619407771255,-0.0027));
#10218=CARTESIAN_POINT('',(0.,-3.9801020972289E-19,-0.0027));
#10219=CARTESIAN_POINT('',(-0.00459619407771256,-0.00459619407771256,-0.0027));
#10220=CARTESIAN_POINT('',(0.,-3.9801020972289E-19,-0.0027));
#10221=CARTESIAN_POINT('',(0.00459619407771256,-0.00459619407771256,-0.0027));
#10222=CARTESIAN_POINT('',(0.,-3.9801020972289E-19,-0.0027));
#10223=CARTESIAN_POINT('',(0.,-1.04094977927525E-18,-0.0057));
#10224=CARTESIAN_POINT('',(0.,-1.04094977927525E-18,-0.0057));
#10225=CARTESIAN_POINT('',(-0.01,-1.04094977927525E-18,-0.0057));
#10226=CARTESIAN_POINT('',(0.,-1.04094977927525E-18,-0.0027));
#10227=CARTESIAN_POINT('',(-0.01,-1.04094977927525E-18,-0.0027));
#10228=CARTESIAN_POINT('',(0.,0.,-0.0057));
#10229=CARTESIAN_POINT('',(-0.0056568542494924,0.00565685424949237,-0.0057));
#10230=CARTESIAN_POINT('',(-0.0071568542494924,0.00565685424949237,-0.0057));
#10231=CARTESIAN_POINT('',(0.00565685424949239,0.00565685424949237,-0.0057));
#10232=CARTESIAN_POINT('',(0.00415685424949239,0.00565685424949237,-0.0057));
#10233=CARTESIAN_POINT('',(0.00565685424949238,-0.00565685424949238,-0.0057));
#10234=CARTESIAN_POINT('',(0.00415685424949238,-0.00565685424949238,-0.0057));
#10235=CARTESIAN_POINT('',(-0.00565685424949238,-0.00565685424949238,-0.0057));
#10236=CARTESIAN_POINT('',(-0.00715685424949238,-0.00565685424949238,-0.0057));
#10237=CARTESIAN_POINT('',(0.,0.,-0.0027));
#10238=CARTESIAN_POINT('',(-0.0056568542494924,0.00565685424949237,-0.0027));
#10239=CARTESIAN_POINT('',(0.00565685424949239,0.00565685424949237,-0.0027));
#10240=CARTESIAN_POINT('',(0.00565685424949238,-0.00565685424949238,-0.0027));
#10241=CARTESIAN_POINT('',(-0.00565685424949238,-0.00565685424949238,-0.0027));
#10242=CARTESIAN_POINT('',(-0.00565685424949238,-0.00565685424949238,-0.0027));
#10243=CARTESIAN_POINT('',(0.00565685424949238,-0.00565685424949238,-0.0027));
#10244=CARTESIAN_POINT('',(0.00565685424949239,0.00565685424949237,-0.0027));
#10245=CARTESIAN_POINT('',(-0.0056568542494924,0.00565685424949237,-0.0027));
#10246=CARTESIAN_POINT('',(-0.135904480034711,0.113742721865241,0.00915910729467868));
#10247=CARTESIAN_POINT('',(0.,0.,0.02));
#10248=CARTESIAN_POINT('',(0.,1.83697019872103E-19,0.02));
#10249=CARTESIAN_POINT('',(0.003,-9.26066833299457E-19,0.02));
#10250=CARTESIAN_POINT('',(4.87890977618477E-19,0.003,0.02));
#10251=CARTESIAN_POINT('',(0.003,-1.0842021724855E-18,0.02));
#10252=CARTESIAN_POINT('',(0.003,0.000881917103688196,0.02));
#10253=CARTESIAN_POINT('',(0.003,0.00176383420737639,0.02));
#10254=CARTESIAN_POINT('',(0.003,0.00264575131106459,0.02));
#10255=CARTESIAN_POINT('',(0.003,0.00264575131106459,0.02));
#10256=CARTESIAN_POINT('',(2.38524477946811E-18,3.46944695195361E-18,0.02));
#10257=CARTESIAN_POINT('',(0.00264575131106459,0.003,0.02));
#10258=CARTESIAN_POINT('',(0.00264575131106459,0.003,0.02));
#10259=CARTESIAN_POINT('',(0.00176383420737639,0.003,0.02));
#10260=CARTESIAN_POINT('',(0.000881917103688197,0.003,0.02));
#10261=CARTESIAN_POINT('',(0.,0.003,0.02));
#10262=CARTESIAN_POINT('',(0.,0.,0.02));
#10263=CARTESIAN_POINT('',(0.,1.83697019872103E-19,0.02));
#10264=CARTESIAN_POINT('',(-0.003,1.0842021724855E-19,0.02));
#10265=CARTESIAN_POINT('',(0.,0.003,0.02));
#10266=CARTESIAN_POINT('',(-0.000881917103688197,0.003,0.02));
#10267=CARTESIAN_POINT('',(-0.00176383420737639,0.003,0.02));
#10268=CARTESIAN_POINT('',(-0.00264575131106459,0.003,0.02));
#10269=CARTESIAN_POINT('',(-0.00264575131106459,0.003,0.02));
#10270=CARTESIAN_POINT('',(-2.92734586571086E-18,3.68628738645072E-18,0.02));
#10271=CARTESIAN_POINT('',(-0.003,0.00264575131106459,0.02));
#10272=CARTESIAN_POINT('',(-0.003,0.00264575131106459,0.02));
#10273=CARTESIAN_POINT('',(-0.003,0.00176383420737639,0.02));
#10274=CARTESIAN_POINT('',(-0.003,0.000881917103688197,0.02));
#10275=CARTESIAN_POINT('',(-0.003,0.,0.02));
#10276=CARTESIAN_POINT('',(0.,0.,0.02));
#10277=CARTESIAN_POINT('',(0.,1.83697019872103E-19,0.02));
#10278=CARTESIAN_POINT('',(-1.15711476858515E-16,-0.003,0.02));
#10279=CARTESIAN_POINT('',(-0.003,0.,0.02));
#10280=CARTESIAN_POINT('',(-0.003,-0.000881917103688197,0.02));
#10281=CARTESIAN_POINT('',(-0.003,-0.00176383420737639,0.02));
#10282=CARTESIAN_POINT('',(-0.003,-0.00264575131106459,0.02));
#10283=CARTESIAN_POINT('',(-0.003,-0.00264575131106459,0.02));
#10284=CARTESIAN_POINT('',(-1.7347234759768E-18,-2.92734586571086E-18,0.02));
#10285=CARTESIAN_POINT('',(-0.00264575131106459,-0.003,0.02));
#10286=CARTESIAN_POINT('',(-0.00264575131106459,-0.003,0.02));
#10287=CARTESIAN_POINT('',(-0.00176383420737643,-0.003,0.02));
#10288=CARTESIAN_POINT('',(-0.000881917103688273,-0.003,0.02));
#10289=CARTESIAN_POINT('',(-1.15359111152458E-16,-0.003,0.02));
#10290=CARTESIAN_POINT('',(0.00585404962177392,0.0015,0.02));
#10291=CARTESIAN_POINT('',(0.00370809924354788,0.0015,0.018969027688469));
#10292=CARTESIAN_POINT('',(0.00430461631541117,0.0015,0.01891454738794));
#10293=CARTESIAN_POINT('',(0.00532785415749589,0.0015,0.0186672429566629));
#10294=CARTESIAN_POINT('',(0.00635920630175184,0.0015,0.0178311899556411));
#10295=CARTESIAN_POINT('',(0.00686940096897315,0.0015,0.0166802351908589));
#10296=CARTESIAN_POINT('',(0.00699914528130517,0.0015,0.0156058604841501));
#10297=CARTESIAN_POINT('',(0.007,0.0015,0.015));
#10298=CARTESIAN_POINT('',(0.00370808318032453,0.0015,0.0189690291554958));
#10299=CARTESIAN_POINT('',(0.007,0.0015,0.015));
#10300=CARTESIAN_POINT('',(0.007,0.0015,0.02));
#10301=CARTESIAN_POINT('',(0.007,0.0015,0.));
#10302=CARTESIAN_POINT('',(0.00585404962177392,0.0015,0.));
#10303=CARTESIAN_POINT('',(0.00370809924354783,0.0015,0.));
#10304=CARTESIAN_POINT('',(0.00370809924354783,0.0015,0.02));
#10305=CARTESIAN_POINT('',(2.38524477946811E-18,3.46944695195361E-18,0.02));
#10306=CARTESIAN_POINT('',(0.00300000000000001,0.00264575131106459,0.02));
#10307=CARTESIAN_POINT('',(0.0031963342627637,0.00242312918258719,0.02));
#10308=CARTESIAN_POINT('',(0.00348107283446876,0.00206122430384767,0.0199909933278964));
#10309=CARTESIAN_POINT('',(0.00370809924354783,0.0015,0.0199729799836892));
#10310=CARTESIAN_POINT('',(0.00370809924354783,0.0015,0.0199729799836892));
#10311=CARTESIAN_POINT('',(0.00370809924354783,0.0015,0.0199729799836892));
#10312=CARTESIAN_POINT('',(0.00383763370978617,0.00117978222915217,0.0199646221509696));
#10313=CARTESIAN_POINT('',(0.00392544880203988,0.000842716026472794,0.01995626431825));
#10314=CARTESIAN_POINT('',(0.00396862696117144,0.00050000004306319,0.0199479064855304));
#10315=CARTESIAN_POINT('',(0.00396862693022359,0.000500000288703891,0.019947535023372));
#10316=CARTESIAN_POINT('',(0.00396862689927576,0.000500000534344595,0.0199471635612137));
#10317=CARTESIAN_POINT('',(0.00392628075421179,0.000836112275908649,0.0196138150629418));
#10318=CARTESIAN_POINT('',(0.00384082281656702,0.00117189916225632,0.0192862735814307));
#10319=CARTESIAN_POINT('',(0.00370809826443688,0.00150000242042479,0.0189690253481219));
#10320=CARTESIAN_POINT('',(2.38524477946811E-18,3.46944695195361E-18,0.));
#10321=CARTESIAN_POINT('',(0.0015,0.00370809924354783,0.));
#10322=CARTESIAN_POINT('',(0.0015,0.00370809924354783,0.02));
#10323=CARTESIAN_POINT('',(0.0015,0.00370809924354783,0.018969027688469));
#10324=CARTESIAN_POINT('',(0.0015,0.00370809924354783,0.018969027688469));
#10325=CARTESIAN_POINT('',(0.00117189775975546,0.00384082313469588,0.0192862749486245));
#10326=CARTESIAN_POINT('',(0.000836111228095943,0.00392628088622449,0.0196138161021402));
#10327=CARTESIAN_POINT('',(0.00050000053434471,0.00396862689927632,0.0199471635612136));
#10328=CARTESIAN_POINT('',(0.0005,0.00396858496842233,0.0199475400822502));
#10329=CARTESIAN_POINT('',(0.000500000043063189,0.00396862696117144,0.0199479064855304));
#10330=CARTESIAN_POINT('',(0.000842716026472794,0.00392544880203988,0.01995626431825));
#10331=CARTESIAN_POINT('',(0.00117978222915217,0.00383763370978617,0.0199646221509696));
#10332=CARTESIAN_POINT('',(0.0015,0.00370809924354784,0.0199729799836892));
#10333=CARTESIAN_POINT('',(0.0015,0.00370809924354783,0.0199729799836892));
#10334=CARTESIAN_POINT('',(0.0015,0.00370809924354784,0.0199729799836892));
#10335=CARTESIAN_POINT('',(0.00206122430384753,0.00348107283446882,0.0199909933278964));
#10336=CARTESIAN_POINT('',(0.00242312918258708,0.00319633426276379,0.02));
#10337=CARTESIAN_POINT('',(0.0026457513110646,0.003,0.02));
#10338=CARTESIAN_POINT('',(0.0015,0.00585404962177392,0.02));
#10339=CARTESIAN_POINT('',(0.0015,0.007,0.02));
#10340=CARTESIAN_POINT('',(0.0015,0.007,0.));
#10341=CARTESIAN_POINT('',(0.0015,0.007,0.015));
#10342=CARTESIAN_POINT('',(0.0015,0.007,0.015));
#10343=CARTESIAN_POINT('',(0.0015,0.00699914579525786,0.0156054961729147));
#10344=CARTESIAN_POINT('',(0.0015,0.0068694583053374,0.0166793843407469));
#10345=CARTESIAN_POINT('',(0.0015,0.0063590094791221,0.0178314355967675));
#10346=CARTESIAN_POINT('',(0.0015,0.00532858411165057,0.0186671112422693));
#10347=CARTESIAN_POINT('',(0.0015,0.00430493071766606,0.0189145186733732));
#10348=CARTESIAN_POINT('',(0.0015,0.00370809924354788,0.018969027688469));
#10349=CARTESIAN_POINT('',(0.0015,0.00585404962177392,0.));
#10350=CARTESIAN_POINT('',(1.51788304147971E-18,0.008,0.02));
#10351=CARTESIAN_POINT('',(-0.0005,0.008,0.015));
#10352=CARTESIAN_POINT('',(-0.000166666666666667,0.008,0.015));
#10353=CARTESIAN_POINT('',(0.000166666666666666,0.008,0.015));
#10354=CARTESIAN_POINT('',(0.0005,0.008,0.015));
#10355=CARTESIAN_POINT('',(-0.0005,0.008,0.015));
#10356=CARTESIAN_POINT('',(0.0005,0.008,0.015));
#10357=CARTESIAN_POINT('',(0.0005,0.008,0.02));
#10358=CARTESIAN_POINT('',(0.0005,0.008,0.));
#10359=CARTESIAN_POINT('',(1.51788304147971E-18,0.008,0.));
#10360=CARTESIAN_POINT('',(-0.0005,0.008,0.));
#10361=CARTESIAN_POINT('',(-0.0005,0.008,0.015));
#10362=CARTESIAN_POINT('',(-0.0015,0.00585404962177392,0.02));
#10363=CARTESIAN_POINT('',(-0.0015,0.00370809924354788,0.018969027688469));
#10364=CARTESIAN_POINT('',(-0.0015,0.00430461631541117,0.01891454738794));
#10365=CARTESIAN_POINT('',(-0.0015,0.00532785415749589,0.0186672429566629));
#10366=CARTESIAN_POINT('',(-0.0015,0.00635920630175184,0.0178311899556411));
#10367=CARTESIAN_POINT('',(-0.0015,0.00686940096897315,0.0166802351908589));
#10368=CARTESIAN_POINT('',(-0.0015,0.00699914528130517,0.0156058604841501));
#10369=CARTESIAN_POINT('',(-0.0015,0.007,0.015));
#10370=CARTESIAN_POINT('',(-0.0015,0.00370808318032453,0.0189690291554958));
#10371=CARTESIAN_POINT('',(-0.0015,0.007,0.015));
#10372=CARTESIAN_POINT('',(-0.0015,0.007,0.));
#10373=CARTESIAN_POINT('',(-0.0015,0.007,0.));
#10374=CARTESIAN_POINT('',(-0.0015,0.00585404962177392,0.));
#10375=CARTESIAN_POINT('',(-0.0015,0.00370809924354783,0.));
#10376=CARTESIAN_POINT('',(-0.0015,0.00370809924354783,0.02));
#10377=CARTESIAN_POINT('',(-2.92734586571086E-18,3.68628738645072E-18,0.02));
#10378=CARTESIAN_POINT('',(-0.00370809924354783,0.0015,0.02));
#10379=CARTESIAN_POINT('',(-0.00370809924354783,0.0015,0.018969027688469));
#10380=CARTESIAN_POINT('',(-0.00370809924354783,0.0015,0.));
#10381=CARTESIAN_POINT('',(-0.00370809924354783,0.0015,0.018969027688469));
#10382=CARTESIAN_POINT('',(-0.00384082313469589,0.00117189775975546,0.0192862749486245));
#10383=CARTESIAN_POINT('',(-0.00392628088622449,0.000836111228095944,0.0196138161021402));
#10384=CARTESIAN_POINT('',(-0.00396862689927632,0.000500000534344707,0.0199471635612136));
#10385=CARTESIAN_POINT('',(-0.00396858496842232,0.0005,0.0199475400822502));
#10386=CARTESIAN_POINT('',(-0.00396862696117144,0.000500000043063191,0.0199479064855304));
#10387=CARTESIAN_POINT('',(-0.00392544880203988,0.000842716026472795,0.01995626431825));
#10388=CARTESIAN_POINT('',(-0.00383763370978617,0.00117978222915217,0.0199646221509696));
#10389=CARTESIAN_POINT('',(-0.00370809924354784,0.0015,0.0199729799836892));
#10390=CARTESIAN_POINT('',(-0.00370809924354783,0.0015,0.0199729799836892));
#10391=CARTESIAN_POINT('',(-0.00370809924354784,0.0015,0.0199729799836892));
#10392=CARTESIAN_POINT('',(-0.00348107283446882,0.00206122430384753,0.0199909933278964));
#10393=CARTESIAN_POINT('',(-0.00319633426276379,0.00242312918258708,0.02));
#10394=CARTESIAN_POINT('',(-0.003,0.0026457513110646,0.02));
#10395=CARTESIAN_POINT('',(-0.00264575131106459,0.003,0.02));
#10396=CARTESIAN_POINT('',(-0.00242312918258713,0.00319633426276375,0.02));
#10397=CARTESIAN_POINT('',(-0.0020612243038476,0.00348107283446879,0.0199909933278964));
#10398=CARTESIAN_POINT('',(-0.0015,0.00370809924354784,0.0199729799836892));
#10399=CARTESIAN_POINT('',(-0.0015,0.00370809924354783,0.0199729799836892));
#10400=CARTESIAN_POINT('',(-0.0015,0.00370809924354784,0.0199729799836893));
#10401=CARTESIAN_POINT('',(-0.00117978222915217,0.00383763370978617,0.0199646221509696));
#10402=CARTESIAN_POINT('',(-0.00084271602647279,0.00392544880203988,0.01995626431825));
#10403=CARTESIAN_POINT('',(-0.000500000043063182,0.00396862696117144,0.0199479064855304));
#10404=CARTESIAN_POINT('',(-0.000500000288703892,0.00396862693022359,0.019947535023372));
#10405=CARTESIAN_POINT('',(-0.000500000534344599,0.00396862689927576,0.0199471635612137));
#10406=CARTESIAN_POINT('',(-0.000836112275908652,0.00392628075421179,0.0196138150629418));
#10407=CARTESIAN_POINT('',(-0.00117189916225633,0.00384082281656703,0.0192862735814307));
#10408=CARTESIAN_POINT('',(-0.00150000242042479,0.00370809826443688,0.0189690253481219));
#10409=CARTESIAN_POINT('',(-2.92734586571086E-18,3.68628738645072E-18,0.));
#10410=CARTESIAN_POINT('',(-0.00585404962177392,0.0015,0.02));
#10411=CARTESIAN_POINT('',(-0.007,0.0015,0.015));
#10412=CARTESIAN_POINT('',(-0.007,0.0015,0.));
#10413=CARTESIAN_POINT('',(-0.007,0.0015,0.015));
#10414=CARTESIAN_POINT('',(-0.007,0.0015,0.015));
#10415=CARTESIAN_POINT('',(-0.00699914579525785,0.0015,0.0156054961729156));
#10416=CARTESIAN_POINT('',(-0.00686945830533725,0.0015,0.0166793843407492));
#10417=CARTESIAN_POINT('',(-0.00635900947912262,0.0015,0.0178314355967669));
#10418=CARTESIAN_POINT('',(-0.00532858411164868,0.0015,0.0186671112422696));
#10419=CARTESIAN_POINT('',(-0.00430493071766524,0.0015,0.0189145186733733));
#10420=CARTESIAN_POINT('',(-0.00370809924354788,0.0015,0.018969027688469));
#10421=CARTESIAN_POINT('',(-0.00585404962177392,0.0015,0.));
#10422=CARTESIAN_POINT('',(-0.008,0.,0.02));
#10423=CARTESIAN_POINT('',(-0.008,0.,0.));
#10424=CARTESIAN_POINT('',(-0.008,0.0005,0.));
#10425=CARTESIAN_POINT('',(-0.008,-0.0005,0.));
#10426=CARTESIAN_POINT('',(-0.008,-0.0005,0.02));
#10427=CARTESIAN_POINT('',(-0.008,-0.0005,0.015));
#10428=CARTESIAN_POINT('',(-0.008,-0.0005,0.015));
#10429=CARTESIAN_POINT('',(-0.008,-0.000166666666666667,0.015));
#10430=CARTESIAN_POINT('',(-0.008,0.000166666666666666,0.015));
#10431=CARTESIAN_POINT('',(-0.008,0.0005,0.015));
#10432=CARTESIAN_POINT('',(-0.008,0.0005,0.015));
#10433=CARTESIAN_POINT('',(-0.008,0.0005,0.));
#10434=CARTESIAN_POINT('',(-0.00585404962177392,-0.0015,0.02));
#10435=CARTESIAN_POINT('',(-0.00370809924354788,-0.0015,0.018969027688469));
#10436=CARTESIAN_POINT('',(-0.00430461631541228,-0.0015,0.0189145473879399));
#10437=CARTESIAN_POINT('',(-0.00532785415749845,-0.0015,0.0186672429566624));
#10438=CARTESIAN_POINT('',(-0.00635920630175115,-0.0015,0.017831189955642));
#10439=CARTESIAN_POINT('',(-0.00686940096897334,-0.0015,0.0166802351908559));
#10440=CARTESIAN_POINT('',(-0.00699914528130517,-0.0015,0.0156058604841488));
#10441=CARTESIAN_POINT('',(-0.007,-0.0015,0.015));
#10442=CARTESIAN_POINT('',(-0.00370808318032453,-0.0015,0.0189690291554958));
#10443=CARTESIAN_POINT('',(-0.007,-0.0015,0.015));
#10444=CARTESIAN_POINT('',(-0.007,-0.0015,0.02));
#10445=CARTESIAN_POINT('',(-0.007,-0.0015,0.));
#10446=CARTESIAN_POINT('',(-0.00585404962177392,-0.0015,0.));
#10447=CARTESIAN_POINT('',(-0.00370809924354783,-0.0015,0.));
#10448=CARTESIAN_POINT('',(-0.00370809924354783,-0.0015,0.02));
#10449=CARTESIAN_POINT('',(-1.7347234759768E-18,-2.92734586571086E-18,0.02));
#10450=CARTESIAN_POINT('',(-0.003,-0.0026457513110646,0.02));
#10451=CARTESIAN_POINT('',(-0.00319633426276385,-0.00242312918258702,0.02));
#10452=CARTESIAN_POINT('',(-0.00348107283446885,-0.00206122430384745,0.0199909933278964));
#10453=CARTESIAN_POINT('',(-0.00370809924354784,-0.00149999999999999,0.0199729799836893));
#10454=CARTESIAN_POINT('',(-0.00370809924354783,-0.0015,0.0199729799836892));
#10455=CARTESIAN_POINT('',(-0.00370809924354784,-0.00149999999999999,0.0199729799836892));
#10456=CARTESIAN_POINT('',(-0.00383763370978617,-0.00117978222915216,0.0199646221509696));
#10457=CARTESIAN_POINT('',(-0.00392544880203988,-0.000842716026472786,0.01995626431825));
#10458=CARTESIAN_POINT('',(-0.00396862696117144,-0.000500000043063181,0.0199479064855304));
#10459=CARTESIAN_POINT('',(-0.00396862693022359,-0.000500000288703891,0.019947535023372));
#10460=CARTESIAN_POINT('',(-0.00396862689927576,-0.000500000534344596,0.0199471635612137));
#10461=CARTESIAN_POINT('',(-0.00392628075421179,-0.00083611227590865,0.0196138150629418));
#10462=CARTESIAN_POINT('',(-0.00384082281656702,-0.00117189916225633,0.0192862735814307));
#10463=CARTESIAN_POINT('',(-0.00370809826443688,-0.00150000242042479,0.0189690253481219));
#10464=CARTESIAN_POINT('',(-1.7347234759768E-18,-2.92734586571086E-18,0.));
#10465=CARTESIAN_POINT('',(-0.0015,-0.00370809924354783,0.));
#10466=CARTESIAN_POINT('',(-0.0015,-0.00370809924354783,0.02));
#10467=CARTESIAN_POINT('',(-0.0015,-0.00370809924354783,0.018969027688469));
#10468=CARTESIAN_POINT('',(-0.0015,-0.00370809924354784,0.018969027688469));
#10469=CARTESIAN_POINT('',(-0.00117189775975547,-0.00384082313469588,0.0192862749486245));
#10470=CARTESIAN_POINT('',(-0.000836111228095936,-0.00392628088622449,0.0196138161021402));
#10471=CARTESIAN_POINT('',(-0.000500000534344706,-0.00396862689927632,0.0199471635612136));
#10472=CARTESIAN_POINT('',(-0.0005,-0.00396858496842233,0.0199475400822502));
#10473=CARTESIAN_POINT('',(-0.000500000043063196,-0.00396862696117144,0.0199479064855303));
#10474=CARTESIAN_POINT('',(-0.000842716026472799,-0.00392544880203988,0.01995626431825));
#10475=CARTESIAN_POINT('',(-0.00117978222915218,-0.00383763370978617,0.0199646221509696));
#10476=CARTESIAN_POINT('',(-0.0015,-0.00370809924354783,0.0199729799836892));
#10477=CARTESIAN_POINT('',(-0.0015,-0.00370809924354783,0.0199729799836892));
#10478=CARTESIAN_POINT('',(-0.0015,-0.00370809924354783,0.0199729799836892));
#10479=CARTESIAN_POINT('',(-0.00206122430384754,-0.00348107283446881,0.0199909933278964));
#10480=CARTESIAN_POINT('',(-0.00242312918258709,-0.00319633426276379,0.02));
#10481=CARTESIAN_POINT('',(-0.00264575131106461,-0.00299999999999999,0.02));
#10482=CARTESIAN_POINT('',(-0.0015,-0.00585404962177392,0.02));
#10483=CARTESIAN_POINT('',(-0.0015,-0.007,0.02));
#10484=CARTESIAN_POINT('',(-0.0015,-0.007,0.));
#10485=CARTESIAN_POINT('',(-0.0015,-0.007,0.015));
#10486=CARTESIAN_POINT('',(-0.0015,-0.007,0.015));
#10487=CARTESIAN_POINT('',(-0.0015,-0.00699914579525786,0.015605496172915));
#10488=CARTESIAN_POINT('',(-0.0015,-0.00686945830533737,0.0166793843407476));
#10489=CARTESIAN_POINT('',(-0.0015,-0.00635900947912226,0.0178314355967673));
#10490=CARTESIAN_POINT('',(-0.0015,-0.00532858411164996,0.0186671112422694));
#10491=CARTESIAN_POINT('',(-0.0015,-0.0043049307176658,0.0189145186733732));
#10492=CARTESIAN_POINT('',(-0.0015,-0.00370809924354788,0.018969027688469));
#10493=CARTESIAN_POINT('',(-0.0015,-0.00585404962177392,0.));
#10494=CARTESIAN_POINT('',(-1.3010426069826E-18,-0.008,0.02));
#10495=CARTESIAN_POINT('',(-1.3010426069826E-18,-0.008,0.));
#10496=CARTESIAN_POINT('',(-0.0005,-0.008,0.));
#10497=CARTESIAN_POINT('',(0.0005,-0.008,0.));
#10498=CARTESIAN_POINT('',(0.0005,-0.008,0.015));
#10499=CARTESIAN_POINT('',(0.0005,-0.008,0.015));
#10500=CARTESIAN_POINT('',(0.0005,-0.008,0.015));
#10501=CARTESIAN_POINT('',(0.000166666666666667,-0.008,0.015));
#10502=CARTESIAN_POINT('',(-0.000166666666666666,-0.008,0.015));
#10503=CARTESIAN_POINT('',(-0.000499999999999999,-0.008,0.015));
#10504=CARTESIAN_POINT('',(-0.0005,-0.008,0.015));
#10505=CARTESIAN_POINT('',(-0.0005,-0.008,0.02));
#10506=CARTESIAN_POINT('',(0.0015,-0.00585404962177392,0.02));
#10507=CARTESIAN_POINT('',(0.0015,-0.00370809924354788,0.018969027688469));
#10508=CARTESIAN_POINT('',(0.0015,-0.00430461631541283,0.0189145473879399));
#10509=CARTESIAN_POINT('',(0.0015,-0.00532785415749973,0.0186672429566622));
#10510=CARTESIAN_POINT('',(0.0015,-0.0063592063017508,0.0178311899556424));
#10511=CARTESIAN_POINT('',(0.0015,-0.00686940096897344,0.0166802351908544));
#10512=CARTESIAN_POINT('',(0.0015,-0.00699914528130517,0.0156058604841482));
#10513=CARTESIAN_POINT('',(0.0015,-0.007,0.015));
#10514=CARTESIAN_POINT('',(0.0015,-0.00370808318032453,0.0189690291554958));
#10515=CARTESIAN_POINT('',(0.0015,-0.007,0.015));
#10516=CARTESIAN_POINT('',(0.0015,-0.007,0.));
#10517=CARTESIAN_POINT('',(0.0015,-0.007,0.));
#10518=CARTESIAN_POINT('',(0.0015,-0.00585404962177392,0.));
#10519=CARTESIAN_POINT('',(0.0015,-0.00370809924354783,0.));
#10520=CARTESIAN_POINT('',(0.0015,-0.00370809924354783,0.02));
#10521=CARTESIAN_POINT('',(2.60208521396521E-18,-1.95156391047391E-18,0.02));
#10522=CARTESIAN_POINT('',(0.00370809924354783,-0.0015,0.02));
#10523=CARTESIAN_POINT('',(0.00370809924354783,-0.0015,0.018969027688469));
#10524=CARTESIAN_POINT('',(0.00370809924354783,-0.0015,0.));
#10525=CARTESIAN_POINT('',(0.00370809924354783,-0.0015,0.018969027688469));
#10526=CARTESIAN_POINT('',(0.00384082313469589,-0.00117189775975546,0.0192862749486245));
#10527=CARTESIAN_POINT('',(0.00392628088622449,-0.000836111228095943,0.0196138161021402));
#10528=CARTESIAN_POINT('',(0.00396862689927632,-0.000500000534344704,0.0199471635612136));
#10529=CARTESIAN_POINT('',(0.00396858496842232,-0.0005,0.0199475400822502));
#10530=CARTESIAN_POINT('',(0.00396862696117144,-0.000500000043063182,0.0199479064855304));
#10531=CARTESIAN_POINT('',(0.00392544880203988,-0.000842716026472787,0.01995626431825));
#10532=CARTESIAN_POINT('',(0.00383763370978617,-0.00117978222915217,0.0199646221509696));
#10533=CARTESIAN_POINT('',(0.00370809924354784,-0.00149999999999999,0.0199729799836892));
#10534=CARTESIAN_POINT('',(0.00370809924354783,-0.0015,0.0199729799836892));
#10535=CARTESIAN_POINT('',(0.00370809924354784,-0.00149999999999999,0.0199729799836892));
#10536=CARTESIAN_POINT('',(0.00348107283446882,-0.00206122430384752,0.0199909933278964));
#10537=CARTESIAN_POINT('',(0.0031963342627638,-0.00242312918258708,0.02));
#10538=CARTESIAN_POINT('',(0.003,-0.0026457513110646,0.02));
#10539=CARTESIAN_POINT('',(0.003,-0.00264575131106459,0.02));
#10540=CARTESIAN_POINT('',(2.60208521396521E-18,-1.95156391047391E-18,0.02));
#10541=CARTESIAN_POINT('',(0.00264575131106459,-0.003,0.02));
#10542=CARTESIAN_POINT('',(0.00264575131106459,-0.003,0.02));
#10543=CARTESIAN_POINT('',(0.00242312918258707,-0.0031963342627638,0.02));
#10544=CARTESIAN_POINT('',(0.00206122430384752,-0.00348107283446882,0.0199909933278964));
#10545=CARTESIAN_POINT('',(0.00150000000000001,-0.00370809924354783,0.0199729799836893));
#10546=CARTESIAN_POINT('',(0.0015,-0.00370809924354783,0.0199729799836892));
#10547=CARTESIAN_POINT('',(0.00150000000000001,-0.00370809924354783,0.0199729799836893));
#10548=CARTESIAN_POINT('',(0.00117978222915218,-0.00383763370978617,0.0199646221509696));
#10549=CARTESIAN_POINT('',(0.000842716026472799,-0.00392544880203988,0.01995626431825));
#10550=CARTESIAN_POINT('',(0.000500000043063194,-0.00396862696117144,0.0199479064855304));
#10551=CARTESIAN_POINT('',(0.000500000288703895,-0.00396862693022359,0.019947535023372));
#10552=CARTESIAN_POINT('',(0.000500000534344603,-0.00396862689927576,0.0199471635612137));
#10553=CARTESIAN_POINT('',(0.000836112275908658,-0.00392628075421178,0.0196138150629418));
#10554=CARTESIAN_POINT('',(0.00117189916225633,-0.00384082281656703,0.0192862735814307));
#10555=CARTESIAN_POINT('',(0.0015000024204248,-0.00370809826443688,0.018969025348122));
#10556=CARTESIAN_POINT('',(2.60208521396521E-18,-1.95156391047391E-18,0.));
#10557=CARTESIAN_POINT('',(0.00585404962177392,-0.0015,0.02));
#10558=CARTESIAN_POINT('',(0.007,-0.0015,0.015));
#10559=CARTESIAN_POINT('',(0.007,-0.0015,0.));
#10560=CARTESIAN_POINT('',(0.007,-0.0015,0.015));
#10561=CARTESIAN_POINT('',(0.007,-0.0015,0.015));
#10562=CARTESIAN_POINT('',(0.00699914579525785,-0.0015,0.0156054961729144));
#10563=CARTESIAN_POINT('',(0.00686945830533744,-0.0015,0.0166793843407462));
#10564=CARTESIAN_POINT('',(0.00635900947912192,-0.0015,0.0178314355967678));
#10565=CARTESIAN_POINT('',(0.00532858411165125,-0.0015,0.0186671112422691));
#10566=CARTESIAN_POINT('',(0.00430493071766635,-0.0015,0.0189145186733732));
#10567=CARTESIAN_POINT('',(0.00370809924354788,-0.0015,0.018969027688469));
#10568=CARTESIAN_POINT('',(0.00585404962177392,-0.0015,0.));
#10569=CARTESIAN_POINT('',(0.008,0.,0.02));
#10570=CARTESIAN_POINT('',(0.008,0.0005,0.015));
#10571=CARTESIAN_POINT('',(0.008,0.000166666666666667,0.015));
#10572=CARTESIAN_POINT('',(0.008,-0.000166666666666666,0.015));
#10573=CARTESIAN_POINT('',(0.008,-0.0005,0.015));
#10574=CARTESIAN_POINT('',(0.008,0.0005,0.015));
#10575=CARTESIAN_POINT('',(0.008,-0.0005,0.015));
#10576=CARTESIAN_POINT('',(0.008,-0.0005,0.));
#10577=CARTESIAN_POINT('',(0.008,-0.0005,0.));
#10578=CARTESIAN_POINT('',(0.008,0.,0.));
#10579=CARTESIAN_POINT('',(0.008,0.0005,0.));
#10580=CARTESIAN_POINT('',(0.008,0.0005,0.02));
#10581=CARTESIAN_POINT('',(0.,0.,0.02));
#10582=CARTESIAN_POINT('',(0.,1.83697019872103E-19,0.02));
#10583=CARTESIAN_POINT('',(-1.15792792021452E-16,-0.003,0.02));
#10584=CARTESIAN_POINT('',(0.000881917103688119,-0.003,0.02));
#10585=CARTESIAN_POINT('',(0.00176383420737635,-0.003,0.02));
#10586=CARTESIAN_POINT('',(0.00264575131106459,-0.003,0.02));
#10587=CARTESIAN_POINT('',(0.003,-0.00264575131106459,0.02));
#10588=CARTESIAN_POINT('',(0.003,-0.00176383420737639,0.02));
#10589=CARTESIAN_POINT('',(0.003,-0.000881917103688197,0.02));
#10590=CARTESIAN_POINT('',(0.003,-4.33680868994202E-19,0.02));
#10591=CARTESIAN_POINT('',(0.,0.,0.));
#10592=CARTESIAN_POINT('',(0.,2.84730380801759E-19,0.));
#10593=CARTESIAN_POINT('',(0.00165,2.84730380801759E-19,0.));
#10594=CARTESIAN_POINT('',(0.008,-0.0005,0.));
#10595=CARTESIAN_POINT('',(0.0015,-0.007,0.));
#10596=CARTESIAN_POINT('',(-0.0005,-0.008,0.));
#10597=CARTESIAN_POINT('',(-0.007,-0.0015,0.));
#10598=CARTESIAN_POINT('',(-0.008,0.0005,0.));
#10599=CARTESIAN_POINT('',(-0.0015,0.007,0.));
#10600=CARTESIAN_POINT('',(0.0005,0.008,0.));
#10601=CARTESIAN_POINT('',(0.007,0.0015,0.));
#10602=CARTESIAN_POINT('',(0.008,0.00267750032679736,0.015));
#10603=CARTESIAN_POINT('',(0.008,-0.00267750032679737,0.015));
#10604=CARTESIAN_POINT('',(0.00799999999999999,0.00267750032679736,0.0183333333333333));
#10605=CARTESIAN_POINT('',(0.00799999999999999,-0.00267750032679737,0.0183333333333333));
#10606=CARTESIAN_POINT('',(0.00633333333333334,0.00267750032679736,0.0199999999999999));
#10607=CARTESIAN_POINT('',(0.00633333333333334,-0.00267750032679737,0.0199999999999999));
#10608=CARTESIAN_POINT('',(0.003,0.00267750032679736,0.02));
#10609=CARTESIAN_POINT('',(0.003,-0.00267750032679737,0.02));
#10610=CARTESIAN_POINT('',(0.00396862662369473,-0.0005,0.019947906523893));
#10611=CARTESIAN_POINT('',(0.00665620887456491,-0.0005,0.0196423954746971));
#10612=CARTESIAN_POINT('',(0.00799999999999999,-0.0005,0.0179930933000661));
#10613=CARTESIAN_POINT('',(0.008,-0.0005,0.015));
#10614=CARTESIAN_POINT('',(0.008,0.0005,0.015));
#10615=CARTESIAN_POINT('',(0.00799999999999999,0.0005,0.0179930777099461));
#10616=CARTESIAN_POINT('',(0.00665622287333357,0.0005,0.0196423782932257));
#10617=CARTESIAN_POINT('',(0.00396866862000071,0.0005,0.019947901749839));
#10618=CARTESIAN_POINT('',(-0.008,-0.00267750032679737,0.015));
#10619=CARTESIAN_POINT('',(-0.008,0.00267750032679737,0.015));
#10620=CARTESIAN_POINT('',(-0.00799999999999999,-0.00267750032679737,0.0183333333333333));
#10621=CARTESIAN_POINT('',(-0.00799999999999999,0.00267750032679737,0.0183333333333333));
#10622=CARTESIAN_POINT('',(-0.00633333333333334,-0.00267750032679737,0.0199999999999999));
#10623=CARTESIAN_POINT('',(-0.00633333333333334,0.00267750032679737,0.0199999999999999));
#10624=CARTESIAN_POINT('',(-0.003,-0.00267750032679737,0.02));
#10625=CARTESIAN_POINT('',(-0.003,0.00267750032679737,0.02));
#10626=CARTESIAN_POINT('',(-0.008,-0.0005,0.015));
#10627=CARTESIAN_POINT('',(-0.00799999999999999,-0.0005,0.0179930777099461));
#10628=CARTESIAN_POINT('',(-0.00665622287333357,-0.0005,0.0196423782932257));
#10629=CARTESIAN_POINT('',(-0.00396866862000071,-0.0005,0.019947901749839));
#10630=CARTESIAN_POINT('',(-0.00396862662369473,0.0005,0.019947906523893));
#10631=CARTESIAN_POINT('',(-0.00665620887456491,0.0005,0.0196423954746971));
#10632=CARTESIAN_POINT('',(-0.00799999999999999,0.0005,0.0179930933000661));
#10633=CARTESIAN_POINT('',(-0.008,0.0005,0.015));
#10634=CARTESIAN_POINT('',(0.00267750032679737,-0.008,0.015));
#10635=CARTESIAN_POINT('',(-0.00267750032679738,-0.008,0.015));
#10636=CARTESIAN_POINT('',(0.00267750032679737,-0.00799999999999999,0.0183333333333334));
#10637=CARTESIAN_POINT('',(-0.00267750032679738,-0.00799999999999999,0.0183333333333334));
#10638=CARTESIAN_POINT('',(0.00267750032679737,-0.00633333333333333,0.0199999999999999));
#10639=CARTESIAN_POINT('',(-0.00267750032679738,-0.00633333333333333,0.0199999999999999));
#10640=CARTESIAN_POINT('',(0.00267750032679737,-0.00299999999999999,0.02));
#10641=CARTESIAN_POINT('',(-0.00267750032679738,-0.00299999999999999,0.02));
#10642=CARTESIAN_POINT('',(0.0005,-0.008,0.015));
#10643=CARTESIAN_POINT('',(0.0005,-0.00799999999999999,0.0179930777099461));
#10644=CARTESIAN_POINT('',(0.0005,-0.00665622287333357,0.0196423782932257));
#10645=CARTESIAN_POINT('',(0.0005,-0.00396866862000071,0.019947901749839));
#10646=CARTESIAN_POINT('',(-0.0005,-0.00396862662369473,0.019947906523893));
#10647=CARTESIAN_POINT('',(-0.0005,-0.00665620887456491,0.0196423954746971));
#10648=CARTESIAN_POINT('',(-0.0005,-0.00799999999999999,0.0179930933000661));
#10649=CARTESIAN_POINT('',(-0.0005,-0.008,0.015));
#10650=CARTESIAN_POINT('',(-0.00267750032679737,0.008,0.015));
#10651=CARTESIAN_POINT('',(0.00267750032679738,0.008,0.015));
#10652=CARTESIAN_POINT('',(-0.00267750032679737,0.00799999999999999,0.0183333333333333));
#10653=CARTESIAN_POINT('',(0.00267750032679738,0.00799999999999999,0.0183333333333333));
#10654=CARTESIAN_POINT('',(-0.00267750032679737,0.00633333333333334,0.0199999999999999));
#10655=CARTESIAN_POINT('',(0.00267750032679738,0.00633333333333334,0.0199999999999999));
#10656=CARTESIAN_POINT('',(-0.00267750032679737,0.003,0.02));
#10657=CARTESIAN_POINT('',(0.00267750032679738,0.003,0.02));
#10658=CARTESIAN_POINT('',(0.0005,0.00396862662369473,0.019947906523893));
#10659=CARTESIAN_POINT('',(0.0005,0.00665620887456491,0.0196423954746971));
#10660=CARTESIAN_POINT('',(0.0005,0.00799999999999999,0.0179930933000661));
#10661=CARTESIAN_POINT('',(0.0005,0.008,0.015));
#10662=CARTESIAN_POINT('',(-0.0005,0.008,0.015));
#10663=CARTESIAN_POINT('',(-0.0005,0.00799999999999999,0.0179930777099461));
#10664=CARTESIAN_POINT('',(-0.0005,0.00665622287333357,0.0196423782932257));
#10665=CARTESIAN_POINT('',(-0.0005,0.00396866862000071,0.019947901749839));
#10666=CARTESIAN_POINT('',(0.,1.83697019872103E-19,0.001));
#10667=CARTESIAN_POINT('',(0.,1.83697019872103E-19,0.001));
#10668=CARTESIAN_POINT('',(0.003,1.83697019872103E-19,0.001));
#10669=CARTESIAN_POINT('',(0.,0.,0.001));
#10670=CARTESIAN_POINT('',(0.,2.84730380801759E-19,0.001));
#10671=CARTESIAN_POINT('',(0.00165,2.84730380801759E-19,0.001));
#10672=CARTESIAN_POINT('',(0.,2.84730380801759E-19,-0.024));
#10673=CARTESIAN_POINT('',(0.008,-0.0005,0.02));
#10674=CARTESIAN_POINT('',(0.008,-0.0005,0.015));
#10675=CARTESIAN_POINT('',(0.00766666666666667,-0.000833333333333333,0.015));
#10676=CARTESIAN_POINT('',(0.00733333333333333,-0.00116666666666667,0.015));
#10677=CARTESIAN_POINT('',(0.007,-0.0015,0.015));
#10678=CARTESIAN_POINT('',(0.007,-0.0015,0.015));
#10679=CARTESIAN_POINT('',(0.00699926660642311,-0.0015,0.0155198601484299));
#10680=CARTESIAN_POINT('',(0.00695754278218127,-0.0015,0.0160343102710646));
#10681=CARTESIAN_POINT('',(0.0067114209535465,-0.0015,0.0170432937296609));
#10682=CARTESIAN_POINT('',(0.00649564049482066,-0.0015,0.0175340632749815));
#10683=CARTESIAN_POINT('',(0.00581179796850121,-0.0015,0.0183154575672195));
#10684=CARTESIAN_POINT('',(0.00534913592902819,-0.0015,0.0185841464080952));
#10685=CARTESIAN_POINT('',(0.00447011148027731,-0.0015,0.0188688667116278));
#10686=CARTESIAN_POINT('',(0.00407191165100408,-0.0015,0.0189377253290667));
#10687=CARTESIAN_POINT('',(0.00367357864209554,-0.0015,0.0189720930061298));
#10688=CARTESIAN_POINT('',(0.008,-0.0005,0.015));
#10689=CARTESIAN_POINT('',(0.00799865907022184,-0.0005,0.0155779696196927));
#10690=CARTESIAN_POINT('',(0.00795441519695951,-0.0005,0.0161662539317288));
#10691=CARTESIAN_POINT('',(0.007656831776455,-0.0005,0.017388357222613));
#10692=CARTESIAN_POINT('',(0.00738286558676593,-0.0005,0.0180375328196118));
#10693=CARTESIAN_POINT('',(0.00642596165118967,-0.0005,0.0191332872874811));
#10694=CARTESIAN_POINT('',(0.00578322085897671,-0.0005,0.0194961249940024));
#10695=CARTESIAN_POINT('',(0.00468722786400615,-0.0005,0.0198485558546687));
#10696=CARTESIAN_POINT('',(0.00421597839784473,-0.0005,0.0199286036003338));
#10697=CARTESIAN_POINT('',(0.00375940044711792,-0.0005,0.0199681123507472));
#10698=CARTESIAN_POINT('',(0.00367354784865896,0.0015,0.0189720956628805));
#10699=CARTESIAN_POINT('',(0.00407189112890171,0.0015,0.0189377288778081));
#10700=CARTESIAN_POINT('',(0.00447010155040613,0.0015,0.0188688699279614));
#10701=CARTESIAN_POINT('',(0.0053491359290282,0.0015,0.0185841464080952));
#10702=CARTESIAN_POINT('',(0.00581179796850121,0.0015,0.0183154575672195));
#10703=CARTESIAN_POINT('',(0.00649564049482066,0.0015,0.0175340632749815));
#10704=CARTESIAN_POINT('',(0.0067114209535465,0.0015,0.0170432937296609));
#10705=CARTESIAN_POINT('',(0.00695754278218127,0.0015,0.0160343102710646));
#10706=CARTESIAN_POINT('',(0.00699926660642312,0.0015,0.0155198601484299));
#10707=CARTESIAN_POINT('',(0.007,0.0015,0.015));
#10708=CARTESIAN_POINT('',(0.00375936515104128,0.0005,0.0199681154049204));
#10709=CARTESIAN_POINT('',(0.00421595411098516,0.0005,0.019928607725719));
#10710=CARTESIAN_POINT('',(0.00468721548315683,0.0005,0.0198485598358925));
#10711=CARTESIAN_POINT('',(0.00578322085897672,0.0005,0.0194961249940024));
#10712=CARTESIAN_POINT('',(0.00642596165118967,0.0005,0.0191332872874811));
#10713=CARTESIAN_POINT('',(0.00738286558676594,0.0005,0.0180375328196118));
#10714=CARTESIAN_POINT('',(0.007656831776455,0.0005,0.017388357222613));
#10715=CARTESIAN_POINT('',(0.00795441519695951,0.0005,0.0161662539317288));
#10716=CARTESIAN_POINT('',(0.00799865907022185,0.0005,0.0155779696196927));
#10717=CARTESIAN_POINT('',(0.008,0.0005,0.015));
#10718=CARTESIAN_POINT('',(0.007,0.0015,0.015));
#10719=CARTESIAN_POINT('',(0.00733333333333333,0.00116666666666667,0.015));
#10720=CARTESIAN_POINT('',(0.00766666666666667,0.000833333333333333,0.015));
#10721=CARTESIAN_POINT('',(0.008,0.0005,0.015));
#10722=CARTESIAN_POINT('',(0.007,0.0015,0.02));
#10723=CARTESIAN_POINT('',(-0.00367354784865896,-0.0015,0.0189720956628805));
#10724=CARTESIAN_POINT('',(-0.00407189112890171,-0.0015,0.0189377288778081));
#10725=CARTESIAN_POINT('',(-0.00447010155040613,-0.0015,0.0188688699279614));
#10726=CARTESIAN_POINT('',(-0.00534913592902819,-0.0015,0.0185841464080952));
#10727=CARTESIAN_POINT('',(-0.00581179796850121,-0.0015,0.0183154575672195));
#10728=CARTESIAN_POINT('',(-0.00649564049482066,-0.0015,0.0175340632749815));
#10729=CARTESIAN_POINT('',(-0.0067114209535465,-0.0015,0.0170432937296609));
#10730=CARTESIAN_POINT('',(-0.00695754278218127,-0.0015,0.0160343102710646));
#10731=CARTESIAN_POINT('',(-0.00699926660642312,-0.0015,0.0155198601484299));
#10732=CARTESIAN_POINT('',(-0.007,-0.0015,0.015));
#10733=CARTESIAN_POINT('',(-0.00375936515104129,-0.0005,0.0199681154049204));
#10734=CARTESIAN_POINT('',(-0.00421595411098517,-0.0005,0.019928607725719));
#10735=CARTESIAN_POINT('',(-0.00468721548315683,-0.0005,0.0198485598358925));
#10736=CARTESIAN_POINT('',(-0.00578322085897672,-0.0005,0.0194961249940024));
#10737=CARTESIAN_POINT('',(-0.00642596165118966,-0.0005,0.0191332872874811));
#10738=CARTESIAN_POINT('',(-0.00738286558676594,-0.0005,0.0180375328196117));
#10739=CARTESIAN_POINT('',(-0.007656831776455,-0.0005,0.017388357222613));
#10740=CARTESIAN_POINT('',(-0.00795441519695951,-0.0005,0.0161662539317288));
#10741=CARTESIAN_POINT('',(-0.00799865907022184,-0.0005,0.0155779696196927));
#10742=CARTESIAN_POINT('',(-0.008,-0.0005,0.015));
#10743=CARTESIAN_POINT('',(-0.007,-0.0015,0.015));
#10744=CARTESIAN_POINT('',(-0.00733333333333333,-0.00116666666666667,0.015));
#10745=CARTESIAN_POINT('',(-0.00766666666666667,-0.000833333333333333,0.015));
#10746=CARTESIAN_POINT('',(-0.008,-0.0005,0.015));
#10747=CARTESIAN_POINT('',(-0.007,-0.0015,0.02));
#10748=CARTESIAN_POINT('',(-0.008,0.0005,0.02));
#10749=CARTESIAN_POINT('',(-0.008,0.0005,0.015));
#10750=CARTESIAN_POINT('',(-0.00766666666666667,0.000833333333333334,0.015));
#10751=CARTESIAN_POINT('',(-0.00733333333333333,0.00116666666666667,0.015));
#10752=CARTESIAN_POINT('',(-0.007,0.0015,0.015));
#10753=CARTESIAN_POINT('',(-0.007,0.0015,0.015));
#10754=CARTESIAN_POINT('',(-0.00699926660642312,0.0015,0.0155198601484299));
#10755=CARTESIAN_POINT('',(-0.00695754278218127,0.0015,0.0160343102710646));
#10756=CARTESIAN_POINT('',(-0.0067114209535465,0.0015,0.0170432937296609));
#10757=CARTESIAN_POINT('',(-0.00649564049482067,0.0015,0.0175340632749815));
#10758=CARTESIAN_POINT('',(-0.00581179796850121,0.0015,0.0183154575672195));
#10759=CARTESIAN_POINT('',(-0.0053491359290282,0.0015,0.0185841464080952));
#10760=CARTESIAN_POINT('',(-0.0044701114802773,0.0015,0.0188688667116278));
#10761=CARTESIAN_POINT('',(-0.00407191165100408,0.0015,0.0189377253290667));
#10762=CARTESIAN_POINT('',(-0.00367357864209553,0.0015,0.0189720930061298));
#10763=CARTESIAN_POINT('',(-0.008,0.0005,0.015));
#10764=CARTESIAN_POINT('',(-0.00799865907022184,0.0005,0.0155779696196927));
#10765=CARTESIAN_POINT('',(-0.00795441519695951,0.0005,0.0161662539317288));
#10766=CARTESIAN_POINT('',(-0.00765683177645499,0.0005,0.017388357222613));
#10767=CARTESIAN_POINT('',(-0.00738286558676595,0.0005,0.0180375328196118));
#10768=CARTESIAN_POINT('',(-0.00642596165118966,0.0005,0.0191332872874811));
#10769=CARTESIAN_POINT('',(-0.00578322085897672,0.0005,0.0194961249940024));
#10770=CARTESIAN_POINT('',(-0.00468722786400614,0.0005,0.0198485558546687));
#10771=CARTESIAN_POINT('',(-0.00421597839784472,0.0005,0.0199286036003338));
#10772=CARTESIAN_POINT('',(-0.00375940044711791,0.0005,0.0199681123507472));
#10773=CARTESIAN_POINT('',(0.0015,-0.00367354784865896,0.0189720956628805));
#10774=CARTESIAN_POINT('',(0.0015,-0.00407189112890171,0.0189377288778081));
#10775=CARTESIAN_POINT('',(0.0015,-0.00447010155040614,0.0188688699279614));
#10776=CARTESIAN_POINT('',(0.0015,-0.00534913592902819,0.0185841464080952));
#10777=CARTESIAN_POINT('',(0.0015,-0.00581179796850122,0.0183154575672195));
#10778=CARTESIAN_POINT('',(0.0015,-0.00649564049482066,0.0175340632749815));
#10779=CARTESIAN_POINT('',(0.0015,-0.0067114209535465,0.0170432937296609));
#10780=CARTESIAN_POINT('',(0.0015,-0.00695754278218127,0.0160343102710646));
#10781=CARTESIAN_POINT('',(0.0015,-0.00699926660642311,0.0155198601484299));
#10782=CARTESIAN_POINT('',(0.0015,-0.007,0.015));
#10783=CARTESIAN_POINT('',(0.0005,-0.00375936515104128,0.0199681154049204));
#10784=CARTESIAN_POINT('',(0.0005,-0.00421595411098517,0.019928607725719));
#10785=CARTESIAN_POINT('',(0.0005,-0.00468721548315684,0.0198485598358925));
#10786=CARTESIAN_POINT('',(0.0005,-0.00578322085897672,0.0194961249940024));
#10787=CARTESIAN_POINT('',(0.0005,-0.00642596165118967,0.0191332872874811));
#10788=CARTESIAN_POINT('',(0.0005,-0.00738286558676594,0.0180375328196117));
#10789=CARTESIAN_POINT('',(0.0005,-0.00765683177645499,0.017388357222613));
#10790=CARTESIAN_POINT('',(0.0005,-0.00795441519695951,0.0161662539317288));
#10791=CARTESIAN_POINT('',(0.0005,-0.00799865907022184,0.0155779696196927));
#10792=CARTESIAN_POINT('',(0.0005,-0.008,0.015));
#10793=CARTESIAN_POINT('',(0.0015,-0.007,0.015));
#10794=CARTESIAN_POINT('',(0.00116666666666667,-0.00733333333333333,0.015));
#10795=CARTESIAN_POINT('',(0.000833333333333334,-0.00766666666666667,0.015));
#10796=CARTESIAN_POINT('',(0.000500000000000002,-0.008,0.015));
#10797=CARTESIAN_POINT('',(0.0015,-0.007,0.02));
#10798=CARTESIAN_POINT('',(-0.0005,-0.008,0.02));
#10799=CARTESIAN_POINT('',(-0.000500000000000001,-0.008,0.015));
#10800=CARTESIAN_POINT('',(-0.000833333333333334,-0.00766666666666667,0.015));
#10801=CARTESIAN_POINT('',(-0.00116666666666667,-0.00733333333333333,0.015));
#10802=CARTESIAN_POINT('',(-0.0015,-0.007,0.015));
#10803=CARTESIAN_POINT('',(-0.0015,-0.007,0.015));
#10804=CARTESIAN_POINT('',(-0.0015,-0.00699926660642312,0.0155198601484299));
#10805=CARTESIAN_POINT('',(-0.0015,-0.00695754278218127,0.0160343102710646));
#10806=CARTESIAN_POINT('',(-0.0015,-0.0067114209535465,0.0170432937296609));
#10807=CARTESIAN_POINT('',(-0.0015,-0.00649564049482066,0.0175340632749815));
#10808=CARTESIAN_POINT('',(-0.0015,-0.00581179796850121,0.0183154575672195));
#10809=CARTESIAN_POINT('',(-0.0015,-0.0053491359290282,0.0185841464080952));
#10810=CARTESIAN_POINT('',(-0.0015,-0.00447011148027731,0.0188688667116278));
#10811=CARTESIAN_POINT('',(-0.0015,-0.00407191165100408,0.0189377253290667));
#10812=CARTESIAN_POINT('',(-0.0015,-0.00367357864209554,0.0189720930061298));
#10813=CARTESIAN_POINT('',(-0.0005,-0.008,0.015));
#10814=CARTESIAN_POINT('',(-0.0005,-0.00799865907022185,0.0155779696196927));
#10815=CARTESIAN_POINT('',(-0.0005,-0.00795441519695951,0.0161662539317288));
#10816=CARTESIAN_POINT('',(-0.0005,-0.007656831776455,0.017388357222613));
#10817=CARTESIAN_POINT('',(-0.0005,-0.00738286558676594,0.0180375328196118));
#10818=CARTESIAN_POINT('',(-0.0005,-0.00642596165118966,0.0191332872874811));
#10819=CARTESIAN_POINT('',(-0.0005,-0.00578322085897672,0.0194961249940024));
#10820=CARTESIAN_POINT('',(-0.0005,-0.00468722786400615,0.0198485558546687));
#10821=CARTESIAN_POINT('',(-0.0005,-0.00421597839784473,0.0199286036003338));
#10822=CARTESIAN_POINT('',(-0.0005,-0.00375940044711792,0.0199681123507472));
#10823=CARTESIAN_POINT('',(0.0005,0.008,0.02));
#10824=CARTESIAN_POINT('',(0.0005,0.008,0.015));
#10825=CARTESIAN_POINT('',(0.000833333333333333,0.00766666666666667,0.015));
#10826=CARTESIAN_POINT('',(0.00116666666666667,0.00733333333333333,0.015));
#10827=CARTESIAN_POINT('',(0.0015,0.007,0.015));
#10828=CARTESIAN_POINT('',(0.0015,0.007,0.015));
#10829=CARTESIAN_POINT('',(0.0015,0.00699926660642312,0.0155198601484299));
#10830=CARTESIAN_POINT('',(0.0015,0.00695754278218127,0.0160343102710646));
#10831=CARTESIAN_POINT('',(0.0015,0.0067114209535465,0.0170432937296609));
#10832=CARTESIAN_POINT('',(0.0015,0.00649564049482067,0.0175340632749815));
#10833=CARTESIAN_POINT('',(0.0015,0.00581179796850121,0.0183154575672195));
#10834=CARTESIAN_POINT('',(0.0015,0.00534913592902819,0.0185841464080952));
#10835=CARTESIAN_POINT('',(0.0015,0.0044701114802773,0.0188688667116278));
#10836=CARTESIAN_POINT('',(0.0015,0.00407191165100408,0.0189377253290667));
#10837=CARTESIAN_POINT('',(0.0015,0.00367357864209553,0.0189720930061298));
#10838=CARTESIAN_POINT('',(0.0005,0.008,0.015));
#10839=CARTESIAN_POINT('',(0.0005,0.00799865907022184,0.0155779696196927));
#10840=CARTESIAN_POINT('',(0.0005,0.00795441519695952,0.0161662539317288));
#10841=CARTESIAN_POINT('',(0.0005,0.00765683177645499,0.017388357222613));
#10842=CARTESIAN_POINT('',(0.0005,0.00738286558676594,0.0180375328196118));
#10843=CARTESIAN_POINT('',(0.0005,0.00642596165118966,0.0191332872874811));
#10844=CARTESIAN_POINT('',(0.0005,0.00578322085897671,0.0194961249940024));
#10845=CARTESIAN_POINT('',(0.0005,0.00468722786400614,0.0198485558546687));
#10846=CARTESIAN_POINT('',(0.0005,0.00421597839784472,0.0199286036003339));
#10847=CARTESIAN_POINT('',(0.0005,0.00375940044711791,0.0199681123507472));
#10848=CARTESIAN_POINT('',(-0.0015,0.00367354784865896,0.0189720956628805));
#10849=CARTESIAN_POINT('',(-0.0015,0.00407189112890171,0.0189377288778081));
#10850=CARTESIAN_POINT('',(-0.0015,0.00447010155040613,0.0188688699279614));
#10851=CARTESIAN_POINT('',(-0.0015,0.00534913592902819,0.0185841464080952));
#10852=CARTESIAN_POINT('',(-0.0015,0.00581179796850122,0.0183154575672195));
#10853=CARTESIAN_POINT('',(-0.0015,0.00649564049482066,0.0175340632749815));
#10854=CARTESIAN_POINT('',(-0.0015,0.0067114209535465,0.0170432937296609));
#10855=CARTESIAN_POINT('',(-0.0015,0.00695754278218127,0.0160343102710646));
#10856=CARTESIAN_POINT('',(-0.0015,0.00699926660642312,0.0155198601484299));
#10857=CARTESIAN_POINT('',(-0.0015,0.007,0.015));
#10858=CARTESIAN_POINT('',(-0.0005,0.00375936515104128,0.0199681154049204));
#10859=CARTESIAN_POINT('',(-0.0005,0.00421595411098516,0.019928607725719));
#10860=CARTESIAN_POINT('',(-0.0005,0.00468721548315683,0.0198485598358925));
#10861=CARTESIAN_POINT('',(-0.0005,0.00578322085897672,0.0194961249940024));
#10862=CARTESIAN_POINT('',(-0.0005,0.00642596165118967,0.0191332872874811));
#10863=CARTESIAN_POINT('',(-0.0005,0.00738286558676594,0.0180375328196118));
#10864=CARTESIAN_POINT('',(-0.0005,0.007656831776455,0.0173883572226129));
#10865=CARTESIAN_POINT('',(-0.0005,0.00795441519695951,0.0161662539317288));
#10866=CARTESIAN_POINT('',(-0.0005,0.00799865907022185,0.0155779696196927));
#10867=CARTESIAN_POINT('',(-0.0005,0.008,0.015));
#10868=CARTESIAN_POINT('',(-0.0015,0.007,0.015));
#10869=CARTESIAN_POINT('',(-0.00116666666666667,0.00733333333333333,0.015));
#10870=CARTESIAN_POINT('',(-0.000833333333333333,0.00766666666666667,0.015));
#10871=CARTESIAN_POINT('',(-0.0005,0.008,0.015));
#10872=CARTESIAN_POINT('',(-0.0015,0.007,0.02));
#10873=CARTESIAN_POINT('',(-0.135904482300777,-0.107581702255774,-0.00354089270532131));
#10874=CARTESIAN_POINT('',(3.46944695195361E-18,0.0228,0.0016));
#10875=CARTESIAN_POINT('',(3.46944695195361E-18,0.0228,0.));
#10876=CARTESIAN_POINT('',(-0.022,0.0228,0.));
#10877=CARTESIAN_POINT('',(0.022,0.0228,0.));
#10878=CARTESIAN_POINT('',(-0.022,0.0228,0.0016));
#10879=CARTESIAN_POINT('',(-0.022,0.0228,0.0016));
#10880=CARTESIAN_POINT('',(3.46944695195361E-18,0.0228,0.0016));
#10881=CARTESIAN_POINT('',(0.022,0.0228,0.0016));
#10882=CARTESIAN_POINT('',(0.022,0.0228,0.0016));
#10883=CARTESIAN_POINT('',(-0.022,0.,0.0016));
#10884=CARTESIAN_POINT('',(-0.022,0.,0.));
#10885=CARTESIAN_POINT('',(-0.022,-0.0228,0.));
#10886=CARTESIAN_POINT('',(-0.022,-0.0228,0.0016));
#10887=CARTESIAN_POINT('',(-0.022,-0.0228,0.0016));
#10888=CARTESIAN_POINT('',(-0.022,0.,0.0016));
#10889=CARTESIAN_POINT('',(-6.93889390390723E-18,-0.0228,0.0016));
#10890=CARTESIAN_POINT('',(-6.93889390390723E-18,-0.0228,0.));
#10891=CARTESIAN_POINT('',(0.022,-0.0228,0.));
#10892=CARTESIAN_POINT('',(0.022,-0.0228,0.0016));
#10893=CARTESIAN_POINT('',(0.022,-0.0228,0.0016));
#10894=CARTESIAN_POINT('',(-6.93889390390723E-18,-0.0228,0.0016));
#10895=CARTESIAN_POINT('',(0.022,3.46944695195361E-18,0.0016));
#10896=CARTESIAN_POINT('',(0.022,3.46944695195361E-18,0.));
#10897=CARTESIAN_POINT('',(0.022,3.46944695195361E-18,0.0016));
#10898=CARTESIAN_POINT('',(-3.46944695195361E-18,3.46944695195361E-18,0.0016));
#10899=CARTESIAN_POINT('',(-0.01525,-0.01525,0.0016));
#10900=CARTESIAN_POINT('',(-0.01325,-0.01525,0.0016));
#10901=CARTESIAN_POINT('',(0.01525,-0.01525,0.0016));
#10902=CARTESIAN_POINT('',(0.01725,-0.01525,0.0016));
#10903=CARTESIAN_POINT('',(-0.01525,0.01525,0.0016));
#10904=CARTESIAN_POINT('',(-0.01325,0.01525,0.0016));
#10905=CARTESIAN_POINT('',(0.01525,0.01525,0.0016));
#10906=CARTESIAN_POINT('',(0.01725,0.01525,0.0016));
#10907=CARTESIAN_POINT('',(-3.46944695195361E-18,3.46944695195361E-18,0.));
#10908=CARTESIAN_POINT('',(-0.01525,0.01525,0.));
#10909=CARTESIAN_POINT('',(-0.01675,0.01525,0.));
#10910=CARTESIAN_POINT('',(0.01525,0.01525,0.));
#10911=CARTESIAN_POINT('',(0.01375,0.01525,0.));
#10912=CARTESIAN_POINT('',(0.01525,-0.01525,0.));
#10913=CARTESIAN_POINT('',(0.01375,-0.01525,0.));
#10914=CARTESIAN_POINT('',(-0.01525,-0.01525,0.));
#10915=CARTESIAN_POINT('',(-0.01675,-0.01525,0.));
#10916=CARTESIAN_POINT('',(-0.01525,-0.01525,0.0145));
#10917=CARTESIAN_POINT('',(-0.01525,-0.01525,0.0145));
#10918=CARTESIAN_POINT('',(-0.01325,-0.01525,0.0145));
#10919=CARTESIAN_POINT('',(0.01525,0.01525,0.0145));
#10920=CARTESIAN_POINT('',(0.01525,0.01525,0.0145));
#10921=CARTESIAN_POINT('',(0.01725,0.01525,0.0145));
#10922=CARTESIAN_POINT('',(-0.01525,0.01525,0.0145));
#10923=CARTESIAN_POINT('',(-0.01525,0.01525,0.0145));
#10924=CARTESIAN_POINT('',(-0.01325,0.01525,0.0145));
#10925=CARTESIAN_POINT('',(0.01525,-0.01525,0.0145));
#10926=CARTESIAN_POINT('',(0.01525,-0.01525,0.0145));
#10927=CARTESIAN_POINT('',(0.01725,-0.01525,0.0145));
#10928=CARTESIAN_POINT('',(3.46944695195361E-18,0.0208,0.0161));
#10929=CARTESIAN_POINT('',(3.46944695195361E-18,0.0208,0.0145));
#10930=CARTESIAN_POINT('',(-0.0197,0.0208,0.0145));
#10931=CARTESIAN_POINT('',(0.0197,0.0208,0.0145));
#10932=CARTESIAN_POINT('',(-0.0197,0.0208,0.0161));
#10933=CARTESIAN_POINT('',(-0.0197,0.0208,0.0161));
#10934=CARTESIAN_POINT('',(3.46944695195361E-18,0.0208,0.0161));
#10935=CARTESIAN_POINT('',(0.0197,0.0208,0.0161));
#10936=CARTESIAN_POINT('',(0.0197,0.0208,0.0161));
#10937=CARTESIAN_POINT('',(-0.0197,0.,0.0161));
#10938=CARTESIAN_POINT('',(-0.0197,0.,0.0145));
#10939=CARTESIAN_POINT('',(-0.0197,-0.0208,0.0145));
#10940=CARTESIAN_POINT('',(-0.0197,-0.0208,0.0161));
#10941=CARTESIAN_POINT('',(-0.0197,-0.0208,0.0161));
#10942=CARTESIAN_POINT('',(-0.0197,0.,0.0161));
#10943=CARTESIAN_POINT('',(-3.46944695195361E-18,-0.0208,0.0161));
#10944=CARTESIAN_POINT('',(-3.46944695195361E-18,-0.0208,0.0145));
#10945=CARTESIAN_POINT('',(0.0197,-0.0208,0.0145));
#10946=CARTESIAN_POINT('',(0.0197,-0.0208,0.0161));
#10947=CARTESIAN_POINT('',(0.0197,-0.0208,0.0161));
#10948=CARTESIAN_POINT('',(-3.46944695195361E-18,-0.0208,0.0161));
#10949=CARTESIAN_POINT('',(0.0197,0.,0.0161));
#10950=CARTESIAN_POINT('',(0.0197,0.,0.0145));
#10951=CARTESIAN_POINT('',(0.0197,0.,0.0161));
#10952=CARTESIAN_POINT('',(0.,0.,0.0161));
#10953=CARTESIAN_POINT('',(-0.01525,0.01525,0.0161));
#10954=CARTESIAN_POINT('',(-0.01375,0.01525,0.0161));
#10955=CARTESIAN_POINT('',(0.01525,0.01525,0.0161));
#10956=CARTESIAN_POINT('',(0.01675,0.01525,0.0161));
#10957=CARTESIAN_POINT('',(0.01525,-0.01525,0.0161));
#10958=CARTESIAN_POINT('',(0.01675,-0.01525,0.0161));
#10959=CARTESIAN_POINT('',(-0.01525,-0.01525,0.0161));
#10960=CARTESIAN_POINT('',(-0.01375,-0.01525,0.0161));
#10961=CARTESIAN_POINT('',(0.,0.,0.0145));
#10962=CARTESIAN_POINT('',(-0.01525,-0.01525,0.025));
#10963=CARTESIAN_POINT('',(0.01525,-0.01525,0.025));
#10964=CARTESIAN_POINT('',(0.01525,0.01525,0.025));
#10965=CARTESIAN_POINT('',(-0.01525,0.01525,0.025));
#10966=CARTESIAN_POINT('',(0.000186663659405894,0.00308050867170095,0.000459107294678688));
#10967=CARTESIAN_POINT('',(0.,9.18485099360515E-20,0.003));
#10968=CARTESIAN_POINT('',(0.,9.18485099360515E-20,0.003));
#10969=CARTESIAN_POINT('',(0.0015,9.18485099360515E-20,0.003));
#10970=CARTESIAN_POINT('',(0.,9.18485099360515E-20,0.));
#10971=CARTESIAN_POINT('',(0.0015,9.18485099360515E-20,0.));
#10972=CARTESIAN_POINT('',(0.,1.37772764904077E-19,0.003));
#10973=CARTESIAN_POINT('',(0.,1.37772764904077E-19,0.003));
#10974=CARTESIAN_POINT('',(0.00225,1.37772764904077E-19,0.003));
#10975=CARTESIAN_POINT('',(0.,1.37772764904077E-19,0.));
#10976=CARTESIAN_POINT('',(0.00225,1.37772764904077E-19,0.));
#10977=CARTESIAN_POINT('',(0.,0.,0.003));
#10978=CARTESIAN_POINT('',(0.,0.,0.));
#10979=CARTESIAN_POINT('',(-0.0429199380583923,0.0207581803894992,-0.00254089270532131));
#10980=CARTESIAN_POINT('',(-0.109247997943609,0.116319067443032,-0.018));
#10981=CARTESIAN_POINT('',(-0.109247997943609,0.116319067443032,0.));
#10982=CARTESIAN_POINT('',(-0.107597997943609,0.116319067443032,0.));
#10983=CARTESIAN_POINT('',(-0.109247997943609,0.116319067443032,0.005));
#10984=CARTESIAN_POINT('',(-0.107597997943609,0.116319067443032,0.005));
#10985=CARTESIAN_POINT('',(-0.0979342894446251,0.116319062910901,-0.018));
#10986=CARTESIAN_POINT('',(-0.0979342894446251,0.116319062910901,0.));
#10987=CARTESIAN_POINT('',(-0.0962842894446251,0.116319062910901,0.));
#10988=CARTESIAN_POINT('',(-0.0979342894446251,0.116319062910901,0.005));
#10989=CARTESIAN_POINT('',(-0.0962842894446251,0.116319062910901,0.005));
#10990=CARTESIAN_POINT('',(-0.0979342939767565,0.105005354411917,-0.018));
#10991=CARTESIAN_POINT('',(-0.0979342939767565,0.105005354411917,0.));
#10992=CARTESIAN_POINT('',(-0.0962842939767565,0.105005354411917,0.));
#10993=CARTESIAN_POINT('',(-0.0979342939767565,0.105005354411917,0.005));
#10994=CARTESIAN_POINT('',(-0.0962842939767565,0.105005354411917,0.005));
#10995=CARTESIAN_POINT('',(-0.10924800247574,0.105005358944049,-0.018));
#10996=CARTESIAN_POINT('',(-0.10924800247574,0.105005358944049,0.));
#10997=CARTESIAN_POINT('',(-0.10759800247574,0.105005358944049,0.));
#10998=CARTESIAN_POINT('',(-0.10924800247574,0.105005358944049,0.005));
#10999=CARTESIAN_POINT('',(-0.10759800247574,0.105005358944049,0.005));
#11000=CARTESIAN_POINT('',(-0.0106066017177982,0.0176776717177982,0.025));
#11001=CARTESIAN_POINT('',(-0.0106066017177982,0.0176776717177982,0.003));
#11002=CARTESIAN_POINT('',(-0.0089566017177982,0.0176776717177982,0.003));
#11003=CARTESIAN_POINT('',(-0.0106066017177982,0.0176776717177982,-0.0005));
#11004=CARTESIAN_POINT('',(-0.0122566017177982,0.0176776717177982,-0.0005));
#11005=CARTESIAN_POINT('',(-0.00530330085889911,0.0123743708588991,0.025));
#11006=CARTESIAN_POINT('',(-0.00530330085889911,0.0123743708588991,0.003));
#11007=CARTESIAN_POINT('',(-0.00365330085889911,0.0123743708588991,0.003));
#11008=CARTESIAN_POINT('',(-0.00530330085889911,0.0123743708588991,-0.0005));
#11009=CARTESIAN_POINT('',(-0.00695330085889911,0.0123743708588991,-0.0005));
#11010=CARTESIAN_POINT('',(-0.0494974746830583,0.0494974746830583,0.007));
#11011=CARTESIAN_POINT('',(-0.0494974746830583,0.0494974746830583,0.003));
#11012=CARTESIAN_POINT('',(0.,-1.7347234759768E-18,0.003));
#11013=CARTESIAN_POINT('',(-0.0160513239329346,0.0160513239329346,0.003));
#11014=CARTESIAN_POINT('',(-0.0160513239329346,0.0160513239329346,0.003));
#11015=CARTESIAN_POINT('',(-0.0160513239329346,0.0160513239329346,0.007));
#11016=CARTESIAN_POINT('',(-0.0494974746830583,0.0494974746830583,0.007));
#11017=CARTESIAN_POINT('',(-0.0989949493661167,0.0989949493661166,0.007));
#11018=CARTESIAN_POINT('',(-0.0989949493661167,0.0989949493661166,0.007));
#11019=CARTESIAN_POINT('',(-0.0989949493661167,0.0989949493661166,0.));
#11020=CARTESIAN_POINT('',(-0.0494974746830583,0.0494974746830583,0.));
#11021=CARTESIAN_POINT('',(0.,-1.7347234759768E-18,0.));
#11022=CARTESIAN_POINT('',(0.,-1.7347234759768E-18,0.007));
#11023=CARTESIAN_POINT('',(0.,0.00707107,0.007));
#11024=CARTESIAN_POINT('',(0.,0.00707107,0.003));
#11025=CARTESIAN_POINT('',(0.,0.01414214,0.003));
#11026=CARTESIAN_POINT('',(0.,0.00707107,0.));
#11027=CARTESIAN_POINT('',(0.,0.01414214,0.));
#11028=CARTESIAN_POINT('',(0.,0.01414214,0.007));
#11029=CARTESIAN_POINT('',(-0.0575455729800914,0.0610811054637375,0.007));
#11030=CARTESIAN_POINT('',(-0.0979342894446251,0.116319062910901,0.007));
#11031=CARTESIAN_POINT('',(-0.0949342894446251,0.116319062910901,0.007));
#11032=CARTESIAN_POINT('',(-0.0979342939767565,0.105005354411917,0.007));
#11033=CARTESIAN_POINT('',(-0.0949342939767565,0.105005354411917,0.007));
#11034=CARTESIAN_POINT('',(-0.10924800247574,0.105005358944049,0.007));
#11035=CARTESIAN_POINT('',(-0.10624800247574,0.105005358944049,0.007));
#11036=CARTESIAN_POINT('',(-0.109247997943609,0.116319067443032,0.007));
#11037=CARTESIAN_POINT('',(-0.106247997943609,0.116319067443032,0.007));
#11038=CARTESIAN_POINT('',(-0.103591145960183,0.110662210927475,0.007));
#11039=CARTESIAN_POINT('',(-0.101416145960183,0.110662210927475,0.007));
#11040=CARTESIAN_POINT('',(-0.0160513239329346,0.0193513239329346,0.007));
#11041=CARTESIAN_POINT('',(-0.0160513239329346,0.0226513239329347,0.007));
#11042=CARTESIAN_POINT('',(-0.0122683026535866,0.0226393726535866,0.007));
#11043=CARTESIAN_POINT('',(-0.00848528137423858,0.0226274213742385,0.007));
#11044=CARTESIAN_POINT('',(-0.0459619407771256,0.0601040807771256,0.007));
#11045=CARTESIAN_POINT('',(-0.0919238815542512,0.106066021554251,0.007));
#11046=CARTESIAN_POINT('',(-0.0923282913063591,0.106470431056071,0.007));
#11047=CARTESIAN_POINT('',(-0.0927327010584671,0.106874840557891,0.007));
#11048=CARTESIAN_POINT('',(-0.103591145960183,0.110662210927475,0.007));
#11049=CARTESIAN_POINT('',(-0.0998037688703326,0.0998037683697561,0.007));
#11050=CARTESIAN_POINT('',(-0.0993993591182246,0.0993993588679364,0.007));
#11051=CARTESIAN_POINT('',(-0.0459619407771256,0.0601040807771256,0.007));
#11052=CARTESIAN_POINT('',(-0.0459619407771256,0.0601040807771256,0.003));
#11053=CARTESIAN_POINT('',(-0.00848528137423859,0.0226274213742385,0.003));
#11054=CARTESIAN_POINT('',(-0.0459619407771256,0.0601040807771256,0.));
#11055=CARTESIAN_POINT('',(-0.0919238815542512,0.106066021554251,0.));
#11056=CARTESIAN_POINT('',(-0.0919238815542512,0.106066021554251,0.007));
#11057=CARTESIAN_POINT('',(-0.00848528137423859,0.0226274213742385,0.003));
#11058=CARTESIAN_POINT('',(-0.0923282913063591,0.106470431056071,0.007));
#11059=CARTESIAN_POINT('',(-0.0923282913063591,0.106470431056071,0.));
#11060=CARTESIAN_POINT('',(-0.0927327010584671,0.106874840557891,0.));
#11061=CARTESIAN_POINT('',(-0.0927327010584671,0.106874840557891,0.007));
#11062=CARTESIAN_POINT('',(-0.103591145960183,0.110662210927475,0.007));
#11063=CARTESIAN_POINT('',(-0.103591145960183,0.110662210927475,0.));
#11064=CARTESIAN_POINT('',(-0.0998037688703326,0.0998037683697561,0.));
#11065=CARTESIAN_POINT('',(-0.0998037688703326,0.0998037683697561,0.007));
#11066=CARTESIAN_POINT('',(-0.0993993591182246,0.0993993588679364,0.007));
#11067=CARTESIAN_POINT('',(-0.0993993591182246,0.0993993588679364,0.));
#11068=CARTESIAN_POINT('',(-0.0575455729800914,0.0610811054637375,0.));
#11069=CARTESIAN_POINT('',(-0.00530330085889911,0.0123743708588991,0.));
#11070=CARTESIAN_POINT('',(-0.00830330085889911,0.0123743708588991,0.));
#11071=CARTESIAN_POINT('',(-0.0106066017177982,0.0176776717177982,0.));
#11072=CARTESIAN_POINT('',(-0.0136066017177982,0.0176776717177982,0.));
#11073=CARTESIAN_POINT('',(-0.0160513239329346,0.0193513239329346,0.003));
#11074=CARTESIAN_POINT('',(-0.0160513239329346,0.0193513239329346,0.003));
#11075=CARTESIAN_POINT('',(-0.0160513239329346,0.0226513239329347,0.003));
#11076=CARTESIAN_POINT('',(-0.0160513239329346,0.0226513239329347,0.003));
#11077=CARTESIAN_POINT('',(-0.0122683026535866,0.0226393726535866,0.003));
#11078=CARTESIAN_POINT('',(-0.0122683026535866,0.0226393726535866,0.003));
#11079=CARTESIAN_POINT('',(-0.0575455729800914,0.0610811054637375,0.003));
#11080=CARTESIAN_POINT('',(-0.103591145960183,0.110662210927475,0.0009));
#11081=CARTESIAN_POINT('',(-0.103591145960183,0.110662210927475,0.0009));
#11082=CARTESIAN_POINT('',(-0.101416145960183,0.110662210927475,0.0009));
#11083=CARTESIAN_POINT('',(-0.0617882136672107,0.0691067674302048,0.0009));
#11084=CARTESIAN_POINT('',(-0.0106066017177982,0.0176776717177982,-0.0005));
#11085=CARTESIAN_POINT('',(-0.0106066017177982,0.0176776717177982,-0.0005));
#11086=CARTESIAN_POINT('',(-0.0136066017177982,0.0176776717177982,-0.0005));
#11087=CARTESIAN_POINT('',(-0.0575455729800914,0.0610811054637375,-0.0005));
#11088=CARTESIAN_POINT('',(-0.00530330085889911,0.0123743708588991,-0.0005));
#11089=CARTESIAN_POINT('',(-0.00530330085889911,0.0123743708588991,-0.0005));
#11090=CARTESIAN_POINT('',(-0.00830330085889911,0.0123743708588991,-0.0005));
#11091=CARTESIAN_POINT('',(-0.0575455729800914,0.0610811054637375,-0.0005));
#11092=CARTESIAN_POINT('',(-0.0617882136672107,0.0691067674302048,0.005));
#11093=CARTESIAN_POINT('',(-0.10924800247574,0.105005358944049,0.005));
#11094=CARTESIAN_POINT('',(-0.10624800247574,0.105005358944049,0.005));
#11095=CARTESIAN_POINT('',(-0.10924800247574,0.105005358944049,0.005));
#11096=CARTESIAN_POINT('',(-0.0617882136672107,0.0691067674302048,0.005));
#11097=CARTESIAN_POINT('',(-0.0979342939767565,0.105005354411917,0.005));
#11098=CARTESIAN_POINT('',(-0.0949342939767565,0.105005354411917,0.005));
#11099=CARTESIAN_POINT('',(-0.0979342939767565,0.105005354411917,0.005));
#11100=CARTESIAN_POINT('',(-0.0617882136672107,0.0691067674302048,0.005));
#11101=CARTESIAN_POINT('',(-0.0979342894446251,0.116319062910901,0.005));
#11102=CARTESIAN_POINT('',(-0.0949342894446251,0.116319062910901,0.005));
#11103=CARTESIAN_POINT('',(-0.0979342894446251,0.116319062910901,0.005));
#11104=CARTESIAN_POINT('',(-0.0617882136672107,0.0691067674302048,0.005));
#11105=CARTESIAN_POINT('',(-0.109247997943609,0.116319067443032,0.005));
#11106=CARTESIAN_POINT('',(-0.106247997943609,0.116319067443032,0.005));
#11107=CARTESIAN_POINT('',(-0.109247997943609,0.116319067443032,0.005));
#11108=CARTESIAN_POINT('',(0.0326866636594058,0.00308050867170097,0.00345910729467869));
#11109=CARTESIAN_POINT('',(0.037989964518305,0.0154548795306001,-0.00254089270532131));
#11110=CARTESIAN_POINT('',(-0.135904482300777,0.113742719599176,-0.00354089270532131));
#11111=CARTESIAN_POINT('',(-0.0323133363405941,0.00308050867170095,-0.00354089270532131));
#11112=CARTESIAN_POINT('',(0.,1.65327317884892E-19,0.0028));
#11113=CARTESIAN_POINT('',(0.,1.65327317884892E-19,0.0028));
#11114=CARTESIAN_POINT('',(0.0027,1.65327317884892E-19,0.0028));
#11115=CARTESIAN_POINT('',(0.,1.65327317884892E-19,0.));
#11116=CARTESIAN_POINT('',(0.0027,1.65327317884892E-19,0.));
#11117=CARTESIAN_POINT('',(0.,0.,0.0028));
#11118=CARTESIAN_POINT('',(0.,9.18485099360515E-20,0.0028));
#11119=CARTESIAN_POINT('',(0.0015,9.18485099360515E-20,0.0028));
#11120=CARTESIAN_POINT('',(0.,0.,0.));
#11121=CARTESIAN_POINT('',(0.,9.18485099360515E-20,0.0088));
#11122=CARTESIAN_POINT('',(0.,9.18485099360515E-20,0.0088));
#11123=CARTESIAN_POINT('',(0.0015,9.18485099360515E-20,0.0088));
#11124=CARTESIAN_POINT('',(0.,0.,0.0088));
#11125=CARTESIAN_POINT('',(0.037989964518305,-0.00929386218719817,0.00675910729467869));
#11126=CARTESIAN_POINT('',(0.00195,-0.00337749907475931,0.0038));
#11127=CARTESIAN_POINT('',(0.00195,-0.00337749907475931,0.));
#11128=CARTESIAN_POINT('',(1.3010426069826E-18,-0.00450333209967908,0.));
#11129=CARTESIAN_POINT('',(0.0039,-0.00225166604983954,0.));
#11130=CARTESIAN_POINT('',(0.0039,-0.00225166604983954,0.0038));
#11131=CARTESIAN_POINT('',(0.0039,-0.00225166604983954,0.0038));
#11132=CARTESIAN_POINT('',(0.00195,-0.00337749907475931,0.0038));
#11133=CARTESIAN_POINT('',(1.3010426069826E-18,-0.00450333209967908,0.0038));
#11134=CARTESIAN_POINT('',(1.3010426069826E-18,-0.00450333209967908,0.0038));
#11135=CARTESIAN_POINT('',(0.0039,0.,0.0038));
#11136=CARTESIAN_POINT('',(0.0039,0.,0.));
#11137=CARTESIAN_POINT('',(0.0039,0.00225166604983954,0.));
#11138=CARTESIAN_POINT('',(0.0039,0.00225166604983954,0.0038));
#11139=CARTESIAN_POINT('',(0.0039,0.00225166604983954,0.0038));
#11140=CARTESIAN_POINT('',(0.0039,0.,0.0038));
#11141=CARTESIAN_POINT('',(0.00195,0.00337749907475931,0.0038));
#11142=CARTESIAN_POINT('',(0.00195,0.00337749907475931,0.));
#11143=CARTESIAN_POINT('',(8.67361737988404E-19,0.00450333209967908,0.));
#11144=CARTESIAN_POINT('',(8.67361737988404E-19,0.00450333209967908,0.0038));
#11145=CARTESIAN_POINT('',(8.67361737988404E-19,0.00450333209967908,0.0038));
#11146=CARTESIAN_POINT('',(0.00195,0.00337749907475931,0.0038));
#11147=CARTESIAN_POINT('',(-0.00195,0.00337749907475931,0.0038));
#11148=CARTESIAN_POINT('',(-0.00195,0.00337749907475931,0.));
#11149=CARTESIAN_POINT('',(-0.0039,0.00225166604983954,0.));
#11150=CARTESIAN_POINT('',(-0.0039,0.00225166604983954,0.0038));
#11151=CARTESIAN_POINT('',(-0.0039,0.00225166604983954,0.0038));
#11152=CARTESIAN_POINT('',(-0.00195,0.00337749907475931,0.0038));
#11153=CARTESIAN_POINT('',(-0.0039,4.33680868994202E-19,0.0038));
#11154=CARTESIAN_POINT('',(-0.0039,4.33680868994202E-19,0.));
#11155=CARTESIAN_POINT('',(-0.0039,-0.00225166604983954,0.));
#11156=CARTESIAN_POINT('',(-0.0039,-0.00225166604983954,0.0038));
#11157=CARTESIAN_POINT('',(-0.0039,-0.00225166604983954,0.0038));
#11158=CARTESIAN_POINT('',(-0.0039,4.33680868994202E-19,0.0038));
#11159=CARTESIAN_POINT('',(0.,1.53080849893419E-19,0.0038));
#11160=CARTESIAN_POINT('',(0.,1.53080849893419E-19,0.0038));
#11161=CARTESIAN_POINT('',(0.0025,1.53080849893419E-19,0.0038));
#11162=CARTESIAN_POINT('',(0.,1.53080849893419E-19,-0.001));
#11163=CARTESIAN_POINT('',(0.0025,1.53080849893419E-19,-0.001));
#11164=CARTESIAN_POINT('',(-0.00195,-0.00337749907475931,0.0038));
#11165=CARTESIAN_POINT('',(-0.00195,-0.00337749907475931,0.));
#11166=CARTESIAN_POINT('',(-0.00195,-0.00337749907475931,0.0038));
#11167=CARTESIAN_POINT('',(0.,0.,0.0038));
#11168=CARTESIAN_POINT('',(0.,-3.36777869765522E-19,-0.001));
#11169=CARTESIAN_POINT('',(0.,-3.36777869765522E-19,-0.001));
#11170=CARTESIAN_POINT('',(-0.0055,-3.36777869765522E-19,-0.001));
#11171=CARTESIAN_POINT('',(0.,-3.36777869765522E-19,0.));
#11172=CARTESIAN_POINT('',(-0.0055,-3.36777869765522E-19,0.));
#11173=CARTESIAN_POINT('',(0.,0.,-0.001));
#11174=CARTESIAN_POINT('',(0.,0.,0.));
#11175=CARTESIAN_POINT('',(-0.135904480034711,-0.107581704521839,0.0305591072946787));
#11176=CARTESIAN_POINT('',(-0.0005,-0.041,0.014));
#11177=CARTESIAN_POINT('',(-0.0251,-0.034125,0.014));
#11178=CARTESIAN_POINT('',(-0.0251,-0.02775,0.014));
#11179=CARTESIAN_POINT('',(-0.0251,-0.03,0.014));
#11180=CARTESIAN_POINT('',(3.46944695195361E-18,-0.02775,0.014));
#11181=CARTESIAN_POINT('',(-0.023,-0.02775,0.014));
#11182=CARTESIAN_POINT('',(-0.023,-0.0275,0.014));
#11183=CARTESIAN_POINT('',(-0.023,-0.027,0.014));
#11184=CARTESIAN_POINT('',(-0.0245,-0.027,0.014));
#11185=CARTESIAN_POINT('',(-0.026,-0.027,0.014));
#11186=CARTESIAN_POINT('',(-0.026,-0.0285,0.014));
#11187=CARTESIAN_POINT('',(-0.026,-0.03,0.014));
#11188=CARTESIAN_POINT('',(-0.0255,-0.03,0.014));
#11189=CARTESIAN_POINT('',(-0.01525,0.01525,-0.021));
#11190=CARTESIAN_POINT('',(-0.01525,0.01525,0.004));
#11191=CARTESIAN_POINT('',(-0.0136,0.01525,0.004));
#11192=CARTESIAN_POINT('',(-0.01525,0.01525,0.003));
#11193=CARTESIAN_POINT('',(-0.0136,0.01525,0.003));
#11194=CARTESIAN_POINT('',(0.01525,0.01525,-0.021));
#11195=CARTESIAN_POINT('',(0.01525,0.01525,0.004));
#11196=CARTESIAN_POINT('',(0.0169,0.01525,0.004));
#11197=CARTESIAN_POINT('',(0.01525,0.01525,0.003));
#11198=CARTESIAN_POINT('',(0.0169,0.01525,0.003));
#11199=CARTESIAN_POINT('',(0.01525,-0.01525,-0.021));
#11200=CARTESIAN_POINT('',(0.01525,-0.01525,0.004));
#11201=CARTESIAN_POINT('',(0.0169,-0.01525,0.004));
#11202=CARTESIAN_POINT('',(0.01525,-0.01525,0.003));
#11203=CARTESIAN_POINT('',(0.0169,-0.01525,0.003));
#11204=CARTESIAN_POINT('',(-0.01525,-0.01525,-0.021));
#11205=CARTESIAN_POINT('',(-0.01525,-0.01525,0.004));
#11206=CARTESIAN_POINT('',(-0.0136,-0.01525,0.004));
#11207=CARTESIAN_POINT('',(-0.01525,-0.01525,0.003));
#11208=CARTESIAN_POINT('',(-0.0136,-0.01525,0.003));
#11209=CARTESIAN_POINT('',(0.0431066017177982,0.0176776717177983,-0.021));
#11210=CARTESIAN_POINT('',(0.0431066017177982,0.0176776717177983,0.004));
#11211=CARTESIAN_POINT('',(0.0452816017177982,0.0176776717177983,0.004));
#11212=CARTESIAN_POINT('',(0.0431066017177982,0.0176776717177983,0.001));
#11213=CARTESIAN_POINT('',(0.0409316017177982,0.0176776717177983,0.001));
#11214=CARTESIAN_POINT('',(0.0378033008588991,0.0123743708588991,-0.021));
#11215=CARTESIAN_POINT('',(0.0378033008588991,0.0123743708588991,0.004));
#11216=CARTESIAN_POINT('',(0.0399783008588991,0.0123743708588991,0.004));
#11217=CARTESIAN_POINT('',(0.0378033008588991,0.0123743708588991,0.001));
#11218=CARTESIAN_POINT('',(0.0356283008588991,0.0123743708588991,0.001));
#11219=CARTESIAN_POINT('',(0.0431066017177982,-0.0176776717177982,-0.021));
#11220=CARTESIAN_POINT('',(0.0431066017177982,-0.0176776717177982,0.004));
#11221=CARTESIAN_POINT('',(0.0452816017177982,-0.0176776717177982,0.004));
#11222=CARTESIAN_POINT('',(0.0431066017177982,-0.0176776717177982,0.001));
#11223=CARTESIAN_POINT('',(0.0409316017177982,-0.0176776717177982,0.001));
#11224=CARTESIAN_POINT('',(0.0378033008588991,-0.0123743708588991,-0.021));
#11225=CARTESIAN_POINT('',(0.0378033008588991,-0.0123743708588991,0.004));
#11226=CARTESIAN_POINT('',(0.0399783008588991,-0.0123743708588991,0.004));
#11227=CARTESIAN_POINT('',(0.0378033008588991,-0.0123743708588991,0.001));
#11228=CARTESIAN_POINT('',(0.0356283008588991,-0.0123743708588991,0.001));
#11229=CARTESIAN_POINT('',(-0.0378033008588991,0.0123743708588991,-0.021));
#11230=CARTESIAN_POINT('',(-0.0378033008588991,0.0123743708588991,0.004));
#11231=CARTESIAN_POINT('',(-0.0356283008588991,0.0123743708588991,0.004));
#11232=CARTESIAN_POINT('',(-0.0378033008588991,0.0123743708588991,0.001));
#11233=CARTESIAN_POINT('',(-0.0399783008588991,0.0123743708588991,0.001));
#11234=CARTESIAN_POINT('',(-0.0431066017177982,0.0176776717177982,-0.021));
#11235=CARTESIAN_POINT('',(-0.0431066017177982,0.0176776717177982,0.004));
#11236=CARTESIAN_POINT('',(-0.0409316017177982,0.0176776717177982,0.004));
#11237=CARTESIAN_POINT('',(-0.0431066017177982,0.0176776717177982,0.001));
#11238=CARTESIAN_POINT('',(-0.0452816017177982,0.0176776717177982,0.001));
#11239=CARTESIAN_POINT('',(-0.0378033008588991,-0.0123743708588991,-0.021));
#11240=CARTESIAN_POINT('',(-0.0378033008588991,-0.0123743708588991,0.004));
#11241=CARTESIAN_POINT('',(-0.0356283008588991,-0.0123743708588991,0.004));
#11242=CARTESIAN_POINT('',(-0.0378033008588991,-0.0123743708588991,0.001));
#11243=CARTESIAN_POINT('',(-0.0399783008588991,-0.0123743708588991,0.001));
#11244=CARTESIAN_POINT('',(-0.0431066017177982,-0.0176776717177982,-0.021));
#11245=CARTESIAN_POINT('',(-0.0431066017177982,-0.0176776717177982,0.004));
#11246=CARTESIAN_POINT('',(-0.0409316017177982,-0.0176776717177982,0.004));
#11247=CARTESIAN_POINT('',(-0.0431066017177982,-0.0176776717177982,0.001));
#11248=CARTESIAN_POINT('',(-0.0452816017177982,-0.0176776717177982,0.001));
#11249=CARTESIAN_POINT('',(0.0485,1.7347234759768E-17,0.));
#11250=CARTESIAN_POINT('',(0.0485,0.016,-0.021));
#11251=CARTESIAN_POINT('',(0.0485,0.016,0.));
#11252=CARTESIAN_POINT('',(0.0485,0.016,0.004));
#11253=CARTESIAN_POINT('',(0.0485,1.7347234759768E-17,0.));
#11254=CARTESIAN_POINT('',(0.0485,0.0225,0.));
#11255=CARTESIAN_POINT('',(0.0485,0.0225,0.));
#11256=CARTESIAN_POINT('',(0.0485,0.0225,0.004));
#11257=CARTESIAN_POINT('',(0.0485,1.7347234759768E-17,0.004));
#11258=CARTESIAN_POINT('',(0.,0.,0.004));
#11259=CARTESIAN_POINT('',(1.7347234759768E-18,0.0564,0.004));
#11260=CARTESIAN_POINT('',(-0.014,0.0564,0.004));
#11261=CARTESIAN_POINT('',(0.014,0.0564,0.004));
#11262=CARTESIAN_POINT('',(0.014,0.0424,0.004));
#11263=CARTESIAN_POINT('',(0.014,0.0284,0.004));
#11264=CARTESIAN_POINT('',(-5.20417042793042E-18,0.0284,0.004));
#11265=CARTESIAN_POINT('',(-0.014,0.0284,0.004));
#11266=CARTESIAN_POINT('',(-0.014,0.0424,0.004));
#11267=CARTESIAN_POINT('',(0.02975,0.031875,0.004));
#11268=CARTESIAN_POINT('',(0.0314,0.031875,0.004));
#11269=CARTESIAN_POINT('',(-0.02975,0.,0.004));
#11270=CARTESIAN_POINT('',(-0.0281,0.,0.004));
#11271=CARTESIAN_POINT('',(-0.02975,-0.031875,0.004));
#11272=CARTESIAN_POINT('',(-0.0281,-0.031875,0.004));
#11273=CARTESIAN_POINT('',(0.02975,-0.031875,0.004));
#11274=CARTESIAN_POINT('',(0.0314,-0.031875,0.004));
#11275=CARTESIAN_POINT('',(0.02975,2.94902990916057E-17,0.004));
#11276=CARTESIAN_POINT('',(0.0314,2.94902990916057E-17,0.004));
#11277=CARTESIAN_POINT('',(-0.02975,0.031875,0.004));
#11278=CARTESIAN_POINT('',(-0.0281,0.031875,0.004));
#11279=CARTESIAN_POINT('',(-1.21655198456631E-50,-0.055,0.004));
#11280=CARTESIAN_POINT('',(-0.003,-0.055,0.004));
#11281=CARTESIAN_POINT('',(0.003,-0.055,0.004));
#11282=CARTESIAN_POINT('',(-0.003,-0.054,0.004));
#11283=CARTESIAN_POINT('',(-0.003,-0.053,0.004));
#11284=CARTESIAN_POINT('',(0.0015,-0.053,0.004));
#11285=CARTESIAN_POINT('',(0.003,-0.053,0.004));
#11286=CARTESIAN_POINT('',(0.003,-0.054,0.004));
#11287=CARTESIAN_POINT('',(-1.21655198456631E-50,-0.055,0.004));
#11288=CARTESIAN_POINT('',(0.023,-0.055,0.004));
#11289=CARTESIAN_POINT('',(0.027,-0.055,0.004));
#11290=CARTESIAN_POINT('',(0.023,6.93889390390723E-18,0.004));
#11291=CARTESIAN_POINT('',(0.023,-0.051,0.004));
#11292=CARTESIAN_POINT('',(-0.0813,-0.051,0.004));
#11293=CARTESIAN_POINT('',(0.027,-0.051,0.004));
#11294=CARTESIAN_POINT('',(0.027,-0.0405,0.004));
#11295=CARTESIAN_POINT('',(-0.0813,-0.03,0.004));
#11296=CARTESIAN_POINT('',(0.023,-0.03,0.004));
#11297=CARTESIAN_POINT('',(0.027,-0.03,0.004));
#11298=CARTESIAN_POINT('',(0.023,6.93889390390723E-18,0.004));
#11299=CARTESIAN_POINT('',(0.023,-0.026,0.004));
#11300=CARTESIAN_POINT('',(-0.0135,-0.026,0.004));
#11301=CARTESIAN_POINT('',(0.027,-0.026,0.004));
#11302=CARTESIAN_POINT('',(0.027,-0.0405,0.004));
#11303=CARTESIAN_POINT('',(-0.023,6.93889390390723E-18,0.004));
#11304=CARTESIAN_POINT('',(-0.023,-0.026,0.004));
#11305=CARTESIAN_POINT('',(-0.023,-0.03,0.004));
#11306=CARTESIAN_POINT('',(-0.0813,-0.03,0.004));
#11307=CARTESIAN_POINT('',(-0.027,-0.03,0.004));
#11308=CARTESIAN_POINT('',(-0.027,-0.0405,0.004));
#11309=CARTESIAN_POINT('',(-0.027,-0.026,0.004));
#11310=CARTESIAN_POINT('',(-0.0135,-0.026,0.004));
#11311=CARTESIAN_POINT('',(-0.023,6.93889390390723E-18,0.004));
#11312=CARTESIAN_POINT('',(-0.023,-0.051,0.004));
#11313=CARTESIAN_POINT('',(-0.023,-0.055,0.004));
#11314=CARTESIAN_POINT('',(-1.21655198456631E-50,-0.055,0.004));
#11315=CARTESIAN_POINT('',(-0.027,-0.055,0.004));
#11316=CARTESIAN_POINT('',(-0.027,-0.0405,0.004));
#11317=CARTESIAN_POINT('',(-0.027,-0.051,0.004));
#11318=CARTESIAN_POINT('',(-0.0813,-0.051,0.004));
#11319=CARTESIAN_POINT('',(-0.0015,-0.026,0.004));
#11320=CARTESIAN_POINT('',(0.003,-0.026,0.004));
#11321=CARTESIAN_POINT('',(-0.003,-0.026,0.004));
#11322=CARTESIAN_POINT('',(0.003,-0.027,0.004));
#11323=CARTESIAN_POINT('',(0.003,-0.028,0.004));
#11324=CARTESIAN_POINT('',(-0.0015,-0.028,0.004));
#11325=CARTESIAN_POINT('',(-0.003,-0.028,0.004));
#11326=CARTESIAN_POINT('',(-0.003,-0.027,0.004));
#11327=CARTESIAN_POINT('',(0.0433856988972264,-0.0108856988972265,0.004));
#11328=CARTESIAN_POINT('',(0.0325,2.94902990916057E-17,0.004));
#11329=CARTESIAN_POINT('',(0.0485,-0.016,0.004));
#11330=CARTESIAN_POINT('',(0.042192321281674,0.00969232128167405,0.004));
#11331=CARTESIAN_POINT('',(0.0405,0.0225,0.004));
#11332=CARTESIAN_POINT('',(0.04085786,0.0225,0.004));
#11333=CARTESIAN_POINT('',(0.0407864575667497,0.0224285975667497,0.004));
#11334=CARTESIAN_POINT('',(0.0325,0.01414214,0.004));
#11335=CARTESIAN_POINT('',(0.0325,-6.93889390390723E-18,0.004));
#11336=CARTESIAN_POINT('',(0.0325,0.062,0.004));
#11337=CARTESIAN_POINT('',(0.,0.062,0.004));
#11338=CARTESIAN_POINT('',(-0.0325,0.062,0.004));
#11339=CARTESIAN_POINT('',(-0.0325,-6.93889390390723E-18,0.004));
#11340=CARTESIAN_POINT('',(-0.0325,0.01414214,0.004));
#11341=CARTESIAN_POINT('',(-0.0409329610624751,0.0225751010624751,0.004));
#11342=CARTESIAN_POINT('',(-0.04085786,0.0225,0.004));
#11343=CARTESIAN_POINT('',(-0.0425,0.0225,0.004));
#11344=CARTESIAN_POINT('',(-0.0485,0.0225,0.004));
#11345=CARTESIAN_POINT('',(-0.0485,0.01,0.004));
#11346=CARTESIAN_POINT('',(-0.0485,0.016,0.004));
#11347=CARTESIAN_POINT('',(-0.0406101748538777,0.00811017485387772,0.004));
#11348=CARTESIAN_POINT('',(-0.0325,0.,0.004));
#11349=CARTESIAN_POINT('',(-0.04375,-0.01125,0.004));
#11350=CARTESIAN_POINT('',(-0.0485,-0.016,0.004));
#11351=CARTESIAN_POINT('',(-0.0485,0.01,0.004));
#11352=CARTESIAN_POINT('',(-0.0485,-0.0225,0.004));
#11353=CARTESIAN_POINT('',(-0.0425,-0.0225,0.004));
#11354=CARTESIAN_POINT('',(-0.04085786,-0.0225,0.004));
#11355=CARTESIAN_POINT('',(-0.0410381519281912,-0.0226802919281912,0.004));
#11356=CARTESIAN_POINT('',(-0.0325,-0.01414214,0.004));
#11357=CARTESIAN_POINT('',(-0.0325,-6.93889390390723E-18,0.004));
#11358=CARTESIAN_POINT('',(-0.0325,-0.062,0.004));
#11359=CARTESIAN_POINT('',(7.47265497343856E-19,-0.062,0.004));
#11360=CARTESIAN_POINT('',(0.0325,-0.062,0.004));
#11361=CARTESIAN_POINT('',(0.0325,-6.93889390390723E-18,0.004));
#11362=CARTESIAN_POINT('',(0.0325,-0.01414214,0.004));
#11363=CARTESIAN_POINT('',(0.039366000717443,-0.0210081407174431,0.004));
#11364=CARTESIAN_POINT('',(0.04085786,-0.0225,0.004));
#11365=CARTESIAN_POINT('',(0.0405,-0.0225,0.004));
#11366=CARTESIAN_POINT('',(0.0485,-0.0225,0.004));
#11367=CARTESIAN_POINT('',(0.0485,1.7347234759768E-17,0.004));
#11368=CARTESIAN_POINT('',(0.,0.,0.));
#11369=CARTESIAN_POINT('',(-0.01525,0.01525,0.));
#11370=CARTESIAN_POINT('',(-0.01825,0.01525,0.));
#11371=CARTESIAN_POINT('',(0.01525,0.01525,0.));
#11372=CARTESIAN_POINT('',(0.01225,0.01525,0.));
#11373=CARTESIAN_POINT('',(0.01525,-0.01525,0.));
#11374=CARTESIAN_POINT('',(0.01225,-0.01525,0.));
#11375=CARTESIAN_POINT('',(-0.01525,-0.01525,0.));
#11376=CARTESIAN_POINT('',(-0.01825,-0.01525,0.));
#11377=CARTESIAN_POINT('',(0.02975,0.031875,0.));
#11378=CARTESIAN_POINT('',(0.0314,0.031875,0.));
#11379=CARTESIAN_POINT('',(-0.02975,0.,0.));
#11380=CARTESIAN_POINT('',(-0.0281,0.,0.));
#11381=CARTESIAN_POINT('',(-0.02975,-0.031875,0.));
#11382=CARTESIAN_POINT('',(-0.0281,-0.031875,0.));
#11383=CARTESIAN_POINT('',(0.02975,-0.031875,0.));
#11384=CARTESIAN_POINT('',(0.0314,-0.031875,0.));
#11385=CARTESIAN_POINT('',(0.02975,2.94902990916057E-17,0.));
#11386=CARTESIAN_POINT('',(0.0314,2.94902990916057E-17,0.));
#11387=CARTESIAN_POINT('',(-0.02975,0.031875,0.));
#11388=CARTESIAN_POINT('',(-0.0281,0.031875,0.));
#11389=CARTESIAN_POINT('',(-0.003,0.,0.));
#11390=CARTESIAN_POINT('',(-0.003,-0.055,0.));
#11391=CARTESIAN_POINT('',(-0.003,-0.053,0.));
#11392=CARTESIAN_POINT('',(0.,-0.055,0.));
#11393=CARTESIAN_POINT('',(0.003,-0.055,0.));
#11394=CARTESIAN_POINT('',(0.003,6.505213034913E-19,0.));
#11395=CARTESIAN_POINT('',(0.003,-0.053,0.));
#11396=CARTESIAN_POINT('',(0.,-0.053,0.));
#11397=CARTESIAN_POINT('',(0.003,0.,0.));
#11398=CARTESIAN_POINT('',(0.003,-0.026,0.));
#11399=CARTESIAN_POINT('',(0.003,-0.028,0.));
#11400=CARTESIAN_POINT('',(0.,-0.026,0.));
#11401=CARTESIAN_POINT('',(-0.003,-0.026,0.));
#11402=CARTESIAN_POINT('',(-0.003,0.,0.));
#11403=CARTESIAN_POINT('',(-0.003,-0.028,0.));
#11404=CARTESIAN_POINT('',(0.,-0.028,0.));
#11405=CARTESIAN_POINT('',(0.01625,-0.01625,0.));
#11406=CARTESIAN_POINT('',(0.0325,2.94902990916057E-17,0.));
#11407=CARTESIAN_POINT('',(0.01625,0.01625,0.));
#11408=CARTESIAN_POINT('',(0.0485,-0.016,0.));
#11409=CARTESIAN_POINT('',(0.0485,1.7347234759768E-17,0.));
#11410=CARTESIAN_POINT('',(0.0485,-0.0225,0.));
#11411=CARTESIAN_POINT('',(0.0405,-0.0225,0.));
#11412=CARTESIAN_POINT('',(0.04085786,-0.0225,0.));
#11413=CARTESIAN_POINT('',(0.00917893,0.00917893,0.));
#11414=CARTESIAN_POINT('',(0.0325,-0.01414214,0.));
#11415=CARTESIAN_POINT('',(0.0325,-6.93889390390723E-18,0.));
#11416=CARTESIAN_POINT('',(0.0325,-0.062,0.));
#11417=CARTESIAN_POINT('',(7.47265497343856E-19,-0.062,0.));
#11418=CARTESIAN_POINT('',(-0.0325,-0.062,0.));
#11419=CARTESIAN_POINT('',(-0.0325,-6.93889390390723E-18,0.));
#11420=CARTESIAN_POINT('',(-0.0325,-0.01414214,0.));
#11421=CARTESIAN_POINT('',(-0.00917893,0.00917893,0.));
#11422=CARTESIAN_POINT('',(-0.04085786,-0.0225,0.));
#11423=CARTESIAN_POINT('',(-0.0425,-0.0225,0.));
#11424=CARTESIAN_POINT('',(-0.0485,-0.0225,0.));
#11425=CARTESIAN_POINT('',(-0.0485,0.,0.));
#11426=CARTESIAN_POINT('',(-0.0485,-0.016,0.));
#11427=CARTESIAN_POINT('',(-0.01625,0.01625,0.));
#11428=CARTESIAN_POINT('',(-0.0325,0.,0.));
#11429=CARTESIAN_POINT('',(-0.01625,-0.01625,0.));
#11430=CARTESIAN_POINT('',(-0.0485,0.016,0.));
#11431=CARTESIAN_POINT('',(-0.0485,0.,0.));
#11432=CARTESIAN_POINT('',(-0.0485,0.0225,0.));
#11433=CARTESIAN_POINT('',(-0.0425,0.0225,0.));
#11434=CARTESIAN_POINT('',(-0.04085786,0.0225,0.));
#11435=CARTESIAN_POINT('',(-0.00917893,-0.00917893,0.));
#11436=CARTESIAN_POINT('',(-0.0325,0.01414214,0.));
#11437=CARTESIAN_POINT('',(-0.0325,-6.93889390390723E-18,0.));
#11438=CARTESIAN_POINT('',(-0.0325,0.062,0.));
#11439=CARTESIAN_POINT('',(0.,0.062,0.));
#11440=CARTESIAN_POINT('',(0.0325,0.062,0.));
#11441=CARTESIAN_POINT('',(0.0325,-6.93889390390723E-18,0.));
#11442=CARTESIAN_POINT('',(0.0325,0.01414214,0.));
#11443=CARTESIAN_POINT('',(0.00917893,-0.00917893,0.));
#11444=CARTESIAN_POINT('',(0.04085786,0.0225,0.));
#11445=CARTESIAN_POINT('',(0.0405,0.0225,0.));
#11446=CARTESIAN_POINT('',(0.0325,-6.93889390390723E-18,0.004));
#11447=CARTESIAN_POINT('',(0.0325,0.01414214,-0.021));
#11448=CARTESIAN_POINT('',(0.0325,0.062,0.004));
#11449=CARTESIAN_POINT('',(-0.0485,0.01,-0.021));
#11450=CARTESIAN_POINT('',(-0.0485,0.016,-0.021));
#11451=CARTESIAN_POINT('',(-0.0485,0.0225,-0.021));
#11452=CARTESIAN_POINT('',(-0.0325,-6.93889390390723E-18,0.004));
#11453=CARTESIAN_POINT('',(-0.0325,0.01414214,-0.021));
#11454=CARTESIAN_POINT('',(-0.0325,0.062,0.004));
#11455=CARTESIAN_POINT('',(0.,-0.055,0.004));
#11456=CARTESIAN_POINT('',(-0.027,-0.055,0.016));
#11457=CARTESIAN_POINT('',(-0.027,-0.055,0.016));
#11458=CARTESIAN_POINT('',(-0.023,-0.055,0.01));
#11459=CARTESIAN_POINT('',(-0.023,-0.055,0.016));
#11460=CARTESIAN_POINT('',(0.,-0.055,0.016));
#11461=CARTESIAN_POINT('',(0.,-0.055,0.004));
#11462=CARTESIAN_POINT('',(0.023,-0.055,0.01));
#11463=CARTESIAN_POINT('',(0.023,-0.055,0.016));
#11464=CARTESIAN_POINT('',(0.027,-0.055,0.016));
#11465=CARTESIAN_POINT('',(0.027,-0.055,0.016));
#11466=CARTESIAN_POINT('',(0.,-0.055,0.016));
#11467=CARTESIAN_POINT('',(0.,0.,0.016));
#11468=CARTESIAN_POINT('',(0.0245,-0.027,0.016));
#11469=CARTESIAN_POINT('',(0.023,-0.027,0.016));
#11470=CARTESIAN_POINT('',(0.026,-0.027,0.016));
#11471=CARTESIAN_POINT('',(0.026,-0.0285,0.016));
#11472=CARTESIAN_POINT('',(0.026,-0.03,0.016));
#11473=CARTESIAN_POINT('',(-0.0813,-0.03,0.016));
#11474=CARTESIAN_POINT('',(0.027,-0.03,0.016));
#11475=CARTESIAN_POINT('',(0.027,-0.0405,0.016));
#11476=CARTESIAN_POINT('',(0.027,-0.026,0.016));
#11477=CARTESIAN_POINT('',(-0.0135,-0.026,0.016));
#11478=CARTESIAN_POINT('',(0.023,-0.026,0.016));
#11479=CARTESIAN_POINT('',(0.023,6.93889390390723E-18,0.016));
#11480=CARTESIAN_POINT('',(0.023,6.93889390390723E-18,0.01));
#11481=CARTESIAN_POINT('',(0.023,-0.0275,0.014));
#11482=CARTESIAN_POINT('',(0.023,-0.03,0.014));
#11483=CARTESIAN_POINT('',(0.023,-0.027,0.014));
#11484=CARTESIAN_POINT('',(0.023,-0.027,0.014));
#11485=CARTESIAN_POINT('',(0.023,-0.026,0.016));
#11486=CARTESIAN_POINT('',(0.023,-0.03,0.014002));
#11487=CARTESIAN_POINT('',(-0.023,6.93889390390723E-18,0.01));
#11488=CARTESIAN_POINT('',(-0.023,-0.02775,0.0140001));
#11489=CARTESIAN_POINT('',(-0.023,-0.02775,0.0140001));
#11490=CARTESIAN_POINT('',(-0.023,-0.0275,0.0140001));
#11491=CARTESIAN_POINT('',(-0.023,-0.03,0.0140001));
#11492=CARTESIAN_POINT('',(-0.023,-0.03,0.014002));
#11493=CARTESIAN_POINT('',(-0.023,-0.026,0.016));
#11494=CARTESIAN_POINT('',(-0.023,-0.026,0.016));
#11495=CARTESIAN_POINT('',(-0.023,6.93889390390723E-18,0.016));
#11496=CARTESIAN_POINT('',(-0.023,-0.027,0.016));
#11497=CARTESIAN_POINT('',(-0.023,-0.027,0.014));
#11498=CARTESIAN_POINT('',(-0.0813,-0.03,0.01));
#11499=CARTESIAN_POINT('',(-0.026,-0.03,0.014));
#11500=CARTESIAN_POINT('',(-0.026,-0.03,0.016));
#11501=CARTESIAN_POINT('',(-0.0813,-0.03,0.016));
#11502=CARTESIAN_POINT('',(-0.027,-0.03,0.016));
#11503=CARTESIAN_POINT('',(-0.027,-0.03,0.016));
#11504=CARTESIAN_POINT('',(-0.0255,-0.03,0.0140001));
#11505=CARTESIAN_POINT('',(-0.0251,-0.03,0.0140001));
#11506=CARTESIAN_POINT('',(-0.0251,-0.03,0.0140001));
#11507=CARTESIAN_POINT('',(0.027,-0.0405,0.016));
#11508=CARTESIAN_POINT('',(0.027,-0.051,0.01));
#11509=CARTESIAN_POINT('',(0.027,-0.051,0.016));
#11510=CARTESIAN_POINT('',(0.027,-0.0405,0.016));
#11511=CARTESIAN_POINT('',(-0.027,-0.0405,0.016));
#11512=CARTESIAN_POINT('',(-0.027,-0.0405,0.016));
#11513=CARTESIAN_POINT('',(-0.027,-0.026,0.016));
#11514=CARTESIAN_POINT('',(-0.027,-0.026,0.016));
#11515=CARTESIAN_POINT('',(0.,0.,0.016));
#11516=CARTESIAN_POINT('',(-0.0245,-0.027,0.016));
#11517=CARTESIAN_POINT('',(-0.026,-0.027,0.016));
#11518=CARTESIAN_POINT('',(-0.0135,-0.026,0.016));
#11519=CARTESIAN_POINT('',(-0.026,-0.0285,0.016));
#11520=CARTESIAN_POINT('',(-0.0135,-0.026,0.016));
#11521=CARTESIAN_POINT('',(0.027,-0.026,0.016));
#11522=CARTESIAN_POINT('',(0.,0.,0.016));
#11523=CARTESIAN_POINT('',(0.0245,-0.054,0.016));
#11524=CARTESIAN_POINT('',(0.023,-0.054,0.016));
#11525=CARTESIAN_POINT('',(0.026,-0.054,0.016));
#11526=CARTESIAN_POINT('',(0.023,6.93889390390723E-18,0.016));
#11527=CARTESIAN_POINT('',(-0.0813,-0.051,0.016));
#11528=CARTESIAN_POINT('',(0.026,-0.051,0.016));
#11529=CARTESIAN_POINT('',(0.026,-0.0525,0.016));
#11530=CARTESIAN_POINT('',(0.0325,-6.93889390390723E-18,0.004));
#11531=CARTESIAN_POINT('',(0.0325,-0.01414214,-0.021));
#11532=CARTESIAN_POINT('',(0.0325,-0.062,0.002));
#11533=CARTESIAN_POINT('',(-0.0325,-6.93889390390723E-18,0.004));
#11534=CARTESIAN_POINT('',(-0.0325,-0.01414214,-0.021));
#11535=CARTESIAN_POINT('',(-0.0325,-0.062,0.004));
#11536=CARTESIAN_POINT('',(-0.027,-0.0405,0.016));
#11537=CARTESIAN_POINT('',(-0.027,-0.051,0.016));
#11538=CARTESIAN_POINT('',(-0.027,-0.051,0.016));
#11539=CARTESIAN_POINT('',(-0.027,-0.0405,0.016));
#11540=CARTESIAN_POINT('',(0.027,-0.0405,0.016));
#11541=CARTESIAN_POINT('',(0.027,-0.03,0.01));
#11542=CARTESIAN_POINT('',(-0.0135,-0.026,0.016));
#11543=CARTESIAN_POINT('',(0.,0.,0.016));
#11544=CARTESIAN_POINT('',(-0.026,-0.0525,0.016));
#11545=CARTESIAN_POINT('',(-0.026,-0.051,0.016));
#11546=CARTESIAN_POINT('',(-0.026,-0.054,0.016));
#11547=CARTESIAN_POINT('',(-0.0813,-0.051,0.016));
#11548=CARTESIAN_POINT('',(-0.023,6.93889390390723E-18,0.016));
#11549=CARTESIAN_POINT('',(-0.023,-0.054,0.016));
#11550=CARTESIAN_POINT('',(-0.0245,-0.054,0.016));
#11551=CARTESIAN_POINT('',(-0.023,6.93889390390723E-18,0.01));
#11552=CARTESIAN_POINT('',(-0.023,6.93889390390723E-18,0.014));
#11553=CARTESIAN_POINT('',(-0.023,-0.051,0.014));
#11554=CARTESIAN_POINT('',(-0.023,-0.054,0.014));
#11555=CARTESIAN_POINT('',(-0.023,-0.054,0.014));
#11556=CARTESIAN_POINT('',(-0.023,-0.051,0.014002));
#11557=CARTESIAN_POINT('',(0.023,6.93889390390723E-18,0.01));
#11558=CARTESIAN_POINT('',(0.023,-0.0535,0.014));
#11559=CARTESIAN_POINT('',(0.023,-0.051,0.014));
#11560=CARTESIAN_POINT('',(0.023,-0.054,0.014));
#11561=CARTESIAN_POINT('',(0.023,-0.051,0.014002));
#11562=CARTESIAN_POINT('',(0.023,-0.054,0.014));
#11563=CARTESIAN_POINT('',(-0.0813,-0.051,0.01));
#11564=CARTESIAN_POINT('',(-0.026,-0.051,0.014));
#11565=CARTESIAN_POINT('',(-0.026,-0.051,0.014));
#11566=CARTESIAN_POINT('',(-0.0813,-0.051,0.014));
#11567=CARTESIAN_POINT('',(-0.0813,-0.051,0.01));
#11568=CARTESIAN_POINT('',(0.0255,-0.051,0.014));
#11569=CARTESIAN_POINT('',(0.026,-0.051,0.014));
#11570=CARTESIAN_POINT('',(0.026,-0.051,0.014));
#11571=CARTESIAN_POINT('',(-0.0813,-0.03,0.01));
#11572=CARTESIAN_POINT('',(0.0255,-0.03,0.014));
#11573=CARTESIAN_POINT('',(0.026,-0.03,0.014));
#11574=CARTESIAN_POINT('',(0.026,-0.03,0.014));
#11575=CARTESIAN_POINT('',(-0.0245,-0.027,0.014));
#11576=CARTESIAN_POINT('',(-0.026,-0.027,0.014));
#11577=CARTESIAN_POINT('',(-0.026,-0.0285,0.014));
#11578=CARTESIAN_POINT('',(-0.026,-0.0525,0.014));
#11579=CARTESIAN_POINT('',(-0.026,-0.054,0.014));
#11580=CARTESIAN_POINT('',(-0.026,-0.054,0.014));
#11581=CARTESIAN_POINT('',(-0.026,-0.0525,0.014));
#11582=CARTESIAN_POINT('',(-0.0245,-0.054,0.014));
#11583=CARTESIAN_POINT('',(-0.0245,-0.054,0.014));
#11584=CARTESIAN_POINT('',(-0.0005,-0.041,0.014));
#11585=CARTESIAN_POINT('',(0.0245,-0.054,0.014));
#11586=CARTESIAN_POINT('',(0.026,-0.054,0.014));
#11587=CARTESIAN_POINT('',(0.026,-0.054,0.014));
#11588=CARTESIAN_POINT('',(0.0245,-0.054,0.014));
#11589=CARTESIAN_POINT('',(0.026,-0.0525,0.014));
#11590=CARTESIAN_POINT('',(0.026,-0.0525,0.014));
#11591=CARTESIAN_POINT('',(-0.0005,-0.041,0.014));
#11592=CARTESIAN_POINT('',(0.026,-0.0285,0.014));
#11593=CARTESIAN_POINT('',(0.026,-0.027,0.014));
#11594=CARTESIAN_POINT('',(0.026,-0.027,0.014));
#11595=CARTESIAN_POINT('',(0.026,-0.0285,0.014));
#11596=CARTESIAN_POINT('',(0.0245,-0.027,0.014));
#11597=CARTESIAN_POINT('',(0.0245,-0.027,0.014));
#11598=CARTESIAN_POINT('',(-0.0005,-0.041,0.014));
#11599=CARTESIAN_POINT('',(0.0015,-0.053,-0.021));
#11600=CARTESIAN_POINT('',(0.003,-0.053,-0.021));
#11601=CARTESIAN_POINT('',(-0.003,-0.053,-0.021));
#11602=CARTESIAN_POINT('',(-0.003,-0.054,-0.021));
#11603=CARTESIAN_POINT('',(-0.003,-0.055,-0.021));
#11604=CARTESIAN_POINT('',(0.003,-0.054,-0.021));
#11605=CARTESIAN_POINT('',(0.003,-0.055,-0.021));
#11606=CARTESIAN_POINT('',(0.003,-0.027,-0.021));
#11607=CARTESIAN_POINT('',(0.003,-0.028,-0.021));
#11608=CARTESIAN_POINT('',(0.003,-0.026,-0.021));
#11609=CARTESIAN_POINT('',(-0.0015,-0.026,-0.021));
#11610=CARTESIAN_POINT('',(-0.003,-0.026,-0.021));
#11611=CARTESIAN_POINT('',(-0.003,-0.027,-0.021));
#11612=CARTESIAN_POINT('',(-0.003,-0.028,-0.021));
#11613=CARTESIAN_POINT('',(-0.0015,-0.028,-0.021));
#11614=CARTESIAN_POINT('',(-1.06752213906265E-18,-0.055,0.008));
#11615=CARTESIAN_POINT('',(-3.20256641718793E-19,-0.062,0.008));
#11616=CARTESIAN_POINT('',(0.,0.062,0.004));
#11617=CARTESIAN_POINT('',(-0.0485,0.01,-0.021));
#11618=CARTESIAN_POINT('',(-0.0485,-0.016,-0.021));
#11619=CARTESIAN_POINT('',(-0.0485,-0.0225,-0.021));
#11620=CARTESIAN_POINT('',(-0.0425,0.0225,-2.00000000000027E-6));
#11621=CARTESIAN_POINT('',(-0.04085786,0.0225,-0.021));
#11622=CARTESIAN_POINT('',(-0.0425,-0.0225,-2.00000000000027E-6));
#11623=CARTESIAN_POINT('',(-0.04085786,-0.0225,-0.021));
#11624=CARTESIAN_POINT('',(-0.04375,-0.01125,-0.021));
#11625=CARTESIAN_POINT('',(-0.0325,0.,-0.021));
#11626=CARTESIAN_POINT('',(-0.0406101748538777,0.00811017485387772,-0.021));
#11627=CARTESIAN_POINT('',(-0.0410381519281912,-0.0226802919281912,-0.021));
#11628=CARTESIAN_POINT('',(-0.0409329610624751,0.0225751010624751,-0.021));
#11629=CARTESIAN_POINT('',(0.0405,0.0225,0.));
#11630=CARTESIAN_POINT('',(0.04085786,0.0225,-0.021));
#11631=CARTESIAN_POINT('',(0.0405,-0.0225,0.));
#11632=CARTESIAN_POINT('',(0.04085786,-0.0225,-0.021));
#11633=CARTESIAN_POINT('',(0.0485,-0.0225,0.));
#11634=CARTESIAN_POINT('',(0.0485,1.7347234759768E-17,0.));
#11635=CARTESIAN_POINT('',(0.0485,-0.016,-0.021));
#11636=CARTESIAN_POINT('',(0.039366000717443,-0.0210081407174431,-0.021));
#11637=CARTESIAN_POINT('',(0.0407864575667497,0.0224285975667497,-0.021));
#11638=CARTESIAN_POINT('',(0.042192321281674,0.00969232128167405,-0.021));
#11639=CARTESIAN_POINT('',(0.0325,2.94902990916057E-17,-0.021));
#11640=CARTESIAN_POINT('',(0.0433856988972264,-0.0108856988972265,-0.021));
#11641=CARTESIAN_POINT('',(-0.02975,0.031875,-0.021));
#11642=CARTESIAN_POINT('',(0.02975,2.94902990916057E-17,-0.021));
#11643=CARTESIAN_POINT('',(0.02975,-0.031875,-0.021));
#11644=CARTESIAN_POINT('',(-0.02975,-0.031875,-0.021));
#11645=CARTESIAN_POINT('',(-0.02975,0.,-0.021));
#11646=CARTESIAN_POINT('',(0.02975,0.031875,-0.021));
#11647=CARTESIAN_POINT('',(-6.93889390390723E-18,0.,0.001));
#11648=CARTESIAN_POINT('',(-6.93889390390723E-18,0.,0.001));
#11649=CARTESIAN_POINT('',(-6.93889390390723E-18,0.,0.001));
#11650=CARTESIAN_POINT('',(-6.93889390390723E-18,0.,0.001));
#11651=CARTESIAN_POINT('',(-6.93889390390723E-18,0.,0.001));
#11652=CARTESIAN_POINT('',(-6.93889390390723E-18,0.,0.001));
#11653=CARTESIAN_POINT('',(-6.93889390390723E-18,0.,0.001));
#11654=CARTESIAN_POINT('',(-6.93889390390723E-18,0.,0.001));
#11655=CARTESIAN_POINT('',(-0.01525,-0.01525,0.003));
#11656=CARTESIAN_POINT('',(-0.01525,-0.01525,0.003));
#11657=CARTESIAN_POINT('',(-0.01825,-0.01525,0.003));
#11658=CARTESIAN_POINT('',(-6.93889390390723E-18,0.,0.003));
#11659=CARTESIAN_POINT('',(0.01525,-0.01525,0.003));
#11660=CARTESIAN_POINT('',(0.01525,-0.01525,0.003));
#11661=CARTESIAN_POINT('',(0.01225,-0.01525,0.003));
#11662=CARTESIAN_POINT('',(-6.93889390390723E-18,0.,0.003));
#11663=CARTESIAN_POINT('',(0.01525,0.01525,0.003));
#11664=CARTESIAN_POINT('',(0.01525,0.01525,0.003));
#11665=CARTESIAN_POINT('',(0.01225,0.01525,0.003));
#11666=CARTESIAN_POINT('',(-6.93889390390723E-18,0.,0.003));
#11667=CARTESIAN_POINT('',(-0.01525,0.01525,0.003));
#11668=CARTESIAN_POINT('',(-0.01525,0.01525,0.003));
#11669=CARTESIAN_POINT('',(-0.01825,0.01525,0.003));
#11670=CARTESIAN_POINT('',(-6.93889390390723E-18,0.,0.003));
#11671=CARTESIAN_POINT('',(1.7347234759768E-18,0.0564,0.0040001));
#11672=CARTESIAN_POINT('',(-0.014,0.0564,0.0040001));
#11673=CARTESIAN_POINT('',(-0.014,0.0564,0.0040001));
#11674=CARTESIAN_POINT('',(1.7347234759768E-18,0.0564,0.0040001));
#11675=CARTESIAN_POINT('',(0.014,0.0564,0.0040001));
#11676=CARTESIAN_POINT('',(0.014,0.0564,0.0040001));
#11677=CARTESIAN_POINT('',(-0.014,0.0424,0.0040001));
#11678=CARTESIAN_POINT('',(-0.014,0.0284,0.0040001));
#11679=CARTESIAN_POINT('',(-0.014,0.0284,0.0040001));
#11680=CARTESIAN_POINT('',(-0.014,0.0424,0.0040001));
#11681=CARTESIAN_POINT('',(-5.20417042793042E-18,0.0284,0.0040001));
#11682=CARTESIAN_POINT('',(0.014,0.0284,0.0040001));
#11683=CARTESIAN_POINT('',(0.014,0.0284,0.0040001));
#11684=CARTESIAN_POINT('',(-5.20417042793042E-18,0.0284,0.0040001));
#11685=CARTESIAN_POINT('',(0.014,0.0424,0.0040001));
#11686=CARTESIAN_POINT('',(0.014,0.0424,0.0040001));
#11687=CARTESIAN_POINT('',(0.,0.,0.0040001));
#11688=CARTESIAN_POINT('',(3.46944695195361E-18,-0.02775,0.0140001));
#11689=CARTESIAN_POINT('',(-0.0251,-0.02775,0.0140001));
#11690=CARTESIAN_POINT('',(-0.0251,-0.02775,0.0140001));
#11691=CARTESIAN_POINT('',(3.46944695195361E-18,-0.02775,0.0140001));
#11692=CARTESIAN_POINT('',(-0.0251,-0.034125,0.0140001));
#11693=CARTESIAN_POINT('',(-0.0251,-0.034125,0.0140001));
#11694=CARTESIAN_POINT('',(-3.46944695195361E-18,-0.0405,0.0140001));
#11695=CARTESIAN_POINT('',(0.000186663659405894,0.00308050867170095,-0.00354089270532131));
#11696=CARTESIAN_POINT('',(0.,0.,0.003));
#11697=CARTESIAN_POINT('',(0.02975,0.031875,0.003));
#11698=CARTESIAN_POINT('',(0.0314,0.031875,0.003));
#11699=CARTESIAN_POINT('',(0.02975,0.,0.003));
#11700=CARTESIAN_POINT('',(0.0314,0.,0.003));
#11701=CARTESIAN_POINT('',(0.02975,-0.031875,0.003));
#11702=CARTESIAN_POINT('',(0.0314,-0.031875,0.003));
#11703=CARTESIAN_POINT('',(-6.93889390390723E-18,0.0425,0.003));
#11704=CARTESIAN_POINT('',(0.0325,0.0425,0.003));
#11705=CARTESIAN_POINT('',(0.0258,0.0425,0.003));
#11706=CARTESIAN_POINT('',(0.0258,-4.17721413015215E-17,0.003));
#11707=CARTESIAN_POINT('',(0.0258,0.015,0.003));
#11708=CARTESIAN_POINT('',(2.60208521396522E-17,0.015,0.003));
#11709=CARTESIAN_POINT('',(0.0268,0.015,0.003));
#11710=CARTESIAN_POINT('',(0.0268,-4.33912165457665E-17,0.003));
#11711=CARTESIAN_POINT('',(0.0268,-0.015,0.003));
#11712=CARTESIAN_POINT('',(-1.3010426069826E-17,-0.015,0.003));
#11713=CARTESIAN_POINT('',(0.0258,-0.015,0.003));
#11714=CARTESIAN_POINT('',(0.0258,-4.17721413015215E-17,0.003));
#11715=CARTESIAN_POINT('',(0.0258,-0.0425,0.003));
#11716=CARTESIAN_POINT('',(-6.93889390390723E-18,-0.0425,0.003));
#11717=CARTESIAN_POINT('',(0.0325,-0.0425,0.003));
#11718=CARTESIAN_POINT('',(0.0325,0.,0.003));
#11719=CARTESIAN_POINT('',(-6.93889390390723E-18,-0.0425,0.003));
#11720=CARTESIAN_POINT('',(-6.93889390390723E-18,-0.0425,0.));
#11721=CARTESIAN_POINT('',(0.0325,-0.0425,0.));
#11722=CARTESIAN_POINT('',(-0.0325,-0.0425,0.));
#11723=CARTESIAN_POINT('',(0.0325,-0.0425,0.003));
#11724=CARTESIAN_POINT('',(0.0258,-0.0425,0.004));
#11725=CARTESIAN_POINT('',(0.0248,-0.0425,0.004));
#11726=CARTESIAN_POINT('',(0.0248,-0.0425,0.005));
#11727=CARTESIAN_POINT('',(0.0248,-0.0425,0.005));
#11728=CARTESIAN_POINT('',(-6.93889390390723E-18,-0.0425,0.005));
#11729=CARTESIAN_POINT('',(-0.0248,-0.0425,0.005));
#11730=CARTESIAN_POINT('',(-0.0248,-0.0425,0.005));
#11731=CARTESIAN_POINT('',(-0.0248,-0.0425,0.004));
#11732=CARTESIAN_POINT('',(-0.0258,-0.0425,0.004));
#11733=CARTESIAN_POINT('',(-0.0258,-0.0425,0.003));
#11734=CARTESIAN_POINT('',(-6.93889390390723E-18,-0.0425,0.003));
#11735=CARTESIAN_POINT('',(-0.0325,-0.0425,0.003));
#11736=CARTESIAN_POINT('',(-0.0325,-0.0425,0.003));
#11737=CARTESIAN_POINT('',(0.0325,0.,0.003));
#11738=CARTESIAN_POINT('',(0.0325,0.,0.));
#11739=CARTESIAN_POINT('',(0.0325,0.0425,0.));
#11740=CARTESIAN_POINT('',(0.0325,0.0425,0.003));
#11741=CARTESIAN_POINT('',(-6.93889390390723E-18,0.0425,0.003));
#11742=CARTESIAN_POINT('',(-6.93889390390723E-18,0.0425,0.));
#11743=CARTESIAN_POINT('',(-0.0325,0.0425,0.));
#11744=CARTESIAN_POINT('',(-0.0325,0.0425,0.003));
#11745=CARTESIAN_POINT('',(-0.0325,0.0425,0.003));
#11746=CARTESIAN_POINT('',(-6.93889390390723E-18,0.0425,0.003));
#11747=CARTESIAN_POINT('',(-0.0258,0.0425,0.003));
#11748=CARTESIAN_POINT('',(-0.0258,0.0425,0.004));
#11749=CARTESIAN_POINT('',(-0.0248,0.0425,0.004));
#11750=CARTESIAN_POINT('',(-0.0248,0.0425,0.005));
#11751=CARTESIAN_POINT('',(-0.0248,0.0425,0.005));
#11752=CARTESIAN_POINT('',(-6.93889390390723E-18,0.0425,0.005));
#11753=CARTESIAN_POINT('',(0.0248,0.0425,0.005));
#11754=CARTESIAN_POINT('',(0.0248,0.0425,0.005));
#11755=CARTESIAN_POINT('',(0.0248,0.0425,0.004));
#11756=CARTESIAN_POINT('',(0.0258,0.0425,0.004));
#11757=CARTESIAN_POINT('',(-0.0325,-6.93889390390723E-18,0.003));
#11758=CARTESIAN_POINT('',(-0.0325,-6.93889390390723E-18,0.));
#11759=CARTESIAN_POINT('',(-0.0325,-6.93889390390723E-18,0.003));
#11760=CARTESIAN_POINT('',(0.,0.,0.003));
#11761=CARTESIAN_POINT('',(-0.0258,-0.015,0.003));
#11762=CARTESIAN_POINT('',(-0.0258,-0.015,0.003));
#11763=CARTESIAN_POINT('',(0.,-0.015,0.003));
#11764=CARTESIAN_POINT('',(-0.0268,-0.015,0.003));
#11765=CARTESIAN_POINT('',(-0.0268,0.,0.003));
#11766=CARTESIAN_POINT('',(-0.0268,0.015,0.003));
#11767=CARTESIAN_POINT('',(0.,0.015,0.003));
#11768=CARTESIAN_POINT('',(-0.0258,0.015,0.003));
#11769=CARTESIAN_POINT('',(-0.0258,0.0425,0.003));
#11770=CARTESIAN_POINT('',(-0.02975,0.031875,0.003));
#11771=CARTESIAN_POINT('',(-0.0281,0.031875,0.003));
#11772=CARTESIAN_POINT('',(-0.02975,-0.031875,0.003));
#11773=CARTESIAN_POINT('',(-0.0281,-0.031875,0.003));
#11774=CARTESIAN_POINT('',(-0.02975,-1.05018982887286E-18,0.003));
#11775=CARTESIAN_POINT('',(-0.0281,-1.05018982887286E-18,0.003));
#11776=CARTESIAN_POINT('',(0.,0.,0.));
#11777=CARTESIAN_POINT('',(-0.0248,-0.0075,0.));
#11778=CARTESIAN_POINT('',(-0.0248,-0.015,0.));
#11779=CARTESIAN_POINT('',(-0.0248,0.015,0.));
#11780=CARTESIAN_POINT('',(-0.0258,0.015,0.));
#11781=CARTESIAN_POINT('',(-0.0268,0.015,0.));
#11782=CARTESIAN_POINT('',(-0.0268,-0.0075,0.));
#11783=CARTESIAN_POINT('',(-0.0268,-0.015,0.));
#11784=CARTESIAN_POINT('',(-0.0258,-0.015,0.));
#11785=CARTESIAN_POINT('',(0.0258,0.015,0.));
#11786=CARTESIAN_POINT('',(0.0268,0.015,0.));
#11787=CARTESIAN_POINT('',(0.0248,0.015,0.));
#11788=CARTESIAN_POINT('',(0.0248,-0.0075,0.));
#11789=CARTESIAN_POINT('',(0.0248,-0.015,0.));
#11790=CARTESIAN_POINT('',(0.0258,-0.015,0.));
#11791=CARTESIAN_POINT('',(0.0268,-0.015,0.));
#11792=CARTESIAN_POINT('',(0.0268,-0.0075,0.));
#11793=CARTESIAN_POINT('',(0.01525,0.01525,0.));
#11794=CARTESIAN_POINT('',(0.0169,0.01525,0.));
#11795=CARTESIAN_POINT('',(0.01525,-0.01525,0.));
#11796=CARTESIAN_POINT('',(0.0169,-0.01525,0.));
#11797=CARTESIAN_POINT('',(-0.01525,-0.01525,0.));
#11798=CARTESIAN_POINT('',(-0.0136,-0.01525,0.));
#11799=CARTESIAN_POINT('',(-0.01525,0.01525,0.));
#11800=CARTESIAN_POINT('',(-0.0136,0.01525,0.));
#11801=CARTESIAN_POINT('',(-0.02975,0.031875,0.));
#11802=CARTESIAN_POINT('',(-0.0281,0.031875,0.));
#11803=CARTESIAN_POINT('',(-0.02975,-0.031875,0.));
#11804=CARTESIAN_POINT('',(-0.0281,-0.031875,0.));
#11805=CARTESIAN_POINT('',(0.02975,-0.031875,0.));
#11806=CARTESIAN_POINT('',(0.0314,-0.031875,0.));
#11807=CARTESIAN_POINT('',(0.02975,0.,0.));
#11808=CARTESIAN_POINT('',(0.0314,0.,0.));
#11809=CARTESIAN_POINT('',(0.02975,0.031875,0.));
#11810=CARTESIAN_POINT('',(0.0314,0.031875,0.));
#11811=CARTESIAN_POINT('',(-0.02975,-1.05018982887286E-18,0.));
#11812=CARTESIAN_POINT('',(-0.0281,-1.05018982887286E-18,0.));
#11813=CARTESIAN_POINT('',(-0.02975,-1.05018982887286E-18,-0.022));
#11814=CARTESIAN_POINT('',(0.02975,0.031875,-0.022));
#11815=CARTESIAN_POINT('',(0.02975,0.,-0.022));
#11816=CARTESIAN_POINT('',(0.02975,-0.031875,-0.022));
#11817=CARTESIAN_POINT('',(-0.02975,-0.031875,-0.022));
#11818=CARTESIAN_POINT('',(-0.02975,0.031875,-0.022));
#11819=CARTESIAN_POINT('',(-0.01525,0.01525,-0.022));
#11820=CARTESIAN_POINT('',(-0.01525,0.01525,0.005));
#11821=CARTESIAN_POINT('',(-0.0136,0.01525,0.005));
#11822=CARTESIAN_POINT('',(-0.01525,-0.01525,-0.022));
#11823=CARTESIAN_POINT('',(-0.01525,-0.01525,0.005));
#11824=CARTESIAN_POINT('',(-0.0136,-0.01525,0.005));
#11825=CARTESIAN_POINT('',(0.01525,-0.01525,-0.022));
#11826=CARTESIAN_POINT('',(0.01525,-0.01525,0.005));
#11827=CARTESIAN_POINT('',(0.0169,-0.01525,0.005));
#11828=CARTESIAN_POINT('',(0.01525,0.01525,-0.022));
#11829=CARTESIAN_POINT('',(0.01525,0.01525,0.005));
#11830=CARTESIAN_POINT('',(0.0169,0.01525,0.005));
#11831=CARTESIAN_POINT('',(0.0248,-0.0075,0.025));
#11832=CARTESIAN_POINT('',(0.0248,0.015,0.025));
#11833=CARTESIAN_POINT('',(0.0248,0.015,0.004));
#11834=CARTESIAN_POINT('',(0.0248,-0.0075,0.004));
#11835=CARTESIAN_POINT('',(0.0248,0.,0.005));
#11836=CARTESIAN_POINT('',(0.0248,-0.0075,0.004));
#11837=CARTESIAN_POINT('',(0.0248,-0.015,0.004));
#11838=CARTESIAN_POINT('',(0.0248,-0.015,0.025));
#11839=CARTESIAN_POINT('',(0.0258,0.015,0.025));
#11840=CARTESIAN_POINT('',(0.0268,0.015,0.025));
#11841=CARTESIAN_POINT('',(0.0258,0.015,0.004));
#11842=CARTESIAN_POINT('',(0.0268,-0.0075,0.025));
#11843=CARTESIAN_POINT('',(0.0268,-0.015,0.025));
#11844=CARTESIAN_POINT('',(0.0258,-0.015,0.025));
#11845=CARTESIAN_POINT('',(0.0258,-0.015,0.004));
#11846=CARTESIAN_POINT('',(-0.0258,0.015,0.025));
#11847=CARTESIAN_POINT('',(-0.0248,0.015,0.025));
#11848=CARTESIAN_POINT('',(-0.0248,0.015,0.004));
#11849=CARTESIAN_POINT('',(-0.0258,0.015,0.004));
#11850=CARTESIAN_POINT('',(-0.0268,0.015,0.025));
#11851=CARTESIAN_POINT('',(-0.0248,-0.0075,0.025));
#11852=CARTESIAN_POINT('',(-0.0248,-0.015,0.025));
#11853=CARTESIAN_POINT('',(-0.0248,-0.015,0.004));
#11854=CARTESIAN_POINT('',(-0.0248,-0.0425,0.004));
#11855=CARTESIAN_POINT('',(-0.0248,0.,0.005));
#11856=CARTESIAN_POINT('',(-0.0248,0.015,0.004));
#11857=CARTESIAN_POINT('',(-0.0258,-0.015,0.025));
#11858=CARTESIAN_POINT('',(-0.0268,-0.015,0.025));
#11859=CARTESIAN_POINT('',(-0.0258,-0.015,0.004));
#11860=CARTESIAN_POINT('',(-0.0268,-0.0075,0.025));
#11861=CARTESIAN_POINT('',(0.,0.,0.005));
#11862=CARTESIAN_POINT('',(0.0258,-4.17721413015215E-17,0.004));
#11863=CARTESIAN_POINT('',(0.0258,-4.17721413015215E-17,0.004));
#11864=CARTESIAN_POINT('',(-0.0258,-0.0075,0.004));
#11865=CARTESIAN_POINT('',(-0.0258,-0.0075,0.004));
#11866=CARTESIAN_POINT('',(0.000186663659405894,0.00308050867170095,0.0209591072946787));
#11867=CARTESIAN_POINT('',(0.,1.65327317884892E-19,0.0028));
#11868=CARTESIAN_POINT('',(0.,1.65327317884892E-19,0.0028));
#11869=CARTESIAN_POINT('',(0.0027,1.65327317884892E-19,0.0028));
#11870=CARTESIAN_POINT('',(0.,1.65327317884892E-19,0.));
#11871=CARTESIAN_POINT('',(0.0027,1.65327317884892E-19,0.));
#11872=CARTESIAN_POINT('',(0.,0.,0.0028));
#11873=CARTESIAN_POINT('',(0.,9.18485099360515E-20,0.0028));
#11874=CARTESIAN_POINT('',(0.0015,9.18485099360515E-20,0.0028));
#11875=CARTESIAN_POINT('',(0.,0.,0.));
#11876=CARTESIAN_POINT('',(0.,9.18485099360515E-20,0.0108));
#11877=CARTESIAN_POINT('',(0.,9.18485099360515E-20,0.0108));
#11878=CARTESIAN_POINT('',(0.0015,9.18485099360515E-20,0.0108));
#11879=CARTESIAN_POINT('',(0.,0.,0.0108));
#11880=CARTESIAN_POINT('',(-0.141561334284203,-0.113238558771332,-0.00434089270532131));
#11881=CARTESIAN_POINT('',(0.0299366636594059,0.00308050867170098,0.000459107294678688));
#11882=CARTESIAN_POINT('',(-0.0295633363405941,0.0349555086717009,0.0239591072946787));
#11883=CARTESIAN_POINT('',(0.0299366636594059,-0.028794491328299,0.0239591072946787));
#11884=CARTESIAN_POINT('',(0.037989964518305,-0.00929386218719814,-0.00254089270532131));
#11885=CARTESIAN_POINT('',(0.,1.53080849893419E-19,0.00325));
#11886=CARTESIAN_POINT('',(0.,1.53080849893419E-19,0.00325));
#11887=CARTESIAN_POINT('',(0.0025,1.53080849893419E-19,0.00325));
#11888=CARTESIAN_POINT('',(0.,1.53080849893419E-19,-0.00325));
#11889=CARTESIAN_POINT('',(0.0025,1.53080849893419E-19,-0.00325));
#11890=CARTESIAN_POINT('',(0.,2.75545529808154E-19,0.00325));
#11891=CARTESIAN_POINT('',(-0.00340553744688384,0.00294148171809242,0.00325));
#11892=CARTESIAN_POINT('',(-0.00340553744688384,0.00294148171809242,0.0005));
#11893=CARTESIAN_POINT('',(-0.00340553744688384,0.00294148171809242,-0.0005));
#11894=CARTESIAN_POINT('',(1.0842021724855E-18,1.0842021724855E-18,-0.0005));
#11895=CARTESIAN_POINT('',(0.00422728967006101,0.00154273200699134,-0.0005));
#11896=CARTESIAN_POINT('',(0.00422728967006101,0.00154273200699134,0.00325));
#11897=CARTESIAN_POINT('',(0.00422728967006101,0.00154273200699134,0.0005));
#11898=CARTESIAN_POINT('',(1.0842021724855E-18,1.0842021724855E-18,0.0005));
#11899=CARTESIAN_POINT('',(2.16840434497101E-19,1.89735380184964E-19,-0.0005));
#11900=CARTESIAN_POINT('',(-0.00344968994431635,0.0028895742399327,-0.0005));
#11901=CARTESIAN_POINT('',(-0.000844629169193632,-0.00442002280158681,-0.0005));
#11902=CARTESIAN_POINT('',(-0.00344968994431635,0.0028895742399327,0.00325));
#11903=CARTESIAN_POINT('',(-0.00344968994431635,0.0028895742399327,0.0005));
#11904=CARTESIAN_POINT('',(2.16840434497101E-19,1.89735380184964E-19,0.0005));
#11905=CARTESIAN_POINT('',(-0.000844629169193632,-0.00442002280158681,0.0005));
#11906=CARTESIAN_POINT('',(-0.000844629169193632,-0.00442002280158681,0.00325));
#11907=CARTESIAN_POINT('',(0.00425016661607746,0.00147854108349437,0.00325));
#11908=CARTESIAN_POINT('',(0.00425016661607746,0.00147854108349437,0.0005));
#11909=CARTESIAN_POINT('',(0.00425016661607746,0.00147854108349437,-0.0005));
#11910=CARTESIAN_POINT('',(0.,4.60785923306339E-19,-0.0005));
#11911=CARTESIAN_POINT('',(-0.000777599725744651,-0.00443230624692404,-0.0005));
#11912=CARTESIAN_POINT('',(-0.000777599725744651,-0.00443230624692404,0.00325));
#11913=CARTESIAN_POINT('',(-0.000777599725744651,-0.00443230624692404,0.0005));
#11914=CARTESIAN_POINT('',(0.,4.60785923306339E-19,0.0005));
#11915=CARTESIAN_POINT('',(0.,2.75545529808154E-19,0.00325));
#11916=CARTESIAN_POINT('',(0.0045,2.75545529808154E-19,0.00325));
#11917=CARTESIAN_POINT('',(0.,2.75545529808154E-19,-0.00325));
#11918=CARTESIAN_POINT('',(0.0045,2.75545529808154E-19,-0.00325));
#11919=CARTESIAN_POINT('',(0.,0.,0.00325));
#11920=CARTESIAN_POINT('',(0.,0.,-0.00325));
#11921=CARTESIAN_POINT('',(0.102494931283633,0.098932738532852,0.0005));
#11922=CARTESIAN_POINT('',(0.102494931283633,0.098932738532852,-0.0005));
#11923=CARTESIAN_POINT('',(0.00587255529122403,-0.00106008539475086,-0.0005));
#11924=CARTESIAN_POINT('',(0.0504344708631695,-0.0300019613746765,-0.0005));
#11925=CARTESIAN_POINT('',(0.00587255529122402,-0.00106008539475084,0.0005));
#11926=CARTESIAN_POINT('',(0.00587255529122403,-0.00106008539475086,0.0005));
#11927=CARTESIAN_POINT('',(0.102494931283633,0.098932738532852,0.0005));
#11928=CARTESIAN_POINT('',(0.0504344708631695,-0.0300019613746765,0.0005));
#11929=CARTESIAN_POINT('',(0.0504344708631694,-0.0300019613746765,0.0005));
#11930=CARTESIAN_POINT('',(0.0538307271707071,0.0192033943035308,0.0005));
#11931=CARTESIAN_POINT('',(0.0538307271707071,0.0192033943035308,0.0005));
#11932=CARTESIAN_POINT('',(0.00382103506932901,-0.00775059851073876,0.0005));
#11933=CARTESIAN_POINT('',(0.050033742449445,-0.0374805535100508,0.0005));
#11934=CARTESIAN_POINT('',(0.003821035069329,-0.00775059851073877,0.0005));
#11935=CARTESIAN_POINT('',(0.00382103506932901,-0.00775059851073876,-0.0005));
#11936=CARTESIAN_POINT('',(0.0538307271707071,0.0192033943035308,-0.0005));
#11937=CARTESIAN_POINT('',(0.050033742449445,-0.0374805535100508,-0.0005));
#11938=CARTESIAN_POINT('',(0.050033742449445,-0.0374805535100508,0.0005));
#11939=CARTESIAN_POINT('',(0.0531013114681972,-0.0346485511870099,0.0005));
#11940=CARTESIAN_POINT('',(0.0531013114681972,-0.0346485511870099,0.0005));
#11941=CARTESIAN_POINT('',(0.0518423852877278,-0.0365779430067071,0.0005));
#11942=CARTESIAN_POINT('',(0.0522867932851386,-0.0358968568809958,0.0005));
#11943=CARTESIAN_POINT('',(0.0518423852877278,-0.0365779430067071,0.0005));
#11944=CARTESIAN_POINT('',(0.0518423852877278,-0.0365779430067071,-0.0005));
#11945=CARTESIAN_POINT('',(0.0531013114681972,-0.0346485511870099,-0.0005));
#11946=CARTESIAN_POINT('',(0.0522867932851386,-0.0358968568809958,-0.0005));
#11947=CARTESIAN_POINT('',(0.0522867932851386,-0.0358968568809958,0.0005));
#11948=CARTESIAN_POINT('',(-0.0015645681260628,0.0129764488129901,0.0005));
#11949=CARTESIAN_POINT('',(-0.00190079932959804,-0.0108345263813699,0.0005));
#11950=CARTESIAN_POINT('',(0.0501674132632869,-0.0354850254813008,0.0005));
#11951=CARTESIAN_POINT('',(0.0489368492362567,-0.0337110218301831,0.0005));
#11952=CARTESIAN_POINT('',(0.0103892961726338,0.00361421153743069,0.0005));
#11953=CARTESIAN_POINT('',(-0.0015645681260628,0.0129764488129901,-0.0005));
#11954=CARTESIAN_POINT('',(0.0501674132632869,-0.0354850254813008,-0.0005));
#11955=CARTESIAN_POINT('',(-0.00190079932959804,-0.0108345263813699,-0.0005));
#11956=CARTESIAN_POINT('',(0.0103892961726338,0.00361421153743069,-0.0005));
#11957=CARTESIAN_POINT('',(0.0489368492362567,-0.0337110218301831,-0.0005));
#11958=CARTESIAN_POINT('',(-0.0102847362796065,-0.0562204743857869,0.0005));
#11959=CARTESIAN_POINT('',(-0.0102847362796065,-0.0562204743857869,0.0005));
#11960=CARTESIAN_POINT('',(-0.0086227327394981,0.000566185816579218,0.0005));
#11961=CARTESIAN_POINT('',(-0.0574759827123284,-0.0245902152526019,0.0005));
#11962=CARTESIAN_POINT('',(-0.0086227327394981,0.000566185816579232,0.0005));
#11963=CARTESIAN_POINT('',(-0.0086227327394981,0.000566185816579218,-0.0005));
#11964=CARTESIAN_POINT('',(-0.0102847362796065,-0.0562204743857869,-0.0005));
#11965=CARTESIAN_POINT('',(-0.0574759827123284,-0.0245902152526019,-0.0005));
#11966=CARTESIAN_POINT('',(-0.0574759827123284,-0.0245902152526019,0.0005));
#11967=CARTESIAN_POINT('',(-0.0565571812663747,-0.0286628091122238,0.0005));
#11968=CARTESIAN_POINT('',(-0.0565571812663747,-0.0286628091122238,0.0005));
#11969=CARTESIAN_POINT('',(-0.0575986205058515,-0.0266078511485994,0.0005));
#11970=CARTESIAN_POINT('',(-0.0572309866175259,-0.0273332628268578,0.0005));
#11971=CARTESIAN_POINT('',(-0.0575986205058515,-0.0266078511485994,0.0005));
#11972=CARTESIAN_POINT('',(-0.0575986205058515,-0.0266078511485994,-0.0005));
#11973=CARTESIAN_POINT('',(-0.0565571812663747,-0.0286628091122238,-0.0005));
#11974=CARTESIAN_POINT('',(-0.0572309866175259,-0.0273332628268578,-0.0005));
#11975=CARTESIAN_POINT('',(-0.0572309866175259,-0.0273332628268578,0.0005));
#11976=CARTESIAN_POINT('',(0.0344307991935968,-0.138229583517193,0.0005));
#11977=CARTESIAN_POINT('',(0.0344307991935968,-0.138229583517193,-0.0005));
#11978=CARTESIAN_POINT('',(-0.00385433852764712,-0.00455573936995329,-0.0005));
#11979=CARTESIAN_POINT('',(-0.0511996961454141,-0.0286765523065926,-0.0005));
#11980=CARTESIAN_POINT('',(-0.00385433852764712,-0.00455573936995329,0.0005));
#11981=CARTESIAN_POINT('',(-0.00385433852764712,-0.00455573936995329,0.0005));
#11982=CARTESIAN_POINT('',(0.0344307991935968,-0.138229583517193,0.0005));
#11983=CARTESIAN_POINT('',(-0.0511996961454141,-0.0286765523065926,0.0005));
#11984=CARTESIAN_POINT('',(-0.0511996961454141,-0.0286765523065926,0.0005));
#11985=CARTESIAN_POINT('',(-0.0015645681260628,0.0129764488129901,0.0005));
#11986=CARTESIAN_POINT('',(-0.00843257541943997,0.00706340369761325,0.0005));
#11987=CARTESIAN_POINT('',(-0.055814640152388,-0.0257037415875084,0.0005));
#11988=CARTESIAN_POINT('',(-0.0536630259105988,-0.0255250437046759,0.0005));
#11989=CARTESIAN_POINT('',(-0.0020646490802511,-0.0108045001816566,0.0005));
#11990=CARTESIAN_POINT('',(-0.0015645681260628,0.0129764488129901,-0.0005));
#11991=CARTESIAN_POINT('',(-0.055814640152388,-0.0257037415875084,-0.0005));
#11992=CARTESIAN_POINT('',(-0.00843257541943997,0.00706340369761325,-0.0005));
#11993=CARTESIAN_POINT('',(-0.0020646490802511,-0.0108045001816566,-0.0005));
#11994=CARTESIAN_POINT('',(-0.0536630259105988,-0.0255250437046759,-0.0005));
#11995=CARTESIAN_POINT('',(-0.0435459908911006,0.0370170800822562,0.0005));
#11996=CARTESIAN_POINT('',(-0.0435459908911006,0.0370170800822562,0.0005));
#11997=CARTESIAN_POINT('',(0.00480169767016909,0.00718441269415953,0.0005));
#11998=CARTESIAN_POINT('',(0.00744224026288341,0.0620707687626526,0.0005));
#11999=CARTESIAN_POINT('',(0.00480169767016909,0.00718441269415954,0.0005));
#12000=CARTESIAN_POINT('',(0.00480169767016909,0.00718441269415953,-0.0005));
#12001=CARTESIAN_POINT('',(-0.0435459908911006,0.0370170800822562,-0.0005));
#12002=CARTESIAN_POINT('',(0.00744224026288341,0.0620707687626526,-0.0005));
#12003=CARTESIAN_POINT('',(0.00744224026288343,0.0620707687626526,0.0005));
#12004=CARTESIAN_POINT('',(0.00345586979817738,0.0633113602992337,0.0005));
#12005=CARTESIAN_POINT('',(0.00345586979817738,0.0633113602992337,0.0005));
#12006=CARTESIAN_POINT('',(0.0057562352181237,0.0631857941553064,0.0005));
#12007=CARTESIAN_POINT('',(0.0049441933323872,0.0632301197078535,0.0005));
#12008=CARTESIAN_POINT('',(0.0057562352181237,0.0631857941553064,0.0005));
#12009=CARTESIAN_POINT('',(0.0057562352181237,0.0631857941553064,-0.0005));
#12010=CARTESIAN_POINT('',(0.00345586979817738,0.0633113602992337,-0.0005));
#12011=CARTESIAN_POINT('',(0.0049441933323872,0.0632301197078535,-0.0005));
#12012=CARTESIAN_POINT('',(0.0049441933323872,0.0632301197078535,0.0005));
#12013=CARTESIAN_POINT('',(-0.13692573047723,0.0392968449843408,0.0005));
#12014=CARTESIAN_POINT('',(-0.13692573047723,0.0392968449843408,-0.0005));
#12015=CARTESIAN_POINT('',(-0.00201821676357694,0.00561582476470413,-0.0005));
#12016=CARTESIAN_POINT('',(0.000765225282244569,0.0586785136812691,-0.0005));
#12017=CARTESIAN_POINT('',(-0.00201821676357694,0.00561582476470413,0.0005));
#12018=CARTESIAN_POINT('',(-0.00201821676357694,0.00561582476470413,0.0005));
#12019=CARTESIAN_POINT('',(-0.13692573047723,0.0392968449843408,0.0005));
#12020=CARTESIAN_POINT('',(0.000765225282244569,0.0586785136812691,0.0005));
#12021=CARTESIAN_POINT('',(0.000765225282244569,0.0586785136812691,0.0005));
#12022=CARTESIAN_POINT('',(-0.0015645681260628,0.0129764488129901,0.0005));
#12023=CARTESIAN_POINT('',(0.010333374749038,0.0037711226837566,0.0005));
#12024=CARTESIAN_POINT('',(0.00564722688910108,0.0611887670688092,0.0005));
#12025=CARTESIAN_POINT('',(0.00472617667434197,0.059236065534859,0.0005));
#12026=CARTESIAN_POINT('',(-0.00832464709238271,0.00719028864422591,0.0005));
#12027=CARTESIAN_POINT('',(-0.0015645681260628,0.0129764488129901,-0.0005));
#12028=CARTESIAN_POINT('',(0.00564722688910108,0.0611887670688092,-0.0005));
#12029=CARTESIAN_POINT('',(0.010333374749038,0.0037711226837566,-0.0005));
#12030=CARTESIAN_POINT('',(-0.00832464709238271,0.00719028864422591,-0.0005));
#12031=CARTESIAN_POINT('',(0.00472617667434197,0.059236065534859,-0.0005));
#12032=CARTESIAN_POINT('',(0.00472617667434197,0.059236065534859,0.0005));
#12033=CARTESIAN_POINT('',(0.0489368492362567,-0.0337110218301831,0.0005));
#12034=CARTESIAN_POINT('',(-0.0536630259105988,-0.0255250437046759,0.0005));
#12035=CARTESIAN_POINT('',(0.0501674132632869,-0.0354850254813008,0.0005));
#12036=CARTESIAN_POINT('',(0.00564722688910108,0.0611887670688092,0.0005));
#12037=CARTESIAN_POINT('',(-0.055814640152388,-0.0257037415875084,0.0005));
#12038=CARTESIAN_POINT('',(-0.00843257541943997,0.00706340369761325,0.00325));
#12039=CARTESIAN_POINT('',(-0.00832464709238271,0.00719028864422591,0.0005));
#12040=CARTESIAN_POINT('',(0.010333374749038,0.0037711226837566,0.00325));
#12041=CARTESIAN_POINT('',(0.0103892961726338,0.00361421153743069,0.0005));
#12042=CARTESIAN_POINT('',(-0.00190079932959804,-0.0108345263813699,0.00325));
#12043=CARTESIAN_POINT('',(-0.0020646490802511,-0.0108045001816566,0.0005));
#12044=CARTESIAN_POINT('',(0.136277807353522,0.113742721865241,0.0263091072946787));
#12045=CARTESIAN_POINT('',(0.0299366636594059,-0.028794491328299,0.000459107294678688));
#12046=CARTESIAN_POINT('',(0.0154366636594059,-0.012169491328299,0.0165591072946787));
#12047=CARTESIAN_POINT('',(-0.0295633363405941,-0.028794491328299,0.000459107294678688));
#12048=CARTESIAN_POINT('',(-0.141561338816334,-0.101924850272348,-0.00434089270532131));
#12049=CARTESIAN_POINT('',(6.93889390390723E-18,0.03525,0.041));
#12050=CARTESIAN_POINT('',(-0.014,0.03525,0.041));
#12051=CARTESIAN_POINT('',(-0.014,0.03525,0.0065));
#12052=CARTESIAN_POINT('',(-0.014,0.03525,0.0345));
#12053=CARTESIAN_POINT('',(6.93889390390723E-18,0.03525,0.0345));
#12054=CARTESIAN_POINT('',(0.014,0.03525,0.0345));
#12055=CARTESIAN_POINT('',(0.014,0.03525,0.041));
#12056=CARTESIAN_POINT('',(0.014,0.03525,0.0065));
#12057=CARTESIAN_POINT('',(-0.0205,0.03525,0.0065));
#12058=CARTESIAN_POINT('',(-0.0205,0.,0.041));
#12059=CARTESIAN_POINT('',(-0.0205,0.03525,0.0345));
#12060=CARTESIAN_POINT('',(-0.0205,-0.02875,0.0345));
#12061=CARTESIAN_POINT('',(-0.0205,0.02875,0.0345));
#12062=CARTESIAN_POINT('',(-0.0205,0.02875,0.));
#12063=CARTESIAN_POINT('',(-0.0205,0.02875,0.0065));
#12064=CARTESIAN_POINT('',(-0.0205,0.,0.0065));
#12065=CARTESIAN_POINT('',(-0.0205,-0.02875,0.0065));
#12066=CARTESIAN_POINT('',(-0.0205,-0.02875,0.041));
#12067=CARTESIAN_POINT('',(-6.93889390390723E-18,-0.03525,0.041));
#12068=CARTESIAN_POINT('',(-0.014,-0.03525,0.041));
#12069=CARTESIAN_POINT('',(-0.014,-0.03525,0.0345));
#12070=CARTESIAN_POINT('',(-0.014,-0.03525,0.0065));
#12071=CARTESIAN_POINT('',(-6.93889390390723E-18,-0.03525,0.0065));
#12072=CARTESIAN_POINT('',(0.014,-0.03525,0.0065));
#12073=CARTESIAN_POINT('',(0.014,-0.03525,0.041));
#12074=CARTESIAN_POINT('',(0.014,-0.03525,0.0345));
#12075=CARTESIAN_POINT('',(-0.0205,-0.03525,0.0345));
#12076=CARTESIAN_POINT('',(0.0205,0.,0.041));
#12077=CARTESIAN_POINT('',(0.0205,0.03525,0.0065));
#12078=CARTESIAN_POINT('',(0.0205,-0.02875,0.0065));
#12079=CARTESIAN_POINT('',(0.0205,0.02875,0.0065));
#12080=CARTESIAN_POINT('',(0.0205,0.02875,0.041));
#12081=CARTESIAN_POINT('',(0.0205,0.02875,0.0345));
#12082=CARTESIAN_POINT('',(0.0205,0.,0.0345));
#12083=CARTESIAN_POINT('',(0.0205,-0.02875,0.0345));
#12084=CARTESIAN_POINT('',(0.0205,-0.02875,0.));
#12085=CARTESIAN_POINT('',(0.,0.,0.041));
#12086=CARTESIAN_POINT('',(0.014,-2.75587275616174E-18,0.041));
#12087=CARTESIAN_POINT('',(0.014,-0.02875,0.041));
#12088=CARTESIAN_POINT('',(0.014,0.02875,0.041));
#12089=CARTESIAN_POINT('',(0.,0.02875,0.041));
#12090=CARTESIAN_POINT('',(-0.014,0.02875,0.041));
#12091=CARTESIAN_POINT('',(-0.014,-0.03525,0.041));
#12092=CARTESIAN_POINT('',(-0.014,-0.02875,0.041));
#12093=CARTESIAN_POINT('',(0.0205,-0.02875,0.041));
#12094=CARTESIAN_POINT('',(0.,0.,0.));
#12095=CARTESIAN_POINT('',(-0.014,2.75587275616174E-18,0.));
#12096=CARTESIAN_POINT('',(-0.014,-0.02875,0.));
#12097=CARTESIAN_POINT('',(-0.014,0.02875,0.));
#12098=CARTESIAN_POINT('',(0.0205,0.02875,0.));
#12099=CARTESIAN_POINT('',(0.014,0.02875,0.));
#12100=CARTESIAN_POINT('',(0.014,-0.03525,0.));
#12101=CARTESIAN_POINT('',(0.014,-0.02875,0.));
#12102=CARTESIAN_POINT('',(0.,-0.02875,0.));
#12103=CARTESIAN_POINT('',(-6.93889390390723E-18,-0.02875,0.0065));
#12104=CARTESIAN_POINT('',(-0.014,-0.02875,0.0065));
#12105=CARTESIAN_POINT('',(0.014,-0.02875,0.0065));
#12106=CARTESIAN_POINT('',(-0.014,-0.02875,0.0065));
#12107=CARTESIAN_POINT('',(-0.014,-0.02875,0.0065));
#12108=CARTESIAN_POINT('',(-0.014,-0.02875,0.0065));
#12109=CARTESIAN_POINT('',(0.014,-0.02875,0.0065));
#12110=CARTESIAN_POINT('',(0.014,-0.02875,0.0065));
#12111=CARTESIAN_POINT('',(0.014,-0.02875,0.0065));
#12112=CARTESIAN_POINT('',(-0.014,-0.02875,0.041));
#12113=CARTESIAN_POINT('',(-0.014,-0.02875,0.0345));
#12114=CARTESIAN_POINT('',(-0.014,-1.27951235107509E-18,0.0065));
#12115=CARTESIAN_POINT('',(-0.014,0.02875,0.0065));
#12116=CARTESIAN_POINT('',(0.,0.02875,0.0065));
#12117=CARTESIAN_POINT('',(0.014,0.02875,0.0065));
#12118=CARTESIAN_POINT('',(-0.014,0.02875,0.0065));
#12119=CARTESIAN_POINT('',(0.014,-2.75587275616174E-18,0.0065));
#12120=CARTESIAN_POINT('',(0.014,0.02875,0.0065));
#12121=CARTESIAN_POINT('',(0.014,-0.02875,0.041));
#12122=CARTESIAN_POINT('',(0.014,-0.02875,0.0345));
#12123=CARTESIAN_POINT('',(0.,-0.02875,0.0345));
#12124=CARTESIAN_POINT('',(-0.014,-0.02875,0.0345));
#12125=CARTESIAN_POINT('',(0.014,-0.02875,0.0345));
#12126=CARTESIAN_POINT('',(-0.014,-0.02875,0.0345));
#12127=CARTESIAN_POINT('',(-0.014,-0.02875,0.0345));
#12128=CARTESIAN_POINT('',(-0.014,0.02875,0.0065));
#12129=CARTESIAN_POINT('',(-0.014,0.02875,0.0065));
#12130=CARTESIAN_POINT('',(0.014,0.02875,0.0065));
#12131=CARTESIAN_POINT('',(0.014,0.02875,0.0065));
#12132=CARTESIAN_POINT('',(0.014,-0.02875,0.0345));
#12133=CARTESIAN_POINT('',(0.014,-0.02875,0.0345));
#12134=CARTESIAN_POINT('',(-0.014,2.75587275616174E-18,0.0345));
#12135=CARTESIAN_POINT('',(-0.014,0.02875,0.0345));
#12136=CARTESIAN_POINT('',(-0.014,0.02875,0.041));
#12137=CARTESIAN_POINT('',(-0.014,0.02875,0.0345));
#12138=CARTESIAN_POINT('',(0.014,0.02875,0.041));
#12139=CARTESIAN_POINT('',(0.014,0.02875,0.0345));
#12140=CARTESIAN_POINT('',(0.014,1.27951235107509E-18,0.0345));
#12141=CARTESIAN_POINT('',(0.014,0.02875,0.0345));
#12142=CARTESIAN_POINT('',(-0.014,0.02875,0.0345));
#12143=CARTESIAN_POINT('',(-0.014,0.02875,0.0345));
#12144=CARTESIAN_POINT('',(0.014,0.02875,0.0345));
#12145=CARTESIAN_POINT('',(0.014,0.02875,0.0345));
#12146=CARTESIAN_POINT('',(6.93889390390723E-18,0.02875,0.0345));
#12147=CARTESIAN_POINT('',(0.000186663659405891,0.00308050867170095,0.0259591072946787));
#12148=CARTESIAN_POINT('',(0.141934666135146,0.10808586761575,-0.0043408927053213));
#12149=CARTESIAN_POINT('',(-0.0295633363405941,0.0349555086717009,0.0184591072946787));
#12150=CARTESIAN_POINT('',(-0.0376166371994932,-0.00929386218719815,-0.00254089270532131));
#12151=CARTESIAN_POINT('',(0.136277809619589,-0.107581702255774,-0.0073408927053213));
#12152=CARTESIAN_POINT('',(-0.0376166371994932,0.0154548795306,0.00675910729467869));
#12153=CARTESIAN_POINT('',(-0.130247630317351,0.108085863083618,-0.00434089270532131));
#12154=CARTESIAN_POINT('',(0.0299366636594058,0.0349555086717009,0.0184591072946787));
#12155=CARTESIAN_POINT('',(-0.0376166371994932,-0.00929386218719816,0.00675910729467869));
#12156=CARTESIAN_POINT('',(-0.0429199380583923,-0.0145971630460973,0.00675910729467869));
#12157=CARTESIAN_POINT('',(0.,1.65327317884892E-19,0.0028));
#12158=CARTESIAN_POINT('',(0.,1.65327317884892E-19,0.0028));
#12159=CARTESIAN_POINT('',(0.0027,1.65327317884892E-19,0.0028));
#12160=CARTESIAN_POINT('',(0.,1.65327317884892E-19,0.));
#12161=CARTESIAN_POINT('',(0.0027,1.65327317884892E-19,0.));
#12162=CARTESIAN_POINT('',(0.,0.,0.0028));
#12163=CARTESIAN_POINT('',(0.,9.18485099360515E-20,0.0028));
#12164=CARTESIAN_POINT('',(0.0015,9.18485099360515E-20,0.0028));
#12165=CARTESIAN_POINT('',(0.,0.,0.));
#12166=CARTESIAN_POINT('',(0.,9.18485099360515E-20,0.0228));
#12167=CARTESIAN_POINT('',(0.,9.18485099360515E-20,0.0228));
#12168=CARTESIAN_POINT('',(0.0015,9.18485099360515E-20,0.0228));
#12169=CARTESIAN_POINT('',(0.,0.,0.0228));
#12170=CARTESIAN_POINT('',(0.0154366636594059,0.0183305086717009,-0.00334089270532131));
#12171=CARTESIAN_POINT('',(-0.130247625785219,-0.1132385542392,-0.00434089270532131));
#12172=CARTESIAN_POINT('',(0.0299366636594059,0.00308050867170098,0.0239591072946787));
#12173=CARTESIAN_POINT('',(0.0432932653772041,-0.0145971630460972,-0.00254089270532131));
#12174=CARTESIAN_POINT('',(-0.0295633363405941,-0.028794491328299,0.0184591072946787));
#12175=CARTESIAN_POINT('',(0.0299366636594059,0.0349555086717009,-0.00634089270532131));
#12176=CARTESIAN_POINT('',(-0.0295633363405941,0.0349555086717009,0.000459107294678688));
#12177=CARTESIAN_POINT('',(0.136277809619589,-0.107581702255774,-0.00344089270532131));
#12178=CARTESIAN_POINT('',(-0.0295633363405941,0.00308050867170095,0.0184591072946787));
#12179=CARTESIAN_POINT('',(-0.130247630317351,-0.101924845740216,-0.0043408927053213));
#12180=CARTESIAN_POINT('',(-0.135904482300777,-0.107581702255774,-0.00734089270532131));
#12181=CARTESIAN_POINT('',(-0.0323133363405941,0.00308050867170095,0.00345910729467868));
#12182=CARTESIAN_POINT('',(0.130620957636162,0.108085863083618,-0.0043408927053213));
#12183=CARTESIAN_POINT('',(0.0299366636594059,0.00308050867170098,-0.00634089270532131));
#12184=CARTESIAN_POINT('',(0.136277809619588,0.113742719599176,-0.0034408927053213));
#12185=CARTESIAN_POINT('',(-0.0429199380583923,0.0207581803894992,0.00675910729467869));
#12186=CARTESIAN_POINT('',(-0.0150633363405941,0.0183305086717009,0.0165591072946787));
#12187=CARTESIAN_POINT('',(0.136277807353523,-0.107581704521839,0.00915910729467868));
#12188=CARTESIAN_POINT('',(-0.0295633363405941,0.00308050867170095,0.0239591072946787));
#12189=CARTESIAN_POINT('',(-0.0295633363405941,0.00308050867170095,-0.00634089270532131));
#12190=CARTESIAN_POINT('',(-0.0295633363405941,-0.028794491328299,0.0239591072946787));
#12191=CARTESIAN_POINT('',(-0.0295633363405941,0.0349555086717009,-0.00634089270532131));
#12192=CARTESIAN_POINT('',(0.136277807353523,-0.107581704521839,0.0305591072946787));
#12193=CARTESIAN_POINT('',(-0.0376166371994932,0.0154548795306,-0.00254089270532131));
#12194=CARTESIAN_POINT('',(0.141934661603015,0.119399576114734,-0.00434089270532131));
#12195=CARTESIAN_POINT('',(-0.135904480034711,0.113742721865241,0.0305591072946787));
#12196=CARTESIAN_POINT('',(0.0432932653772041,0.0207581803894992,0.00675910729467869));
#12197=CARTESIAN_POINT('',(0.0299366636594059,0.00308050867170095,0.0184591072946787));
#12198=CARTESIAN_POINT('',(0.014,0.,0.01));
#12199=CARTESIAN_POINT('',(0.014,0.,0.));
#12200=CARTESIAN_POINT('',(0.014,0.014,0.));
#12201=CARTESIAN_POINT('',(0.014,-0.014,0.));
#12202=CARTESIAN_POINT('',(0.014,0.014,0.01));
#12203=CARTESIAN_POINT('',(0.014,0.014,0.01));
#12204=CARTESIAN_POINT('',(0.014,0.,0.01));
#12205=CARTESIAN_POINT('',(0.014,-0.014,0.01));
#12206=CARTESIAN_POINT('',(0.014,-0.014,0.01));
#12207=CARTESIAN_POINT('',(0.,0.014,0.01));
#12208=CARTESIAN_POINT('',(0.,0.014,0.));
#12209=CARTESIAN_POINT('',(-0.014,0.014,0.));
#12210=CARTESIAN_POINT('',(-0.014,0.014,0.01));
#12211=CARTESIAN_POINT('',(-0.014,0.014,0.01));
#12212=CARTESIAN_POINT('',(0.,0.014,0.01));
#12213=CARTESIAN_POINT('',(-0.014,0.,0.01));
#12214=CARTESIAN_POINT('',(-0.014,0.,0.));
#12215=CARTESIAN_POINT('',(-0.014,-0.014,0.));
#12216=CARTESIAN_POINT('',(-0.014,-0.014,0.01));
#12217=CARTESIAN_POINT('',(-0.014,-0.014,0.01));
#12218=CARTESIAN_POINT('',(-0.014,0.,0.01));
#12219=CARTESIAN_POINT('',(0.,-0.014,0.01));
#12220=CARTESIAN_POINT('',(0.,-0.014,0.));
#12221=CARTESIAN_POINT('',(0.,-0.014,0.01));
#12222=CARTESIAN_POINT('',(0.,0.,0.01));
#12223=CARTESIAN_POINT('',(0.,0.,0.));
#12224=CARTESIAN_POINT('',(0.000186663659405891,0.045480508671701,0.000459207294678688));
#12225=CARTESIAN_POINT('',(0.136277809619588,0.113742719599176,-0.00354089270532132));
#12226=CARTESIAN_POINT('',(-0.130247625785219,0.119399571582602,-0.00434089270532131));
#12227=CARTESIAN_POINT('',(-0.135904482300777,-0.107581702255774,-0.00344089270532131));
#12228=CARTESIAN_POINT('',(0.0299366636594059,-0.028794491328299,0.0184591072946787));
#12229=CARTESIAN_POINT('',(0.141934666135146,-0.101924850272348,-0.00434089270532131));
#12230=CARTESIAN_POINT('',(-0.0429199380583923,-0.0145971630460973,-0.00254089270532131));
#12231=CARTESIAN_POINT('',(-0.135904482300777,0.113742719599176,-0.0073408927053213));
#12232=CARTESIAN_POINT('',(0.0432932653772041,-0.0145971630460973,0.00675910729467869));
#12233=CARTESIAN_POINT('',(-0.135904480034711,0.113742721865241,0.0263091072946787));
#12234=CARTESIAN_POINT('',(-0.0295633363405941,-0.028794491328299,-0.00634089270532131));
#12235=CARTESIAN_POINT('',(0.0379899645183049,0.0154548795306001,0.00675910729467869));
#12236=CARTESIAN_POINT('',(0.0154366636594059,0.0183305086717009,0.0165591072946787));
#12237=CARTESIAN_POINT('',(0.0299366636594059,0.0349555086717009,0.0239591072946787));
#12238=CARTESIAN_POINT('',(0.136277807353522,0.113742721865241,0.0305591072946787));
#12239=CARTESIAN_POINT('',(0.141934661603015,-0.113238558771332,-0.00434089270532131));
#12240=CARTESIAN_POINT('',(-0.135904480034711,-0.107581704521839,0.00915910729467869));
#12241=CARTESIAN_POINT('',(-0.141561338816334,0.10808586761575,-0.00434089270532131));
#12242=CARTESIAN_POINT('',(-0.135904480034711,-0.107581704521839,0.0263091072946787));
#12243=CARTESIAN_POINT('',(-0.0150633363405941,-0.012169491328299,0.0165591072946787));
#12244=CARTESIAN_POINT('',(0.130620957636162,-0.101924845740216,-0.00434089270532131));
#12245=CARTESIAN_POINT('',(0.0154366636594059,-0.012169491328299,-0.00334089270532131));
#12246=CARTESIAN_POINT('',(0.0251,0.,0.007));
#12247=CARTESIAN_POINT('',(0.0251,0.,0.));
#12248=CARTESIAN_POINT('',(0.0251,0.01275,0.));
#12249=CARTESIAN_POINT('',(0.0251,-0.01275,0.));
#12250=CARTESIAN_POINT('',(0.0251,0.01275,0.007));
#12251=CARTESIAN_POINT('',(0.0251,0.01275,0.007));
#12252=CARTESIAN_POINT('',(0.0251,0.,0.007));
#12253=CARTESIAN_POINT('',(0.0251,-0.006375,0.007));
#12254=CARTESIAN_POINT('',(0.0251,0.,0.007));
#12255=CARTESIAN_POINT('',(0.0251,-0.01275,0.007));
#12256=CARTESIAN_POINT('',(0.0251,-0.01275,0.007));
#12257=CARTESIAN_POINT('',(0.,0.01275,0.007));
#12258=CARTESIAN_POINT('',(0.,0.01275,0.));
#12259=CARTESIAN_POINT('',(-0.023,0.01275,0.));
#12260=CARTESIAN_POINT('',(-0.023,0.01275,-1.E-7));
#12261=CARTESIAN_POINT('',(-0.023,0.01275,-1.E-7));
#12262=CARTESIAN_POINT('',(0.,0.01275,-1.E-7));
#12263=CARTESIAN_POINT('',(-0.0251,0.01275,-1.E-7));
#12264=CARTESIAN_POINT('',(-0.0251,0.01275,0.007));
#12265=CARTESIAN_POINT('',(-0.0251,0.01275,0.007));
#12266=CARTESIAN_POINT('',(0.,0.01275,0.007));
#12267=CARTESIAN_POINT('',(-0.0251,0.,0.007));
#12268=CARTESIAN_POINT('',(-0.0251,0.,-1.E-7));
#12269=CARTESIAN_POINT('',(-0.0251,0.0105,-1.E-7));
#12270=CARTESIAN_POINT('',(-0.0251,0.0105,-1.E-7));
#12271=CARTESIAN_POINT('',(-0.0251,0.0105,0.));
#12272=CARTESIAN_POINT('',(-0.0251,0.,0.));
#12273=CARTESIAN_POINT('',(-0.0251,-0.01275,0.));
#12274=CARTESIAN_POINT('',(-0.0251,-0.01275,0.007));
#12275=CARTESIAN_POINT('',(-0.0251,-0.01275,0.007));
#12276=CARTESIAN_POINT('',(-0.0251,0.,0.007));
#12277=CARTESIAN_POINT('',(-3.46944695195361E-18,-0.01275,0.007));
#12278=CARTESIAN_POINT('',(-3.46944695195361E-18,-0.01275,0.));
#12279=CARTESIAN_POINT('',(-3.46944695195361E-18,-0.01275,0.007));
#12280=CARTESIAN_POINT('',(0.,3.46944695195361E-18,0.007));
#12281=CARTESIAN_POINT('',(0.0246,-0.006375,0.007));
#12282=CARTESIAN_POINT('',(0.,3.46944695195361E-18,0.));
#12283=CARTESIAN_POINT('',(-0.02405,0.0105,0.));
#12284=CARTESIAN_POINT('',(-0.023,0.0105,0.));
#12285=CARTESIAN_POINT('',(-0.023,0.011625,0.));
#12286=CARTESIAN_POINT('',(0.0246,-0.006375,0.037));
#12287=CARTESIAN_POINT('',(0.0246,-0.006375,0.036));
#12288=CARTESIAN_POINT('',(0.0251,-0.006375,0.036));
#12289=CARTESIAN_POINT('',(0.0246,-0.006375,0.107));
#12290=CARTESIAN_POINT('',(0.0246,-0.006375,0.0368660254037845));
#12291=CARTESIAN_POINT('',(0.0256,-0.006375,0.0368660254037845));
#12292=CARTESIAN_POINT('',(0.0246,-0.006375,0.106));
#12293=CARTESIAN_POINT('',(0.0236,-0.006375,0.106));
#12294=CARTESIAN_POINT('',(0.0246,-0.006375,0.106));
#12295=CARTESIAN_POINT('',(0.0246,-0.006375,0.036));
#12296=CARTESIAN_POINT('',(-0.02405,0.0105,-1.E-7));
#12297=CARTESIAN_POINT('',(-0.02405,0.0105,-1.E-7));
#12298=CARTESIAN_POINT('',(-0.023,0.0105,-1.E-7));
#12299=CARTESIAN_POINT('',(-0.023,0.0105,-1.E-7));
#12300=CARTESIAN_POINT('',(-0.023,0.011625,-1.E-7));
#12301=CARTESIAN_POINT('',(-0.023,0.011625,-1.E-7));
#12302=CARTESIAN_POINT('',(3.46944695195361E-18,3.46944695195361E-18,-1.E-7));
#12303=CARTESIAN_POINT('',(0.000186663659405901,-0.0374194913282991,0.0104593072946787));
#12304=CARTESIAN_POINT('',(0.130620953104031,0.119399571582602,-0.0043408927053213));
#12305=CARTESIAN_POINT('',(0.0432932653772041,0.0207581803894992,-0.00254089270532131));
#12306=CARTESIAN_POINT('',(0.136277809619588,0.113742719599176,-0.00734089270532131));
#12307=CARTESIAN_POINT('',(0.136277807353522,0.113742721865241,0.00915910729467868));
#12308=CARTESIAN_POINT('',(-0.141561334284203,0.119399576114733,-0.00434089270532131));
#12309=CARTESIAN_POINT('',(0.136277807353523,-0.107581704521839,0.0263091072946787));
#12310=CARTESIAN_POINT('',(-0.0150633363405941,0.0183305086717009,-0.00334089270532131));
#12311=CARTESIAN_POINT('',(-0.0295633363405941,0.00308050867170095,0.000459107294678688));
#12312=CARTESIAN_POINT('',(-0.0150633363405941,-0.012169491328299,-0.00334089270532132));
#12313=CARTESIAN_POINT('',(0.136277809619589,-0.107581702255774,-0.00354089270532131));
#12314=CARTESIAN_POINT('',(0.130620953104031,-0.1132385542392,-0.00434089270532131));
#12315=MECHANICAL_DESIGN_GEOMETRIC_PRESENTATION_REPRESENTATION('',(#6985,
#6986,#6987,#6988,#6989,#6990,#6991,#6992,#6993,#6994,#6995,#6996,#6997,
#6998,#6999,#7000,#7001,#7002,#7003),#12316);
#12316=(
GEOMETRIC_REPRESENTATION_CONTEXT(3)
GLOBAL_UNCERTAINTY_ASSIGNED_CONTEXT((#12336))
GLOBAL_UNIT_ASSIGNED_CONTEXT((#12358,#12357,#12356))
REPRESENTATION_CONTEXT('Drone Frame','TOP_LEVEL_ASSEMBLY_PART')
);
#12317=(
GEOMETRIC_REPRESENTATION_CONTEXT(3)
GLOBAL_UNCERTAINTY_ASSIGNED_CONTEXT((#12337))
GLOBAL_UNIT_ASSIGNED_CONTEXT((#12358,#12357,#12356))
REPRESENTATION_CONTEXT('Part 1','COMPONENT_PART')
);
#12318=(
GEOMETRIC_REPRESENTATION_CONTEXT(3)
GLOBAL_UNCERTAINTY_ASSIGNED_CONTEXT((#12338))
GLOBAL_UNIT_ASSIGNED_CONTEXT((#12358,#12357,#12356))
REPRESENTATION_CONTEXT('Part 1','COMPONENT_PART')
);
#12319=(
GEOMETRIC_REPRESENTATION_CONTEXT(3)
GLOBAL_UNCERTAINTY_ASSIGNED_CONTEXT((#12339))
GLOBAL_UNIT_ASSIGNED_CONTEXT((#12358,#12357,#12356))
REPRESENTATION_CONTEXT('Part 1','COMPONENT_PART')
);
#12320=(
GEOMETRIC_REPRESENTATION_CONTEXT(3)
GLOBAL_UNCERTAINTY_ASSIGNED_CONTEXT((#12340))
GLOBAL_UNIT_ASSIGNED_CONTEXT((#12358,#12357,#12356))
REPRESENTATION_CONTEXT('Part 1','COMPONENT_PART')
);
#12321=(
GEOMETRIC_REPRESENTATION_CONTEXT(3)
GLOBAL_UNCERTAINTY_ASSIGNED_CONTEXT((#12341))
GLOBAL_UNIT_ASSIGNED_CONTEXT((#12358,#12357,#12356))
REPRESENTATION_CONTEXT('Part 1','COMPONENT_PART')
);
#12322=(
GEOMETRIC_REPRESENTATION_CONTEXT(3)
GLOBAL_UNCERTAINTY_ASSIGNED_CONTEXT((#12342))
GLOBAL_UNIT_ASSIGNED_CONTEXT((#12358,#12357,#12356))
REPRESENTATION_CONTEXT('Part 1','COMPONENT_PART')
);
#12323=(
GEOMETRIC_REPRESENTATION_CONTEXT(3)
GLOBAL_UNCERTAINTY_ASSIGNED_CONTEXT((#12343))
GLOBAL_UNIT_ASSIGNED_CONTEXT((#12358,#12357,#12356))
REPRESENTATION_CONTEXT('Part 1','COMPONENT_PART')
);
#12324=(
GEOMETRIC_REPRESENTATION_CONTEXT(3)
GLOBAL_UNCERTAINTY_ASSIGNED_CONTEXT((#12344))
GLOBAL_UNIT_ASSIGNED_CONTEXT((#12358,#12357,#12356))
REPRESENTATION_CONTEXT('Part 1','COMPONENT_PART')
);
#12325=(
GEOMETRIC_REPRESENTATION_CONTEXT(3)
GLOBAL_UNCERTAINTY_ASSIGNED_CONTEXT((#12345))
GLOBAL_UNIT_ASSIGNED_CONTEXT((#12358,#12357,#12356))
REPRESENTATION_CONTEXT('Part 1','COMPONENT_PART')
);
#12326=(
GEOMETRIC_REPRESENTATION_CONTEXT(3)
GLOBAL_UNCERTAINTY_ASSIGNED_CONTEXT((#12346))
GLOBAL_UNIT_ASSIGNED_CONTEXT((#12358,#12357,#12356))
REPRESENTATION_CONTEXT('Part 1','COMPONENT_PART')
);
#12327=(
GEOMETRIC_REPRESENTATION_CONTEXT(3)
GLOBAL_UNCERTAINTY_ASSIGNED_CONTEXT((#12347))
GLOBAL_UNIT_ASSIGNED_CONTEXT((#12358,#12357,#12356))
REPRESENTATION_CONTEXT('Part 1','COMPONENT_PART')
);
#12328=(
GEOMETRIC_REPRESENTATION_CONTEXT(3)
GLOBAL_UNCERTAINTY_ASSIGNED_CONTEXT((#12348))
GLOBAL_UNIT_ASSIGNED_CONTEXT((#12358,#12357,#12356))
REPRESENTATION_CONTEXT('Part 1','COMPONENT_PART')
);
#12329=(
GEOMETRIC_REPRESENTATION_CONTEXT(3)
GLOBAL_UNCERTAINTY_ASSIGNED_CONTEXT((#12349))
GLOBAL_UNIT_ASSIGNED_CONTEXT((#12358,#12357,#12356))
REPRESENTATION_CONTEXT('Part 1','COMPONENT_PART')
);
#12330=(
GEOMETRIC_REPRESENTATION_CONTEXT(3)
GLOBAL_UNCERTAINTY_ASSIGNED_CONTEXT((#12350))
GLOBAL_UNIT_ASSIGNED_CONTEXT((#12358,#12357,#12356))
REPRESENTATION_CONTEXT('Part 1','COMPONENT_PART')
);
#12331=(
GEOMETRIC_REPRESENTATION_CONTEXT(3)
GLOBAL_UNCERTAINTY_ASSIGNED_CONTEXT((#12351))
GLOBAL_UNIT_ASSIGNED_CONTEXT((#12358,#12357,#12356))
REPRESENTATION_CONTEXT('Part 1','COMPONENT_PART')
);
#12332=(
GEOMETRIC_REPRESENTATION_CONTEXT(3)
GLOBAL_UNCERTAINTY_ASSIGNED_CONTEXT((#12352))
GLOBAL_UNIT_ASSIGNED_CONTEXT((#12358,#12357,#12356))
REPRESENTATION_CONTEXT('Part 1','COMPONENT_PART')
);
#12333=(
GEOMETRIC_REPRESENTATION_CONTEXT(3)
GLOBAL_UNCERTAINTY_ASSIGNED_CONTEXT((#12353))
GLOBAL_UNIT_ASSIGNED_CONTEXT((#12358,#12357,#12356))
REPRESENTATION_CONTEXT('Part 1','COMPONENT_PART')
);
#12334=(
GEOMETRIC_REPRESENTATION_CONTEXT(3)
GLOBAL_UNCERTAINTY_ASSIGNED_CONTEXT((#12354))
GLOBAL_UNIT_ASSIGNED_CONTEXT((#12358,#12357,#12356))
REPRESENTATION_CONTEXT('Part 1','COMPONENT_PART')
);
#12335=(
GEOMETRIC_REPRESENTATION_CONTEXT(3)
GLOBAL_UNCERTAINTY_ASSIGNED_CONTEXT((#12355))
GLOBAL_UNIT_ASSIGNED_CONTEXT((#12358,#12357,#12356))
REPRESENTATION_CONTEXT('Part 1','COMPONENT_PART')
);
#12336=UNCERTAINTY_MEASURE_WITH_UNIT(LENGTH_MEASURE(1.E-8),#12358,
'DISTANCE_ACCURACY_VALUE','Maximum Tolerance applied to model');
#12337=UNCERTAINTY_MEASURE_WITH_UNIT(LENGTH_MEASURE(1.E-8),#12358,
'DISTANCE_ACCURACY_VALUE','Maximum Tolerance applied to model');
#12338=UNCERTAINTY_MEASURE_WITH_UNIT(LENGTH_MEASURE(1.E-8),#12358,
'DISTANCE_ACCURACY_VALUE','Maximum Tolerance applied to model');
#12339=UNCERTAINTY_MEASURE_WITH_UNIT(LENGTH_MEASURE(1.E-8),#12358,
'DISTANCE_ACCURACY_VALUE','Maximum Tolerance applied to model');
#12340=UNCERTAINTY_MEASURE_WITH_UNIT(LENGTH_MEASURE(1.E-8),#12358,
'DISTANCE_ACCURACY_VALUE','Maximum Tolerance applied to model');
#12341=UNCERTAINTY_MEASURE_WITH_UNIT(LENGTH_MEASURE(1.E-8),#12358,
'DISTANCE_ACCURACY_VALUE','Maximum Tolerance applied to model');
#12342=UNCERTAINTY_MEASURE_WITH_UNIT(LENGTH_MEASURE(2.00000000000069E-5),
#12358,'DISTANCE_ACCURACY_VALUE','Maximum Tolerance applied to model');
#12343=UNCERTAINTY_MEASURE_WITH_UNIT(LENGTH_MEASURE(1.E-8),#12358,
'DISTANCE_ACCURACY_VALUE','Maximum Tolerance applied to model');
#12344=UNCERTAINTY_MEASURE_WITH_UNIT(LENGTH_MEASURE(1.E-8),#12358,
'DISTANCE_ACCURACY_VALUE','Maximum Tolerance applied to model');
#12345=UNCERTAINTY_MEASURE_WITH_UNIT(LENGTH_MEASURE(1.E-8),#12358,
'DISTANCE_ACCURACY_VALUE','Maximum Tolerance applied to model');
#12346=UNCERTAINTY_MEASURE_WITH_UNIT(LENGTH_MEASURE(1.E-8),#12358,
'DISTANCE_ACCURACY_VALUE','Maximum Tolerance applied to model');
#12347=UNCERTAINTY_MEASURE_WITH_UNIT(LENGTH_MEASURE(1.E-8),#12358,
'DISTANCE_ACCURACY_VALUE','Maximum Tolerance applied to model');
#12348=UNCERTAINTY_MEASURE_WITH_UNIT(LENGTH_MEASURE(1.E-8),#12358,
'DISTANCE_ACCURACY_VALUE','Maximum Tolerance applied to model');
#12349=UNCERTAINTY_MEASURE_WITH_UNIT(LENGTH_MEASURE(1.E-8),#12358,
'DISTANCE_ACCURACY_VALUE','Maximum Tolerance applied to model');
#12350=UNCERTAINTY_MEASURE_WITH_UNIT(LENGTH_MEASURE(1.E-8),#12358,
'DISTANCE_ACCURACY_VALUE','Maximum Tolerance applied to model');
#12351=UNCERTAINTY_MEASURE_WITH_UNIT(LENGTH_MEASURE(1.E-8),#12358,
'DISTANCE_ACCURACY_VALUE','Maximum Tolerance applied to model');
#12352=UNCERTAINTY_MEASURE_WITH_UNIT(LENGTH_MEASURE(1.E-8),#12358,
'DISTANCE_ACCURACY_VALUE','Maximum Tolerance applied to model');
#12353=UNCERTAINTY_MEASURE_WITH_UNIT(LENGTH_MEASURE(1.E-8),#12358,
'DISTANCE_ACCURACY_VALUE','Maximum Tolerance applied to model');
#12354=UNCERTAINTY_MEASURE_WITH_UNIT(LENGTH_MEASURE(1.E-8),#12358,
'DISTANCE_ACCURACY_VALUE','Maximum Tolerance applied to model');
#12355=UNCERTAINTY_MEASURE_WITH_UNIT(LENGTH_MEASURE(1.E-8),#12358,
'DISTANCE_ACCURACY_VALUE','Maximum Tolerance applied to model');
#12356=(
NAMED_UNIT(*)
SI_UNIT($,.STERADIAN.)
SOLID_ANGLE_UNIT()
);
#12357=(
NAMED_UNIT(*)
PLANE_ANGLE_UNIT()
SI_UNIT($,.RADIAN.)
);
#12358=(
LENGTH_UNIT()
NAMED_UNIT(*)
SI_UNIT($,.METRE.)
);
#12359=PRODUCT_DEFINITION_SHAPE('','',#12477);
#12360=PRODUCT_DEFINITION_SHAPE('','',#12478);
#12361=PRODUCT_DEFINITION_SHAPE(' ','NAUO PRDDFN',#1169);
#12362=PRODUCT_DEFINITION_SHAPE('','',#12479);
#12363=PRODUCT_DEFINITION_SHAPE(' ','NAUO PRDDFN',#1170);
#12364=PRODUCT_DEFINITION_SHAPE('','',#12480);
#12365=PRODUCT_DEFINITION_SHAPE(' ','NAUO PRDDFN',#1171);
#12366=PRODUCT_DEFINITION_SHAPE('','',#12481);
#12367=PRODUCT_DEFINITION_SHAPE(' ','NAUO PRDDFN',#1172);
#12368=PRODUCT_DEFINITION_SHAPE('','',#12482);
#12369=PRODUCT_DEFINITION_SHAPE(' ','NAUO PRDDFN',#1173);
#12370=PRODUCT_DEFINITION_SHAPE('','',#12483);
#12371=PRODUCT_DEFINITION_SHAPE(' ','NAUO PRDDFN',#1174);
#12372=PRODUCT_DEFINITION_SHAPE('','',#12484);
#12373=PRODUCT_DEFINITION_SHAPE(' ','NAUO PRDDFN',#1175);
#12374=PRODUCT_DEFINITION_SHAPE('','',#12485);
#12375=PRODUCT_DEFINITION_SHAPE(' ','NAUO PRDDFN',#1176);
#12376=PRODUCT_DEFINITION_SHAPE('','',#12486);
#12377=PRODUCT_DEFINITION_SHAPE(' ','NAUO PRDDFN',#1177);
#12378=PRODUCT_DEFINITION_SHAPE(' ','NAUO PRDDFN',#1178);
#12379=PRODUCT_DEFINITION_SHAPE(' ','NAUO PRDDFN',#1179);
#12380=PRODUCT_DEFINITION_SHAPE(' ','NAUO PRDDFN',#1180);
#12381=PRODUCT_DEFINITION_SHAPE('','',#12487);
#12382=PRODUCT_DEFINITION_SHAPE(' ','NAUO PRDDFN',#1181);
#12383=PRODUCT_DEFINITION_SHAPE('','',#12488);
#12384=PRODUCT_DEFINITION_SHAPE(' ','NAUO PRDDFN',#1182);
#12385=PRODUCT_DEFINITION_SHAPE('','',#12489);
#12386=PRODUCT_DEFINITION_SHAPE(' ','NAUO PRDDFN',#1183);
#12387=PRODUCT_DEFINITION_SHAPE('','',#12490);
#12388=PRODUCT_DEFINITION_SHAPE(' ','NAUO PRDDFN',#1184);
#12389=PRODUCT_DEFINITION_SHAPE('','',#12491);
#12390=PRODUCT_DEFINITION_SHAPE(' ','NAUO PRDDFN',#1185);
#12391=PRODUCT_DEFINITION_SHAPE(' ','NAUO PRDDFN',#1186);
#12392=PRODUCT_DEFINITION_SHAPE(' ','NAUO PRDDFN',#1187);
#12393=PRODUCT_DEFINITION_SHAPE(' ','NAUO PRDDFN',#1188);
#12394=PRODUCT_DEFINITION_SHAPE(' ','NAUO PRDDFN',#1189);
#12395=PRODUCT_DEFINITION_SHAPE('','',#12492);
#12396=PRODUCT_DEFINITION_SHAPE(' ','NAUO PRDDFN',#1190);
#12397=PRODUCT_DEFINITION_SHAPE(' ','NAUO PRDDFN',#1191);
#12398=PRODUCT_DEFINITION_SHAPE(' ','NAUO PRDDFN',#1192);
#12399=PRODUCT_DEFINITION_SHAPE(' ','NAUO PRDDFN',#1193);
#12400=PRODUCT_DEFINITION_SHAPE(' ','NAUO PRDDFN',#1194);
#12401=PRODUCT_DEFINITION_SHAPE('','',#12493);
#12402=PRODUCT_DEFINITION_SHAPE(' ','NAUO PRDDFN',#1195);
#12403=PRODUCT_DEFINITION_SHAPE(' ','NAUO PRDDFN',#1196);
#12404=PRODUCT_DEFINITION_SHAPE(' ','NAUO PRDDFN',#1197);
#12405=PRODUCT_DEFINITION_SHAPE(' ','NAUO PRDDFN',#1198);
#12406=PRODUCT_DEFINITION_SHAPE(' ','NAUO PRDDFN',#1199);
#12407=PRODUCT_DEFINITION_SHAPE(' ','NAUO PRDDFN',#1200);
#12408=PRODUCT_DEFINITION_SHAPE(' ','NAUO PRDDFN',#1201);
#12409=PRODUCT_DEFINITION_SHAPE(' ','NAUO PRDDFN',#1202);
#12410=PRODUCT_DEFINITION_SHAPE(' ','NAUO PRDDFN',#1203);
#12411=PRODUCT_DEFINITION_SHAPE(' ','NAUO PRDDFN',#1204);
#12412=PRODUCT_DEFINITION_SHAPE('','',#12494);
#12413=PRODUCT_DEFINITION_SHAPE(' ','NAUO PRDDFN',#1205);
#12414=PRODUCT_DEFINITION_SHAPE(' ','NAUO PRDDFN',#1206);
#12415=PRODUCT_DEFINITION_SHAPE(' ','NAUO PRDDFN',#1207);
#12416=PRODUCT_DEFINITION_SHAPE(' ','NAUO PRDDFN',#1208);
#12417=PRODUCT_DEFINITION_SHAPE(' ','NAUO PRDDFN',#1209);
#12418=PRODUCT_DEFINITION_SHAPE(' ','NAUO PRDDFN',#1210);
#12419=PRODUCT_DEFINITION_SHAPE(' ','NAUO PRDDFN',#1211);
#12420=PRODUCT_DEFINITION_SHAPE(' ','NAUO PRDDFN',#1212);
#12421=PRODUCT_DEFINITION_SHAPE(' ','NAUO PRDDFN',#1213);
#12422=PRODUCT_DEFINITION_SHAPE(' ','NAUO PRDDFN',#1214);
#12423=PRODUCT_DEFINITION_SHAPE(' ','NAUO PRDDFN',#1215);
#12424=PRODUCT_DEFINITION_SHAPE(' ','NAUO PRDDFN',#1216);
#12425=PRODUCT_DEFINITION_SHAPE(' ','NAUO PRDDFN',#1217);
#12426=PRODUCT_DEFINITION_SHAPE(' ','NAUO PRDDFN',#1218);
#12427=PRODUCT_DEFINITION_SHAPE(' ','NAUO PRDDFN',#1219);
#12428=PRODUCT_DEFINITION_SHAPE(' ','NAUO PRDDFN',#1220);
#12429=PRODUCT_DEFINITION_SHAPE(' ','NAUO PRDDFN',#1221);
#12430=PRODUCT_DEFINITION_SHAPE(' ','NAUO PRDDFN',#1222);
#12431=PRODUCT_DEFINITION_SHAPE(' ','NAUO PRDDFN',#1223);
#12432=PRODUCT_DEFINITION_SHAPE(' ','NAUO PRDDFN',#1224);
#12433=PRODUCT_DEFINITION_SHAPE(' ','NAUO PRDDFN',#1225);
#12434=PRODUCT_DEFINITION_SHAPE(' ','NAUO PRDDFN',#1226);
#12435=PRODUCT_DEFINITION_SHAPE(' ','NAUO PRDDFN',#1227);
#12436=PRODUCT_DEFINITION_SHAPE(' ','NAUO PRDDFN',#1228);
#12437=PRODUCT_DEFINITION_SHAPE(' ','NAUO PRDDFN',#1229);
#12438=PRODUCT_DEFINITION_SHAPE(' ','NAUO PRDDFN',#1230);
#12439=PRODUCT_DEFINITION_SHAPE(' ','NAUO PRDDFN',#1231);
#12440=PRODUCT_DEFINITION_SHAPE(' ','NAUO PRDDFN',#1232);
#12441=PRODUCT_DEFINITION_SHAPE('','',#12495);
#12442=PRODUCT_DEFINITION_SHAPE(' ','NAUO PRDDFN',#1233);
#12443=PRODUCT_DEFINITION_SHAPE(' ','NAUO PRDDFN',#1234);
#12444=PRODUCT_DEFINITION_SHAPE(' ','NAUO PRDDFN',#1235);
#12445=PRODUCT_DEFINITION_SHAPE(' ','NAUO PRDDFN',#1236);
#12446=PRODUCT_DEFINITION_SHAPE(' ','NAUO PRDDFN',#1237);
#12447=PRODUCT_DEFINITION_SHAPE(' ','NAUO PRDDFN',#1238);
#12448=PRODUCT_DEFINITION_SHAPE(' ','NAUO PRDDFN',#1239);
#12449=PRODUCT_DEFINITION_SHAPE(' ','NAUO PRDDFN',#1240);
#12450=PRODUCT_DEFINITION_SHAPE(' ','NAUO PRDDFN',#1241);
#12451=PRODUCT_DEFINITION_SHAPE(' ','NAUO PRDDFN',#1242);
#12452=PRODUCT_DEFINITION_SHAPE(' ','NAUO PRDDFN',#1243);
#12453=PRODUCT_DEFINITION_SHAPE(' ','NAUO PRDDFN',#1244);
#12454=PRODUCT_DEFINITION_SHAPE(' ','NAUO PRDDFN',#1245);
#12455=PRODUCT_DEFINITION_SHAPE(' ','NAUO PRDDFN',#1246);
#12456=PRODUCT_DEFINITION_SHAPE(' ','NAUO PRDDFN',#1247);
#12457=PRODUCT_DEFINITION_SHAPE(' ','NAUO PRDDFN',#1248);
#12458=PRODUCT_DEFINITION_SHAPE(' ','NAUO PRDDFN',#1249);
#12459=PRODUCT_DEFINITION_SHAPE(' ','NAUO PRDDFN',#1250);
#12460=PRODUCT_DEFINITION_SHAPE(' ','NAUO PRDDFN',#1251);
#12461=PRODUCT_DEFINITION_SHAPE(' ','NAUO PRDDFN',#1252);
#12462=PRODUCT_DEFINITION_SHAPE(' ','NAUO PRDDFN',#1253);
#12463=PRODUCT_DEFINITION_SHAPE(' ','NAUO PRDDFN',#1254);
#12464=PRODUCT_DEFINITION_SHAPE('','',#12496);
#12465=PRODUCT_DEFINITION_SHAPE(' ','NAUO PRDDFN',#1255);
#12466=PRODUCT_DEFINITION_SHAPE(' ','NAUO PRDDFN',#1256);
#12467=PRODUCT_DEFINITION_SHAPE(' ','NAUO PRDDFN',#1257);
#12468=PRODUCT_DEFINITION_SHAPE(' ','NAUO PRDDFN',#1258);
#12469=PRODUCT_DEFINITION_SHAPE(' ','NAUO PRDDFN',#1259);
#12470=PRODUCT_DEFINITION_SHAPE(' ','NAUO PRDDFN',#1260);
#12471=PRODUCT_DEFINITION_SHAPE(' ','NAUO PRDDFN',#1261);
#12472=PRODUCT_DEFINITION_SHAPE(' ','NAUO PRDDFN',#1262);
#12473=PRODUCT_DEFINITION_SHAPE(' ','NAUO PRDDFN',#1263);
#12474=PRODUCT_DEFINITION_SHAPE(' ','NAUO PRDDFN',#1264);
#12475=PRODUCT_DEFINITION_SHAPE(' ','NAUO PRDDFN',#1265);
#12476=PRODUCT_DEFINITION_SHAPE(' ','NAUO PRDDFN',#1266);
#12477=PRODUCT_DEFINITION('','',#12517,#12497);
#12478=PRODUCT_DEFINITION('','',#12518,#12498);
#12479=PRODUCT_DEFINITION('','',#12519,#12499);
#12480=PRODUCT_DEFINITION('','',#12520,#12500);
#12481=PRODUCT_DEFINITION('','',#12521,#12501);
#12482=PRODUCT_DEFINITION('','',#12522,#12502);
#12483=PRODUCT_DEFINITION('','',#12523,#12503);
#12484=PRODUCT_DEFINITION('','',#12524,#12504);
#12485=PRODUCT_DEFINITION('','',#12525,#12505);
#12486=PRODUCT_DEFINITION('','',#12526,#12506);
#12487=PRODUCT_DEFINITION('','',#12527,#12507);
#12488=PRODUCT_DEFINITION('','',#12528,#12508);
#12489=PRODUCT_DEFINITION('','',#12529,#12509);
#12490=PRODUCT_DEFINITION('','',#12530,#12510);
#12491=PRODUCT_DEFINITION('','',#12531,#12511);
#12492=PRODUCT_DEFINITION('','',#12532,#12512);
#12493=PRODUCT_DEFINITION('','',#12533,#12513);
#12494=PRODUCT_DEFINITION('','',#12534,#12514);
#12495=PRODUCT_DEFINITION('','',#12535,#12515);
#12496=PRODUCT_DEFINITION('','',#12536,#12516);
#12497=PRODUCT_DEFINITION_CONTEXT('',#12618,'design');
#12498=PRODUCT_DEFINITION_CONTEXT('',#12618,'design');
#12499=PRODUCT_DEFINITION_CONTEXT('',#12618,'design');
#12500=PRODUCT_DEFINITION_CONTEXT('',#12618,'design');
#12501=PRODUCT_DEFINITION_CONTEXT('',#12618,'design');
#12502=PRODUCT_DEFINITION_CONTEXT('',#12618,'design');
#12503=PRODUCT_DEFINITION_CONTEXT('',#12618,'design');
#12504=PRODUCT_DEFINITION_CONTEXT('',#12618,'design');
#12505=PRODUCT_DEFINITION_CONTEXT('',#12618,'design');
#12506=PRODUCT_DEFINITION_CONTEXT('',#12618,'design');
#12507=PRODUCT_DEFINITION_CONTEXT('',#12618,'design');
#12508=PRODUCT_DEFINITION_CONTEXT('',#12618,'design');
#12509=PRODUCT_DEFINITION_CONTEXT('',#12618,'design');
#12510=PRODUCT_DEFINITION_CONTEXT('',#12618,'design');
#12511=PRODUCT_DEFINITION_CONTEXT('',#12618,'design');
#12512=PRODUCT_DEFINITION_CONTEXT('',#12618,'design');
#12513=PRODUCT_DEFINITION_CONTEXT('',#12618,'design');
#12514=PRODUCT_DEFINITION_CONTEXT('',#12618,'design');
#12515=PRODUCT_DEFINITION_CONTEXT('',#12618,'design');
#12516=PRODUCT_DEFINITION_CONTEXT('',#12618,'design');
#12517=PRODUCT_DEFINITION_FORMATION_WITH_SPECIFIED_SOURCE('','',#12557,
 .NOT_KNOWN.);
#12518=PRODUCT_DEFINITION_FORMATION_WITH_SPECIFIED_SOURCE('','',#12558,
 .NOT_KNOWN.);
#12519=PRODUCT_DEFINITION_FORMATION_WITH_SPECIFIED_SOURCE('','',#12559,
 .NOT_KNOWN.);
#12520=PRODUCT_DEFINITION_FORMATION_WITH_SPECIFIED_SOURCE('','',#12560,
 .NOT_KNOWN.);
#12521=PRODUCT_DEFINITION_FORMATION_WITH_SPECIFIED_SOURCE('','',#12561,
 .NOT_KNOWN.);
#12522=PRODUCT_DEFINITION_FORMATION_WITH_SPECIFIED_SOURCE('','',#12562,
 .NOT_KNOWN.);
#12523=PRODUCT_DEFINITION_FORMATION_WITH_SPECIFIED_SOURCE('','',#12563,
 .NOT_KNOWN.);
#12524=PRODUCT_DEFINITION_FORMATION_WITH_SPECIFIED_SOURCE('','',#12564,
 .NOT_KNOWN.);
#12525=PRODUCT_DEFINITION_FORMATION_WITH_SPECIFIED_SOURCE('','',#12565,
 .NOT_KNOWN.);
#12526=PRODUCT_DEFINITION_FORMATION_WITH_SPECIFIED_SOURCE('','',#12566,
 .NOT_KNOWN.);
#12527=PRODUCT_DEFINITION_FORMATION_WITH_SPECIFIED_SOURCE('','',#12567,
 .NOT_KNOWN.);
#12528=PRODUCT_DEFINITION_FORMATION_WITH_SPECIFIED_SOURCE('','',#12568,
 .NOT_KNOWN.);
#12529=PRODUCT_DEFINITION_FORMATION_WITH_SPECIFIED_SOURCE('','',#12569,
 .NOT_KNOWN.);
#12530=PRODUCT_DEFINITION_FORMATION_WITH_SPECIFIED_SOURCE('','',#12570,
 .NOT_KNOWN.);
#12531=PRODUCT_DEFINITION_FORMATION_WITH_SPECIFIED_SOURCE('','',#12571,
 .NOT_KNOWN.);
#12532=PRODUCT_DEFINITION_FORMATION_WITH_SPECIFIED_SOURCE('','',#12572,
 .NOT_KNOWN.);
#12533=PRODUCT_DEFINITION_FORMATION_WITH_SPECIFIED_SOURCE('','',#12573,
 .NOT_KNOWN.);
#12534=PRODUCT_DEFINITION_FORMATION_WITH_SPECIFIED_SOURCE('','',#12574,
 .NOT_KNOWN.);
#12535=PRODUCT_DEFINITION_FORMATION_WITH_SPECIFIED_SOURCE('','',#12575,
 .NOT_KNOWN.);
#12536=PRODUCT_DEFINITION_FORMATION_WITH_SPECIFIED_SOURCE('','',#12576,
 .NOT_KNOWN.);
#12537=PRODUCT_RELATED_PRODUCT_CATEGORY('','',(#12557));
#12538=PRODUCT_RELATED_PRODUCT_CATEGORY('','',(#12558));
#12539=PRODUCT_RELATED_PRODUCT_CATEGORY('','',(#12559));
#12540=PRODUCT_RELATED_PRODUCT_CATEGORY('','',(#12560));
#12541=PRODUCT_RELATED_PRODUCT_CATEGORY('','',(#12561));
#12542=PRODUCT_RELATED_PRODUCT_CATEGORY('','',(#12562));
#12543=PRODUCT_RELATED_PRODUCT_CATEGORY('','',(#12563));
#12544=PRODUCT_RELATED_PRODUCT_CATEGORY('','',(#12564));
#12545=PRODUCT_RELATED_PRODUCT_CATEGORY('','',(#12565));
#12546=PRODUCT_RELATED_PRODUCT_CATEGORY('','',(#12566));
#12547=PRODUCT_RELATED_PRODUCT_CATEGORY('','',(#12567));
#12548=PRODUCT_RELATED_PRODUCT_CATEGORY('','',(#12568));
#12549=PRODUCT_RELATED_PRODUCT_CATEGORY('','',(#12569));
#12550=PRODUCT_RELATED_PRODUCT_CATEGORY('','',(#12570));
#12551=PRODUCT_RELATED_PRODUCT_CATEGORY('','',(#12571));
#12552=PRODUCT_RELATED_PRODUCT_CATEGORY('','',(#12572));
#12553=PRODUCT_RELATED_PRODUCT_CATEGORY('','',(#12573));
#12554=PRODUCT_RELATED_PRODUCT_CATEGORY('','',(#12574));
#12555=PRODUCT_RELATED_PRODUCT_CATEGORY('','',(#12575));
#12556=PRODUCT_RELATED_PRODUCT_CATEGORY('','',(#12576));
#12557=PRODUCT('Drone Frame','Drone Frame','Drone Frame',(#12597));
#12558=PRODUCT('Part 1','Part 1','Part 1',(#12598));
#12559=PRODUCT('Part 1','Part 1','Part 1',(#12599));
#12560=PRODUCT('Part 1','Part 1','Part 1',(#12600));
#12561=PRODUCT('Part 1','Part 1','Part 1',(#12601));
#12562=PRODUCT('Part 1','Part 1','Part 1',(#12602));
#12563=PRODUCT('Part 1','Part 1','Part 1',(#12603));
#12564=PRODUCT('Part 1','Part 1','Part 1',(#12604));
#12565=PRODUCT('Part 1','Part 1','Part 1',(#12605));
#12566=PRODUCT('Part 1','Part 1','Part 1',(#12606));
#12567=PRODUCT('Part 1','Part 1','Part 1',(#12607));
#12568=PRODUCT('Part 1','Part 1','Part 1',(#12608));
#12569=PRODUCT('Part 1','Part 1','Part 1',(#12609));
#12570=PRODUCT('Part 1','Part 1','Part 1',(#12610));
#12571=PRODUCT('Part 1','Part 1','Part 1',(#12611));
#12572=PRODUCT('Part 1','Part 1','Part 1',(#12612));
#12573=PRODUCT('Part 1','Part 1','Part 1',(#12613));
#12574=PRODUCT('Part 1','Part 1','Part 1',(#12614));
#12575=PRODUCT('Part 1','Part 1','Part 1',(#12615));
#12576=PRODUCT('Part 1','Part 1','Part 1',(#12616));
#12577=PRODUCT_CATEGORY('','');
#12578=PRODUCT_CATEGORY('','');
#12579=PRODUCT_CATEGORY('','');
#12580=PRODUCT_CATEGORY('','');
#12581=PRODUCT_CATEGORY('','');
#12582=PRODUCT_CATEGORY('','');
#12583=PRODUCT_CATEGORY('','');
#12584=PRODUCT_CATEGORY('','');
#12585=PRODUCT_CATEGORY('','');
#12586=PRODUCT_CATEGORY('','');
#12587=PRODUCT_CATEGORY('','');
#12588=PRODUCT_CATEGORY('','');
#12589=PRODUCT_CATEGORY('','');
#12590=PRODUCT_CATEGORY('','');
#12591=PRODUCT_CATEGORY('','');
#12592=PRODUCT_CATEGORY('','');
#12593=PRODUCT_CATEGORY('','');
#12594=PRODUCT_CATEGORY('','');
#12595=PRODUCT_CATEGORY('','');
#12596=PRODUCT_CATEGORY('','');
#12597=PRODUCT_CONTEXT('',#12618,'mechanical');
#12598=PRODUCT_CONTEXT('',#12618,'mechanical');
#12599=PRODUCT_CONTEXT('',#12618,'mechanical');
#12600=PRODUCT_CONTEXT('',#12618,'mechanical');
#12601=PRODUCT_CONTEXT('',#12618,'mechanical');
#12602=PRODUCT_CONTEXT('',#12618,'mechanical');
#12603=PRODUCT_CONTEXT('',#12618,'mechanical');
#12604=PRODUCT_CONTEXT('',#12618,'mechanical');
#12605=PRODUCT_CONTEXT('',#12618,'mechanical');
#12606=PRODUCT_CONTEXT('',#12618,'mechanical');
#12607=PRODUCT_CONTEXT('',#12618,'mechanical');
#12608=PRODUCT_CONTEXT('',#12618,'mechanical');
#12609=PRODUCT_CONTEXT('',#12618,'mechanical');
#12610=PRODUCT_CONTEXT('',#12618,'mechanical');
#12611=PRODUCT_CONTEXT('',#12618,'mechanical');
#12612=PRODUCT_CONTEXT('',#12618,'mechanical');
#12613=PRODUCT_CONTEXT('',#12618,'mechanical');
#12614=PRODUCT_CONTEXT('',#12618,'mechanical');
#12615=PRODUCT_CONTEXT('',#12618,'mechanical');
#12616=PRODUCT_CONTEXT('',#12618,'mechanical');
#12617=APPLICATION_PROTOCOL_DEFINITION('international standard',
'ap242_managed_model_based_3d_engineering',2020,#12618);
#12618=APPLICATION_CONTEXT('managed model based 3d engineering');
ENDSEC;
END-ISO-10303-21;
